Date,Dow Jones U.S. Thematic Long Size Total Return Index
2011-11-30,946.19
2011-12-01,941.26
2011-12-02,943.39
2011-12-03,943.39
2011-12-04,943.39
2011-12-05,959.23
2011-12-06,957.77
2011-12-07,955.56
2011-12-08,927.63
2011-12-09,950.71
2011-12-10,950.71
2011-12-11,950.71
2011-12-12,933.28
2011-12-13,915.05
2011-12-14,900.21
2011-12-15,905.64
2011-12-16,913.33
2011-12-17,913.33
2011-12-18,913.33
2011-12-19,895.35
2011-12-20,930.14
2011-12-21,935.72
2011-12-22,945.86
2011-12-23,951.8
2011-12-24,951.8
2011-12-25,951.8
2011-12-26,951.8
2011-12-27,953.93
2011-12-28,936.55
2011-12-29,949.23
2011-12-30,946.16
2011-12-31,946.16
2012-01-01,946.16
2012-01-02,946.16
2012-01-03,957.58
2012-01-04,954.13
2012-01-05,961.15
2012-01-06,960.67
2012-01-07,960.67
2012-01-08,960.67
2012-01-09,965.63
2012-01-10,980.22
2012-01-11,982.16
2012-01-12,983.61
2012-01-13,972.99
2012-01-14,972.99
2012-01-15,972.99
2012-01-16,972.99
2012-01-17,973.67
2012-01-18,990.78
2012-01-19,997.85
2012-01-20,995.76
2012-01-21,995.76
2012-01-22,995.76
2012-01-23,995.55
2012-01-24,1000.55
2012-01-25,1013.25
2012-01-26,1006.89
2012-01-27,1017.6
2012-01-28,1017.6
2012-01-29,1017.6
2012-01-30,1008.23
2012-01-31,1006.93
2012-02-01,1025.52
2012-02-02,1029.01
2012-02-03,1051.58
2012-02-04,1051.58
2012-02-05,1051.58
2012-02-06,1049.21
2012-02-07,1050.96
2012-02-08,1054.15
2012-02-09,1053.32
2012-02-10,1042.26
2012-02-11,1042.26
2012-02-12,1042.26
2012-02-13,1054.63
2012-02-14,1051.36
2012-02-15,1048.16
2012-02-16,1066.52
2012-02-17,1065.56
2012-02-18,1065.56
2012-02-19,1065.56
2012-02-20,1065.56
2012-02-21,1061.6
2012-02-22,1057.11
2012-02-23,1067.78
2012-02-24,1067.2
2012-02-25,1067.2
2012-02-26,1067.2
2012-02-27,1067.25
2012-02-28,1065.09
2012-02-29,1056.27
2012-03-01,1063.67
2012-03-02,1052.05
2012-03-03,1052.05
2012-03-04,1052.05
2012-03-05,1047.48
2012-03-06,1025.46
2012-03-07,1034.29
2012-03-08,1046.65
2012-03-09,1060.44
2012-03-10,1060.44
2012-03-11,1060.44
2012-03-12,1054.67
2012-03-13,1075.99
2012-03-14,1067.43
2012-03-15,1078.85
2012-03-16,1079.51
2012-03-17,1079.51
2012-03-18,1079.51
2012-03-19,1084.04
2012-03-20,1074
2012-03-21,1073.63
2012-03-22,1059.39
2012-03-23,1066.88
2012-03-24,1066.88
2012-03-25,1066.88
2012-03-26,1083.76
2012-03-27,1077.73
2012-03-28,1070.15
2012-03-29,1068.83
2012-03-30,1068.3
2012-03-31,1068.3
2012-04-01,1068.3
2012-04-02,1077.25
2012-04-03,1076.53
2012-04-04,1058.88
2012-04-05,1054.06
2012-04-06,1054.06
2012-04-07,1054.06
2012-04-08,1054.06
2012-04-09,1039.98
2012-04-10,1013.97
2012-04-11,1026.91
2012-04-12,1048.34
2012-04-13,1032.94
2012-04-14,1032.94
2012-04-15,1032.94
2012-04-16,1032.55
2012-04-17,1048.68
2012-04-18,1041.73
2012-04-19,1044.15
2012-04-20,1048.41
2012-04-21,1048.41
2012-04-22,1048.41
2012-04-23,1036.28
2012-04-24,1039.78
2012-04-25,1059.42
2012-04-26,1069.62
2012-04-27,1075.24
2012-04-28,1075.24
2012-04-29,1075.24
2012-04-30,1066.82
2012-05-01,1071.51
2012-05-02,1073.11
2012-05-03,1056.27
2012-05-04,1039.44
2012-05-05,1039.44
2012-05-06,1039.44
2012-05-07,1038.74
2012-05-08,1033.61
2012-05-09,1029.77
2012-05-10,1029.99
2012-05-11,1030.23
2012-05-12,1030.23
2012-05-13,1030.23
2012-05-14,1016.79
2012-05-15,1011.65
2012-05-16,1003.78
2012-05-17,978.02
2012-05-18,966.07
2012-05-19,966.07
2012-05-20,966.07
2012-05-21,988.48
2012-05-22,987.62
2012-05-23,994.46
2012-05-24,995.34
2012-05-25,995.6
2012-05-26,995.6
2012-05-27,995.6
2012-05-28,995.6
2012-05-29,1011.44
2012-05-30,989.81
2012-05-31,986.23
2012-06-01,955.61
2012-06-02,955.61
2012-06-03,955.61
2012-06-04,951.07
2012-06-05,964.49
2012-06-06,991.25
2012-06-07,986
2012-06-08,994.22
2012-06-09,994.22
2012-06-10,994.22
2012-06-11,971.89
2012-06-12,984.04
2012-06-13,970.86
2012-06-14,979.54
2012-06-15,990.48
2012-06-16,990.48
2012-06-17,990.48
2012-06-18,994.57
2012-06-19,1009.95
2012-06-20,1007.87
2012-06-21,979.37
2012-06-22,987.98
2012-06-23,987.98
2012-06-24,987.98
2012-06-25,969.99
2012-06-26,974.06
2012-06-27,988.28
2012-06-28,993.71
2012-06-29,1022.53
2012-06-30,1022.53
2012-07-01,1022.53
2012-07-02,1029.44
2012-07-03,1042.73
2012-07-04,1042.73
2012-07-05,1040.89
2012-07-06,1026.13
2012-07-07,1026.13
2012-07-08,1026.13
2012-07-09,1020.66
2012-07-10,1008.91
2012-07-11,1005.38
2012-07-12,1001.24
2012-07-13,1017.28
2012-07-14,1017.28
2012-07-15,1017.28
2012-07-16,1011.36
2012-07-17,1016.94
2012-07-18,1025.85
2012-07-19,1025.4
2012-07-20,1012.43
2012-07-21,1012.43
2012-07-22,1012.43
2012-07-23,996.13
2012-07-24,980.64
2012-07-25,979.38
2012-07-26,994.35
2012-07-27,1019.95
2012-07-28,1019.95
2012-07-29,1019.95
2012-07-30,1017.82
2012-07-31,1012.99
2012-08-01,1000.07
2012-08-02,992.17
2012-08-03,1010.84
2012-08-04,1010.84
2012-08-05,1010.84
2012-08-06,1019.8
2012-08-07,1032.63
2012-08-08,1036.35
2012-08-09,1043.79
2012-08-10,1043.31
2012-08-11,1043.31
2012-08-12,1043.31
2012-08-13,1040.35
2012-08-14,1037.98
2012-08-15,1046.22
2012-08-16,1055.75
2012-08-17,1062.04
2012-08-18,1062.04
2012-08-19,1062.04
2012-08-20,1058.02
2012-08-21,1058.51
2012-08-22,1054.78
2012-08-23,1044.97
2012-08-24,1048.36
2012-08-25,1048.36
2012-08-26,1048.36
2012-08-27,1047.28
2012-08-28,1051.71
2012-08-29,1055.79
2012-08-30,1048.6
2012-08-31,1053.57
2012-09-01,1053.57
2012-09-02,1053.57
2012-09-03,1053.57
2012-09-04,1063.68
2012-09-05,1063.25
2012-09-06,1085.6
2012-09-07,1095.1
2012-09-08,1095.1
2012-09-09,1095.1
2012-09-10,1090.95
2012-09-11,1094.67
2012-09-12,1098.02
2012-09-13,1110.87
2012-09-14,1126.78
2012-09-15,1126.78
2012-09-16,1126.78
2012-09-17,1114.24
2012-09-18,1107.71
2012-09-19,1106.11
2012-09-20,1096.8
2012-09-21,1096.93
2012-09-22,1096.93
2012-09-23,1096.93
2012-09-24,1087.99
2012-09-25,1067.9
2012-09-26,1063.12
2012-09-27,1075.7
2012-09-28,1070.27
2012-09-29,1070.27
2012-09-30,1070.27
2012-10-01,1071.13
2012-10-02,1074.04
2012-10-03,1071.61
2012-10-04,1081.61
2012-10-05,1081.51
2012-10-06,1081.51
2012-10-07,1081.51
2012-10-08,1079.64
2012-10-09,1069.55
2012-10-10,1065.03
2012-10-11,1072
2012-10-12,1064.14
2012-10-13,1064.14
2012-10-14,1064.14
2012-10-15,1071.6
2012-10-16,1082.68
2012-10-17,1092.44
2012-10-18,1090.11
2012-10-19,1071.72
2012-10-20,1071.72
2012-10-21,1071.72
2012-10-22,1071.09
2012-10-23,1063.54
2012-10-24,1057.04
2012-10-25,1064.7
2012-10-26,1058.57
2012-10-27,1058.57
2012-10-28,1058.57
2012-10-29,1058.57
2012-10-30,1058.57
2012-10-31,1066.47
2012-11-01,1088.42
2012-11-02,1072.93
2012-11-03,1072.93
2012-11-04,1072.93
2012-11-05,1079.75
2012-11-06,1088.88
2012-11-07,1063.71
2012-11-08,1047.61
2012-11-09,1050.08
2012-11-10,1050.08
2012-11-11,1050.08
2012-11-12,1050.94
2012-11-13,1045.42
2012-11-14,1027.28
2012-11-15,1025.57
2012-11-16,1033
2012-11-17,1033
2012-11-18,1033
2012-11-19,1053.82
2012-11-20,1055.13
2012-11-21,1061.5
2012-11-22,1061.5
2012-11-23,1074.39
2012-11-24,1074.39
2012-11-25,1074.39
2012-11-26,1072.62
2012-11-27,1068.77
2012-11-28,1074.72
2012-11-29,1083.8
2012-11-30,1083.07
2012-12-01,1083.07
2012-12-02,1083.07
2012-12-03,1080.98
2012-12-04,1082.44
2012-12-05,1087.86
2012-12-06,1090.97
2012-12-07,1092.9
2012-12-08,1092.9
2012-12-09,1092.9
2012-12-10,1098.59
2012-12-11,1107.39
2012-12-12,1103.99
2012-12-13,1097.54
2012-12-14,1094.58
2012-12-15,1094.58
2012-12-16,1094.58
2012-12-17,1107.72
2012-12-18,1126.34
2012-12-19,1125.66
2012-12-20,1130.03
2012-12-21,1120.34
2012-12-22,1120.34
2012-12-23,1120.34
2012-12-24,1116.16
2012-12-25,1116.16
2012-12-26,1108.87
2012-12-27,1107.87
2012-12-28,1099.49
2012-12-29,1099.49
2012-12-30,1099.49
2012-12-31,1121.91
2013-01-01,1121.91
2013-01-02,1151.82
2013-01-03,1153.16
2013-01-04,1164.65
2013-01-05,1164.65
2013-01-06,1164.65
2013-01-07,1160.58
2013-01-08,1154.12
2013-01-09,1157.53
2013-01-10,1162.02
2013-01-11,1161.2
2013-01-12,1161.2
2013-01-13,1161.2
2013-01-14,1160.56
2013-01-15,1168.87
2013-01-16,1166.22
2013-01-17,1177.25
2013-01-18,1181.46
2013-01-19,1181.46
2013-01-20,1181.46
2013-01-21,1181.46
2013-01-22,1191.37
2013-01-23,1187.45
2013-01-24,1191.58
2013-01-25,1203.55
2013-01-26,1203.55
2013-01-27,1203.55
2013-01-28,1202.21
2013-01-29,1201.05
2013-01-30,1193.4
2013-01-31,1198.55
2013-02-01,1207.35
2013-02-02,1207.35
2013-02-03,1207.35
2013-02-04,1194.88
2013-02-05,1206.72
2013-02-06,1212.27
2013-02-07,1213.59
2013-02-08,1222.46
2013-02-09,1222.46
2013-02-10,1222.46
2013-02-11,1220.18
2013-02-12,1226.11
2013-02-13,1228.08
2013-02-14,1232.96
2013-02-15,1230.85
2013-02-16,1230.85
2013-02-17,1230.85
2013-02-18,1230.85
2013-02-19,1240.9
2013-02-20,1216.83
2013-02-21,1205.91
2013-02-22,1216.52
2013-02-23,1216.52
2013-02-24,1216.52
2013-02-25,1191.71
2013-02-26,1196.54
2013-02-27,1213.34
2013-02-28,1217.1
2013-03-01,1215.13
2013-03-02,1215.13
2013-03-03,1215.13
2013-03-04,1216.82
2013-03-05,1232.96
2013-03-06,1236.78
2013-03-07,1242.51
2013-03-08,1254.8
2013-03-09,1254.8
2013-03-10,1254.8
2013-03-11,1258.2
2013-03-12,1257
2013-03-13,1264.41
2013-03-14,1273.23
2013-03-15,1273.71
2013-03-16,1273.71
2013-03-17,1273.71
2013-03-18,1265.89
2013-03-19,1261.72
2013-03-20,1273.62
2013-03-21,1262.58
2013-03-22,1266.02
2013-03-23,1266.02
2013-03-24,1266.02
2013-03-25,1263.13
2013-03-26,1271.37
2013-03-27,1274.49
2013-03-28,1277.39
2013-03-29,1277.39
2013-03-30,1277.39
2013-03-31,1277.39
2013-04-01,1264.34
2013-04-02,1257.48
2013-04-03,1237
2013-04-04,1245.2
2013-04-05,1242.27
2013-04-06,1242.27
2013-04-07,1242.27
2013-04-08,1257.59
2013-04-09,1262.3
2013-04-10,1278.82
2013-04-11,1283.11
2013-04-12,1276.71
2013-04-15,1234.48
2013-04-16,1253.13
2013-04-17,1231.59
2013-04-18,1223.6
2013-04-19,1234.57
2013-04-22,1238.17
2013-04-23,1253.82
2013-04-24,1262.51
2013-04-25,1272.32
2013-04-26,1269.24
2013-04-29,1278.42
2013-04-30,1284.93
2013-05-01,1261.84
2013-05-02,1274.48
2013-05-03,1291.03
2013-05-06,1301.85
2013-05-07,1313.62
2013-05-08,1322.5
2013-05-09,1317.43
2013-05-10,1329.07
2013-05-13,1324.37
2013-05-14,1338.91
2013-05-15,1342.94
2013-05-16,1337.15
2013-05-17,1353.9
2013-05-20,1359
2013-05-21,1361.85
2013-05-22,1339.44
2013-05-23,1341.47
2013-05-24,1335.99
2013-05-28,1349.33
2013-05-29,1339.3
2013-05-30,1348.25
2013-05-31,1335.35
2013-06-03,1334.07
2013-06-04,1325.11
2013-06-05,1306.67
2013-06-06,1319.28
2013-06-07,1333.81
2013-06-10,1335.38
2013-06-11,1319.03
2013-06-12,1310.08
2013-06-13,1334.18
2013-06-14,1325.37
2013-06-17,1331.4
2013-06-18,1343.88
2013-06-19,1325.7
2013-06-20,1292.02
2013-06-21,1291.25
2013-06-24,1274.99
2013-06-25,1290.66
2013-06-26,1299.76
2013-06-27,1320.35
2013-06-28,1318
2013-07-01,1333.03
2013-07-02,1331.19
2013-07-03,1330.8
2013-07-05,1348.07
2013-07-08,1352.22
2013-07-09,1365.92
2013-07-10,1369.76
2013-07-11,1387.98
2013-07-12,1392.05
2013-07-15,1396.71
2013-07-16,1390.92
2013-07-17,1397.41
2013-07-18,1411.55
2013-07-19,1411.11
2013-07-22,1414.47
2013-07-23,1414.24
2013-07-24,1402.3
2013-07-25,1408.5
2013-07-26,1401.44
2013-07-29,1395.88
2013-07-30,1402.06
2013-07-31,1405.21
2013-08-01,1427.57
2013-08-02,1425.07
2013-08-05,1427.68
2013-08-06,1411.58
2013-08-07,1403.56
2013-08-08,1414.95
2013-08-09,1418.18
2013-08-12,1422.99
2013-08-13,1421.77
2013-08-14,1415.36
2013-08-15,1390.81
2013-08-16,1384.06
2013-08-19,1370.94
2013-08-20,1387.86
2013-08-21,1380
2013-08-22,1395.77
2013-08-23,1401.65
2013-08-26,1401.74
2013-08-27,1373.81
2013-08-28,1376.44
2013-08-29,1383.56
2013-08-30,1366.4
2013-09-03,1368.75
2013-09-04,1381.99
2013-09-05,1389.37
2013-09-06,1393.66
2013-09-09,1413.82
2013-09-10,1424.93
2013-09-11,1427.61
2013-09-12,1419.65
2013-09-13,1424.16
2013-09-16,1430.09
2013-09-17,1441.16
2013-09-18,1456.22
2013-09-19,1456.03
2013-09-20,1445.45
2013-09-23,1441.33
2013-09-24,1444.03
2013-09-25,1446.05
2013-09-26,1452.24
2013-09-27,1446.56
2013-09-30,1443.78
2013-10-01,1463.48
2013-10-02,1463.43
2013-10-03,1450.94
2013-10-04,1460.63
2013-10-07,1446.24
2013-10-08,1425.46
2013-10-09,1416.26
2013-10-10,1446.66
2013-10-11,1460.53
2013-10-14,1467.73
2013-10-15,1453.34
2013-10-16,1468.51
2013-10-17,1481.52
2013-10-18,1493.96
2013-10-21,1493.15
2013-10-22,1500.82
2013-10-23,1493.5
2013-10-24,1502.41
2013-10-25,1506.96
2013-10-28,1507.15
2013-10-29,1512.58
2013-10-30,1499.53
2013-10-31,1495.2
2013-11-01,1493.37
2013-11-04,1510.45
2013-11-05,1503.51
2013-11-06,1499.95
2013-11-07,1474.12
2013-11-08,1498.3
2013-11-11,1504.02
2013-11-12,1500.77
2013-11-13,1516.9
2013-11-14,1521.68
2013-11-15,1526.79
2013-11-18,1515.48
2013-11-19,1506.76
2013-11-20,1503.14
2013-11-21,1520.32
2013-11-22,1524.65
2013-11-25,1522.14
2013-11-26,1526.71
2013-11-27,1532.37
2013-11-29,1530.18
2013-12-02,1523.68
2013-12-03,1517.97
2013-12-04,1517.91
2013-12-05,1516.46
2013-12-06,1527.67
2013-12-09,1529.73
2013-12-10,1521.72
2013-12-11,1497.86
2013-12-12,1500.67
2013-12-13,1506.14
2013-12-16,1517.05
2013-12-17,1519.2
2013-12-18,1535.44
2013-12-19,1525.78
2013-12-20,1541.92
2013-12-23,1553.39
2013-12-24,1561.09
2013-12-26,1562.13
2013-12-27,1564.5
2013-12-30,1566.3
2013-12-31,1570.74
2014-01-02,1557.71
2014-01-03,1564.46
2014-01-06,1554.82
2014-01-07,1568.06
2014-01-08,1569.44
2014-01-09,1567.69
2014-01-10,1579.26
2014-01-13,1562.82
2014-01-14,1582.65
2014-01-15,1593.36
2014-01-16,1594.89
2014-01-17,1587.59
2014-01-21,1594.07
2014-01-22,1601.11
2014-01-23,1592.96
2014-01-24,1555.24
2014-01-27,1540.28
2014-01-28,1554.66
2014-01-29,1536.76
2014-01-30,1557.18
2014-01-31,1554.11
2014-02-03,1505.52
2014-02-04,1519.46
2014-02-05,1515.45
2014-02-06,1535.75
2014-02-07,1545.83
2014-02-10,1547.62
2014-02-11,1560.93
2014-02-12,1564.24
2014-02-13,1585.19
2014-02-14,1592.68
2014-02-18,1603.07
2014-02-19,1592.75
2014-02-20,1608.42
2014-02-21,1611.42
2014-02-24,1622.12
2014-02-25,1620.37
2014-02-26,1625.01
2014-02-27,1631.44
2014-02-28,1633.14
2014-03-03,1623.36
2014-03-04,1653.72
2014-03-05,1650.7
2014-03-06,1653.63
2014-03-07,1653.56
2014-03-10,1647.37
2014-03-11,1635.46
2014-03-12,1640.08
2014-03-13,1622.84
2014-03-14,1626.71
2014-03-17,1637.44
2014-03-18,1654.65
2014-03-19,1644.42
2014-03-20,1647.5
2014-03-21,1647.48
2014-03-24,1632.19
2014-03-25,1631.29
2014-03-26,1611.72
2014-03-27,1606.88
2014-03-28,1613.58
2014-03-31,1636.86
2014-04-01,1655.68
2014-04-02,1662.71
2014-04-03,1656.36
2014-04-04,1628.46
2014-04-07,1603.39
2014-04-08,1614.82
2014-04-09,1632.48
2014-04-10,1597.04
2014-04-11,1574.57
2014-04-14,1584.1
2014-04-15,1592.29
2014-04-16,1608.7
2014-04-17,1611.93
2014-04-21,1616.82
2014-04-22,1627.71
2014-04-23,1623.03
2014-04-24,1626.84
2014-04-25,1604.86
2014-04-28,1599.85
2014-04-29,1604.45
2014-04-30,1616.62
2014-05-01,1615.1
2014-05-02,1620.39
2014-05-05,1619.01
2014-05-06,1605.07
2014-05-07,1610.18
2014-05-08,1603.24
2014-05-09,1607.7
2014-05-12,1635.5
2014-05-13,1625.47
2014-05-14,1608.65
2014-05-15,1597.23
2014-05-16,1604.91
2014-05-19,1614.83
2014-05-20,1596.91
2014-05-21,1604.32
2014-05-22,1612.85
2014-05-23,1624.32
2014-05-27,1641.03
2014-05-28,1633.75
2014-05-29,1644.01
2014-05-30,1639.09
2014-06-02,1641.03
2014-06-03,1640.34
2014-06-04,1648.68
2014-06-05,1669.7
2014-06-06,1681.87
2014-06-09,1690.15
2014-06-10,1687.28
2014-06-11,1680.31
2014-06-12,1670.28
2014-06-13,1676.09
2014-06-16,1679.1
2014-06-17,1692.51
2014-06-18,1702.21
2014-06-19,1705.11
2014-06-20,1707.83
2014-06-23,1706.35
2014-06-24,1691.76
2014-06-25,1700.73
2014-06-26,1697.8
2014-06-27,1708.08
2014-06-30,1714.18
2014-07-01,1727.15
2014-07-02,1718.71
2014-07-03,1727.93
2014-07-07,1709.17
2014-07-08,1695.32
2014-07-09,1696.21
2014-07-10,1685.19
2014-07-11,1681.75
2014-07-14,1690.52
2014-07-15,1683.16
2014-07-16,1683.92
2014-07-17,1665.21
2014-07-18,1682.73
2014-07-21,1675.17
2014-07-22,1687.7
2014-07-23,1684.75
2014-07-24,1686.6
2014-07-25,1675.57
2014-07-28,1671.45
2014-07-29,1670.52
2014-07-30,1672.09
2014-07-31,1637.95
2014-08-01,1635.41
2014-08-04,1642.22
2014-08-05,1636.19
2014-08-06,1640.31
2014-08-07,1632.89
2014-08-08,1649.77
2014-08-11,1658.04
2014-08-12,1648.79
2014-08-13,1659.65
2014-08-14,1665.93
2014-08-15,1664.7
2014-08-18,1684.03
2014-08-19,1692.58
2014-08-20,1694.1
2014-08-21,1697.45
2014-08-22,1695.81
2014-08-25,1700.56
2014-08-26,1709.89
2014-08-27,1707.82
2014-08-28,1705.01
2014-08-29,1713.99
2014-09-02,1718.58
2014-09-03,1711.98
2014-09-04,1706.26
2014-09-05,1712.62
2014-09-08,1711.61
2014-09-09,1697.34
2014-09-10,1701.1
2014-09-11,1710.78
2014-09-12,1693.83
2014-09-15,1685
2014-09-16,1690.52
2014-09-17,1690.77
2014-09-18,1695.94
2014-09-19,1681.68
2014-09-22,1658.83
2014-09-23,1642.27
2014-09-24,1650.02
2014-09-25,1627.76
2014-09-26,1637.96
2014-09-29,1638.13
2014-09-30,1622.44
2014-10-01,1604.06
2014-10-02,1611.86
2014-10-03,1624.28
2014-10-06,1622.16
2014-10-07,1601.73
2014-10-08,1626.54
2014-10-09,1589.42
2014-10-10,1565.79
2014-10-13,1550.61
2014-10-14,1565.81
2014-10-15,1569.47
2014-10-16,1584.07
2014-10-17,1590.7
2014-10-20,1610.7
2014-10-21,1645
2014-10-22,1628.82
2014-10-23,1656.16
2014-10-24,1662.1
2014-10-27,1657.91
2014-10-28,1687.26
2014-10-29,1682.67
2014-10-30,1688.79
2014-10-31,1708.76
2014-11-03,1706.52
2014-11-04,1695.62
2014-11-05,1703.56
2014-11-06,1714.44
2014-11-07,1723.14
2014-11-10,1725.59
2014-11-11,1724.23
2014-11-12,1732.79
2014-11-13,1724.31
2014-11-14,1726.41
2014-11-17,1720.4
2014-11-18,1726.5
2014-11-19,1720.12
2014-11-20,1734.17
2014-11-21,1742.28
2014-11-24,1756.04
2014-11-25,1754.07
2014-11-26,1754.03
2014-11-28,1732.39
2014-12-01,1708.78
2014-12-02,1716.68
2014-12-03,1731.08
2014-12-04,1722.64
2014-12-05,1726.01
2014-12-08,1702.09
2014-12-09,1719.63
2014-12-10,1681.61
2014-12-11,1688.21
2014-12-12,1665.77
2014-12-15,1653.26
2014-12-16,1650
2014-12-17,1692.32
2014-12-18,1719.47
2014-12-19,1730.6
2014-12-22,1736.46
2014-12-23,1742.46
2014-12-24,1743.66
2014-12-26,1750.64
2014-12-29,1761.49
2014-12-30,1752.23
2014-12-31,1736.5
2015-01-02,1731.99
2015-01-05,1699.35
2015-01-06,1680.85
2015-01-07,1696.55
2015-01-08,1724.05
2015-01-09,1709.1
2015-01-12,1698.24
2015-01-13,1697.57
2015-01-14,1690.55
2015-01-15,1668.56
2015-01-16,1694.03
2015-01-20,1687.43
2015-01-21,1698.83
2015-01-22,1725.27
2015-01-23,1720.96
2015-01-26,1738.82
2015-01-27,1730.38
2015-01-28,1702.85
2015-01-29,1720.97
2015-01-30,1699.17
2015-02-02,1719.75
2015-02-03,1755.23
2015-02-04,1745.33
2015-02-05,1762.82
2015-02-06,1757.54
2015-02-09,1750.81
2015-02-10,1762.29
2015-02-11,1764.25
2015-02-12,1783.27
2015-02-13,1793.98
2015-02-17,1796.73
2015-02-18,1801.22
2015-02-19,1799.42
2015-02-20,1809.63
2015-02-23,1808.04
2015-02-24,1810.3
2015-02-25,1812.28
2015-02-26,1809.53
2015-02-27,1806.04
2015-03-02,1815.1
2015-03-03,1806.99
2015-03-04,1799.83
2015-03-05,1799.73
2015-03-06,1776.22
2015-03-09,1779.5
2015-03-10,1754.96
2015-03-11,1764.57
2015-03-12,1787.35
2015-03-13,1776.32
2015-03-16,1790.05
2015-03-17,1792.6
2015-03-18,1814.85
2015-03-19,1808.13
2015-03-20,1828.79
2015-03-23,1826.34
2015-03-24,1819.62
2015-03-25,1789.82
2015-03-26,1786.46
2015-03-27,1795.52
2015-03-30,1819.81
2015-03-31,1815.85
2015-04-01,1812.47
2015-04-02,1820.55
2015-04-06,1838.17
2015-04-07,1825.3
2015-04-08,1829.91
2015-04-09,1826.52
2015-04-10,1830.29
2015-04-13,1826.12
2015-04-14,1830.75
2015-04-15,1845.61
2015-04-16,1838.18
2015-04-17,1815.18
2015-04-20,1830.24
2015-04-21,1826.93
2015-04-22,1829.57
2015-04-23,1841.88
2015-04-24,1835.95
2015-04-27,1821.3
2015-04-28,1831.76
2015-04-29,1820.51
2015-04-30,1789.34
2015-05-01,1799.16
2015-05-04,1805.25
2015-05-05,1780.11
2015-05-06,1779.26
2015-05-07,1782.48
2015-05-08,1798.89
2015-05-11,1797.15
2015-05-12,1795.74
2015-05-13,1796.11
2015-05-14,1811.31
2015-05-15,1813.71
2015-05-18,1827.52
2015-05-19,1822.65
2015-05-20,1824.02
2015-05-21,1825.94
2015-05-22,1820.93
2015-05-26,1797.53
2015-05-27,1813.94
2015-05-28,1810.42
2015-05-29,1798.55
2015-06-01,1801.06
2015-06-02,1806.82
2015-06-03,1818.38
2015-06-04,1799.01
2015-06-05,1801.7
2015-06-08,1791.5
2015-06-09,1789.15
2015-06-10,1807.09
2015-06-11,1812.28
2015-06-12,1804.73
2015-06-15,1794.37
2015-06-16,1804.17
2015-06-17,1803.66
2015-06-18,1817.92
2015-06-19,1813.09
2015-06-22,1818.84
2015-06-23,1822.55
2015-06-24,1806.69
2015-06-25,1800.84
2015-06-26,1801.83
2015-06-29,1761.38
2015-06-30,1766.48
2015-07-01,1770.33
2015-07-02,1766.52
2015-07-06,1758.05
2015-07-07,1766.08
2015-07-08,1738.99
2015-07-09,1742.06
2015-07-10,1758.35
2015-07-13,1773.85
2015-07-14,1779.63
2015-07-15,1763.06
2015-07-16,1769.54
2015-07-17,1751.67
2015-07-20,1743.65
2015-07-21,1732.81
2015-07-22,1734.12
2015-07-23,1717.42
2015-07-24,1697.14
2015-07-27,1679.11
2015-07-28,1695.17
2015-07-29,1712.7
2015-07-30,1714.2
2015-07-31,1720.42
2015-08-03,1710.58
2015-08-04,1710.21
2015-08-05,1716.8
2015-08-06,1702.63
2015-08-07,1696.75
2015-08-10,1726.76
2015-08-11,1709.92
2015-08-12,1711.02
2015-08-13,1705.71
2015-08-14,1715.78
2015-08-17,1731.8
2015-08-18,1723.56
2015-08-19,1705.56
2015-08-20,1667.24
2015-08-21,1635.33
2015-08-24,1573.38
2015-08-25,1560.33
2015-08-26,1598.23
2015-08-27,1639.64
2015-08-28,1649.7
2015-08-31,1644.55
2015-09-01,1599.21
2015-09-02,1617.87
2015-09-03,1624.49
2015-09-04,1603.89
2015-09-08,1642.28
2015-09-09,1623.69
2015-09-10,1626.59
2015-09-11,1633.64
2015-09-14,1627.28
2015-09-15,1645.25
2015-09-16,1665.27
2015-09-17,1659.94
2015-09-18,1628.87
2015-09-21,1634.11
2015-09-22,1610.96
2015-09-23,1602.95
2015-09-24,1595.71
2015-09-25,1589.69
2015-09-28,1547.01
2015-09-29,1544.57
2015-09-30,1565.14
2015-10-01,1561.11
2015-10-02,1589.58
2015-10-05,1628.44
2015-10-06,1627.7
2015-10-07,1649.17
2015-10-08,1668.33
2015-10-09,1672.36
2015-10-12,1666.58
2015-10-13,1646.37
2015-10-14,1635.06
2015-10-15,1655.11
2015-10-16,1652.65
2015-10-19,1652.38
2015-10-20,1651.61
2015-10-21,1629.41
2015-10-22,1641.09
2015-10-23,1653.75
2015-10-26,1649.29
2015-10-27,1632.87
2015-10-28,1671.07
2015-10-29,1658.52
2015-10-30,1659.41
2015-11-02,1688.46
2015-11-03,1693.33
2015-11-04,1684.86
2015-11-05,1683.48
2015-11-06,1682.57
2015-11-09,1665.78
2015-11-10,1669.34
2015-11-11,1648.11
2015-11-12,1616.48
2015-11-13,1597.16
2015-11-16,1610.98
2015-11-17,1604.39
2015-11-18,1633.53
2015-11-19,1626.5
2015-11-20,1633.01
2015-11-23,1639.75
2015-11-24,1653.2
2015-11-25,1662.39
2015-11-27,1665.32
2015-11-30,1654.55
2015-12-01,1664.64
2015-12-02,1641.32
2015-12-03,1612.22
2015-12-04,1624.25
2015-12-07,1597.37
2015-12-08,1586.44
2015-12-09,1574.11
2015-12-10,1577.26
2015-12-11,1544.16
2015-12-14,1530.27
2015-12-15,1549.89
2015-12-16,1568.51
2015-12-17,1544.1
2015-12-18,1524.91
2015-12-21,1536.97
2015-12-22,1553.44
2015-12-23,1580.8
2015-12-24,1580.1
2015-12-28,1572.15
2015-12-29,1588.44
2015-12-30,1572.73
2015-12-31,1560
2016-01-04,1541.01
2016-01-05,1541.21
2016-01-06,1510.62
2016-01-07,1472
2016-01-08,1448.9
2016-01-11,1439.2
2016-01-12,1444.57
2016-01-13,1399.08
2016-01-14,1415.03
2016-01-15,1389.57
2016-01-19,1370.72
2016-01-20,1366.97
2016-01-21,1372.15
2016-01-22,1405.6
2016-01-25,1369.72
2016-01-26,1405.9
2016-01-27,1390.29
2016-01-28,1385.54
2016-01-29,1432.32
2016-02-01,1431.26
2016-02-02,1395.59
2016-02-03,1412.42
2016-02-04,1430.75
2016-02-05,1394.32
2016-02-08,1356.62
2016-02-09,1347.43
2016-02-10,1347.33
2016-02-11,1328.98
2016-02-12,1356.23
2016-02-16,1392.73
2016-02-17,1425.86
2016-02-18,1422.33
2016-02-19,1418.63
2016-02-22,1443.83
2016-02-23,1432.13
2016-02-24,1445.25
2016-02-25,1455.36
2016-02-26,1472.05
2016-02-29,1466.11
2016-03-01,1499.39
2016-03-02,1521.85
2016-03-03,1548.37
2016-03-04,1562.09
2016-03-07,1577.87
2016-03-08,1534.23
2016-03-09,1537.56
2016-03-10,1530.88
2016-03-11,1569.8
2016-03-14,1561.96
2016-03-15,1539.05
2016-03-16,1558.82
2016-03-17,1580.89
2016-03-18,1592.07
2016-03-21,1591.47
2016-03-22,1589.08
2016-03-23,1555.43
2016-03-24,1557.09
2016-03-28,1559.81
2016-03-29,1594.07
2016-03-30,1594.53
2016-03-31,1601.68
2016-04-01,1603.12
2016-04-04,1589.9
2016-04-05,1570.84
2016-04-06,1589.06
2016-04-07,1566.32
2016-04-08,1576.59
2016-04-11,1570.81
2016-04-12,1588.16
2016-04-13,1621.72
2016-04-14,1617.42
2016-04-15,1620.58
2016-04-18,1629.31
2016-04-19,1634.57
2016-04-20,1637.54
2016-04-21,1629.26
2016-04-22,1647.06
2016-04-25,1634.17
2016-04-26,1651.54
2016-04-27,1662.1
2016-04-28,1638.89
2016-04-29,1624.25
2016-05-02,1636.32
2016-05-03,1611.15
2016-05-04,1596.97
2016-05-05,1589.71
2016-05-06,1593.01
2016-05-09,1593.61
2016-05-10,1613.55
2016-05-11,1596.24
2016-05-12,1585.68
2016-05-13,1572.27
2016-05-16,1593.68
2016-05-17,1576.92
2016-05-18,1574.27
2016-05-19,1566.52
2016-05-20,1590.49
2016-05-23,1587.71
2016-05-24,1614.47
2016-05-25,1625.78
2016-05-26,1626.83
2016-05-27,1642.42
2016-05-31,1645.84
2016-06-01,1655.4
2016-06-02,1669.64
2016-06-03,1659.98
2016-06-06,1679.36
2016-06-07,1686.01
2016-06-08,1689.12
2016-06-09,1678.25
2016-06-10,1646.76
2016-06-13,1625.27
2016-06-14,1617.92
2016-06-15,1621.96
2016-06-16,1615.58
2016-06-17,1618.19
2016-06-20,1634.54
2016-06-21,1631.35
2016-06-22,1627.89
2016-06-23,1659.58
2016-06-24,1591.61
2016-06-27,1538.56
2016-06-28,1569.24
2016-06-29,1603.86
2016-06-30,1629.29
2016-07-01,1638.99
2016-07-05,1608.01
2016-07-06,1616.57
2016-07-07,1619.06
2016-07-08,1651.82
2016-07-11,1665.28
2016-07-12,1688.98
2016-07-13,1679.92
2016-07-14,1685.88
2016-07-15,1687.21
2016-07-18,1694.03
2016-07-19,1687.74
2016-07-20,1704.03
2016-07-21,1694.98
2016-07-22,1708.21
2016-07-25,1706.46
2016-07-26,1714.84
2016-07-27,1710.73
2016-07-28,1718.95
2016-07-29,1728.19
2016-08-01,1720.59
2016-08-02,1693.91
2016-08-03,1707.04
2016-08-04,1709.55
2016-08-05,1731.5
2016-08-08,1731.72
2016-08-09,1729.53
2016-08-10,1716.87
2016-08-11,1726.33
2016-08-12,1722.64
2016-08-15,1740.05
2016-08-16,1726.34
2016-08-17,1721.04
2016-08-18,1731.08
2016-08-19,1732.18
2016-08-22,1728.79
2016-08-23,1740.01
2016-08-24,1723.74
2016-08-25,1724.69
2016-08-26,1720.15
2016-08-29,1730.69
2016-08-30,1732.54
2016-08-31,1725.21
2016-09-01,1720.5
2016-09-02,1735.28
2016-09-06,1738.15
2016-09-07,1747.67
2016-09-08,1742.78
2016-09-09,1688.81
2016-09-12,1710.64
2016-09-13,1680.46
2016-09-14,1674.28
2016-09-15,1693.62
2016-09-16,1688.04
2016-09-19,1698.09
2016-09-20,1688
2016-09-21,1709
2016-09-22,1732.26
2016-09-23,1719.85
2016-09-26,1704.89
2016-09-27,1709.94
2016-09-28,1726.12
2016-09-29,1708.06
2016-09-30,1725.12
2016-10-03,1715.56
2016-10-04,1706.87
2016-10-05,1718.9
2016-10-06,1718.08
2016-10-07,1706.17
2016-10-10,1722.45
2016-10-11,1692.33
2016-10-12,1690.37
2016-10-13,1680.44
2016-10-14,1677.92
2016-10-17,1675.27
2016-10-18,1688.42
2016-10-19,1697.32
2016-10-20,1692.22
2016-10-21,1691.85
2016-10-24,1699.11
2016-10-25,1684.34
2016-10-26,1677.09
2016-10-27,1660.78
2016-10-28,1656.93
2016-10-31,1661.66
2016-11-01,1643.05
2016-11-02,1620.99
2016-11-03,1613.83
2016-11-04,1615.64
2016-11-07,1654.34
2016-11-08,1657.98
2016-11-09,1694.18
2016-11-10,1713.31
2016-11-11,1737.08
2016-11-14,1768.91
2016-11-15,1779.8
2016-11-16,1774.95
2016-11-17,1785.83
2016-11-18,1786.58
2016-11-21,1799.02
2016-11-22,1814.68
2016-11-23,1822.85
2016-11-25,1826.98
2016-11-28,1808.25
2016-11-29,1809.07
2016-11-30,1812.68
2016-12-01,1808.17
2016-12-02,1807.24
2016-12-05,1834.36
2016-12-06,1851.2
2016-12-07,1871.72
2016-12-08,1896.24
2016-12-09,1897.58
2016-12-12,1878.82
2016-12-13,1881.92
2016-12-14,1853.09
2016-12-15,1859.6
2016-12-16,1858.41
2016-12-19,1871.36
2016-12-20,1881.92
2016-12-21,1870.45
2016-12-22,1853.96
2016-12-23,1862.07
2016-12-27,1868.7
2016-12-28,1848.57
2016-12-29,1852.77
2016-12-30,1845.45
2017-01-03,1863.78
2017-01-04,1898.17
2017-01-05,1884.91
2017-01-06,1879.53
2017-01-09,1864.28
2017-01-10,1876.33
2017-01-11,1882.97
2017-01-12,1874.91
2017-01-13,1882.57
2017-01-17,1867.81
2017-01-18,1874.95
2017-01-19,1861.16
2017-01-20,1870.15
2017-01-23,1863.15
2017-01-24,1889.66
2017-01-25,1905.25
2017-01-26,1898.85
2017-01-27,1887.61
2017-01-30,1867.62
2017-01-31,1878.77
2017-02-01,1874.51
2017-02-02,1871.84
2017-02-03,1897.53
2017-02-06,1884.39
2017-02-07,1878.05
2017-02-08,1880.01
2017-02-09,1903.33
2017-02-10,1920.98
2017-02-13,1925.17
2017-02-14,1933.13
2017-02-15,1940.32
2017-02-16,1932.72
2017-02-17,1931.73
2017-02-21,1948.17
2017-02-22,1934.85
2017-02-23,1927
2017-02-24,1926.33
2017-02-27,1942.43
2017-02-28,1920.41
2017-03-01,1949.42
2017-03-02,1930.99
2017-03-03,1930.4
2017-03-06,1917.93
2017-03-07,1903.84
2017-03-08,1891.93
2017-03-09,1885.87
2017-03-10,1892.58
2017-03-13,1895.8
2017-03-14,1884.87
2017-03-15,1914.45
2017-03-16,1912.47
2017-03-17,1911.64
2017-03-20,1900.9
2017-03-21,1861.55
2017-03-22,1861.5
2017-03-23,1864.03
2017-03-24,1865.63
2017-03-27,1867.83
2017-03-28,1885.37
2017-03-29,1896.47
2017-03-30,1906.14
2017-03-31,1909.09
2017-04-03,1893.54
2017-04-04,1893.58
2017-04-05,1877.45
2017-04-06,1895.47
2017-04-07,1893.08
2017-04-10,1904.11
2017-04-11,1911.25
2017-04-12,1890.52
2017-04-13,1870.61
2017-04-17,1891.15
2017-04-18,1889.47
2017-04-19,1893.53
2017-04-20,1908.36
2017-04-21,1904.32
2017-04-24,1924.2
2017-04-25,1940.23
2017-04-26,1944.08
2017-04-27,1939.87
2017-04-28,1919.89
2017-05-01,1924.12
2017-05-02,1922.34
2017-05-03,1911.59
2017-05-04,1905.13
2017-05-05,1925.79
2017-05-08,1916.96
2017-05-09,1910.53
2017-05-10,1921.42
2017-05-11,1910.34
2017-05-12,1900.67
2017-05-15,1915.42
2017-05-16,1909.75
2017-05-17,1866.51
2017-05-18,1865.75
2017-05-19,1882.33
2017-05-22,1893.2
2017-05-23,1893.08
2017-05-24,1899.96
2017-05-25,1895.77
2017-05-26,1891.65
2017-05-30,1876.99
2017-05-31,1875.91
2017-06-01,1911.7
2017-06-02,1915.74
2017-06-05,1904.73
2017-06-06,1900.81
2017-06-07,1895.93
2017-06-08,1905.49
2017-06-09,1920.75
2017-06-12,1923.33
2017-06-13,1935.09
2017-06-14,1926.41
2017-06-15,1912.76
2017-06-16,1908.79
2017-06-19,1922.87
2017-06-20,1899.98
2017-06-21,1889.45
2017-06-22,1897.47
2017-06-23,1910.78
2017-06-26,1920.94
2017-06-27,1908.12
2017-06-28,1931.44
2017-06-29,1922.23
2017-06-30,1922.55
2017-07-03,1938.46
2017-07-05,1927.83
2017-07-06,1900.49
2017-07-07,1914.79
2017-07-10,1907.52
2017-07-11,1913.65
2017-07-12,1925.43
2017-07-13,1928.85
2017-07-14,1935.78
2017-07-17,1940.33
2017-07-18,1933.57
2017-07-19,1955.54
2017-07-20,1955.74
2017-07-21,1950.07
2017-07-24,1950.8
2017-07-25,1969.24
2017-07-26,1954.03
2017-07-27,1949.68
2017-07-28,1938.6
2017-07-31,1933.69
2017-08-01,1931.01
2017-08-02,1912.71
2017-08-03,1906.56
2017-08-04,1914.9
2017-08-07,1915.28
2017-08-08,1908.11
2017-08-09,1898.54
2017-08-10,1867.81
2017-08-11,1874.46
2017-08-14,1892.1
2017-08-15,1879.85
2017-08-16,1882.99
2017-08-17,1849.56
2017-08-18,1846.86
2017-08-21,1843.9
2017-08-22,1862.46
2017-08-23,1859.06
2017-08-24,1859.64
2017-08-25,1866.57
2017-08-28,1866.21
2017-08-29,1869.46
2017-08-30,1880.31
2017-08-31,1898.82
2017-09-01,1910.71
2017-09-05,1891.13
2017-09-06,1895.17
2017-09-07,1884.93
2017-09-08,1885.87
2017-09-11,1904.59
2017-09-12,1919.11
2017-09-13,1922.48
2017-09-14,1920.09
2017-09-15,1928.84
2017-09-18,1935.2
2017-09-19,1930.47
2017-09-20,1942.29
2017-09-21,1933.01
2017-09-22,1941.29
2017-09-25,1951.43
2017-09-26,1956.28
2017-09-27,1974.88
2017-09-28,1979.53
2017-09-29,1979.85
2017-10-02,1995.27
2017-10-03,1998.44
2017-10-04,1996.38
2017-10-05,2001.82
2017-10-06,1998.15
2017-10-09,1991.27
2017-10-10,1996.29
2017-10-11,1996.04
2017-10-12,1998.42
2017-10-13,1998.08
2017-10-16,1994.87
2017-10-17,1990.11
2017-10-18,1993.45
2017-10-19,1994.59
2017-10-20,2006.72
2017-10-23,1994.02
2017-10-24,1997.01
2017-10-25,1981.94
2017-10-26,1987.22
2017-10-27,1997.61
2017-10-30,1985.16
2017-10-31,1996.05
2017-11-01,1991.42
2017-11-02,1984.79
2017-11-03,1985.59
2017-11-06,1990.7
2017-11-07,1975.47
2017-11-08,1979.13
2017-11-09,1970.77
2017-11-10,1972.71
2017-11-13,1974.76
2017-11-14,1969.18
2017-11-15,1960.52
2017-11-16,1985.5
2017-11-17,1991.11
2017-11-20,1996.29
2017-11-21,2009.14
2017-11-22,2009.75
2017-11-24,2012.1
2017-11-27,2007.85
2017-11-28,2031.71
2017-11-29,2045.54
2017-11-30,2054.26
2017-12-01,2051.1
2017-12-04,2053.14
2017-12-05,2034.46
2017-12-06,2024.21
2017-12-07,2034.59
2017-12-08,2043.33
2017-12-11,2043.22
2017-12-12,2041.47
2017-12-13,2049.46
2017-12-14,2033.94
2017-12-15,2057.84
2017-12-18,2081.42
2017-12-19,2070.62
2017-12-20,2070.68
2017-12-21,2079.02
2017-12-22,2078.27
2017-12-26,2081.52
2017-12-27,2081.75
2017-12-28,2088.87
2017-12-29,2078.01
2018-01-02,2093.89
2018-01-03,2094.61
2018-01-04,2097.42
2018-01-05,2104.72
2018-01-08,2111.78
2018-01-09,2103.42
2018-01-10,2093.55
2018-01-11,2121.74
2018-01-12,2128.52
2018-01-16,2106.65
2018-01-17,2122.08
2018-01-18,2107.75
2018-01-19,2128.7
2018-01-22,2141.89
2018-01-23,2149.44
2018-01-24,2146.82
2018-01-25,2146.63
2018-01-26,2154.16
2018-01-29,2137.48
2018-01-30,2117.6
2018-01-31,2113.43
2018-02-01,2110.33
2018-02-02,2064.28
2018-02-05,1990.38
2018-02-06,2010.1
2018-02-07,2001.13
2018-02-08,1945.44
2018-02-09,1964.76
2018-02-12,1978.96
2018-02-13,1981.7
2018-02-14,2011.68
2018-02-15,2029.47
2018-02-16,2035.03
2018-02-20,2018.94
2018-02-21,2013.1
2018-02-22,2013.47
2018-02-23,2040.29
2018-02-26,2050.08
2018-02-27,2018.78
2018-02-28,1993.42
2018-03-01,1986.83
2018-03-02,2011.98
2018-03-05,2034.27
2018-03-06,2056.76
2018-03-07,2062.95
2018-03-08,2059.7
2018-03-09,2089.88
2018-03-12,2091.78
2018-03-13,2080.45
2018-03-14,2067.5
2018-03-15,2053.75
2018-03-16,2066.76
2018-03-19,2046.36
2018-03-20,2043.42
2018-03-21,2050.97
2018-03-22,2005.96
2018-03-23,1967.07
2018-03-26,2005.98
2018-03-27,1981.4
2018-03-28,1991.9
2018-03-29,2015.19
2018-04-02,1968.84
2018-04-03,1996.39
2018-04-04,2016.17
2018-04-05,2033.78
2018-04-06,1999.62
2018-04-09,1993.84
2018-04-10,2020.88
2018-04-11,2022.27
2018-04-12,2026.7
2018-04-13,2020.38
2018-04-16,2039.82
2018-04-17,2053.1
2018-04-18,2057.82
2018-04-19,2041.98
2018-04-20,2023.2
2018-04-23,2023.69
2018-04-24,2015.02
2018-04-25,2019.1
2018-04-26,2027.21
2018-04-27,2027.99
2018-04-30,2007.05
2018-05-01,2014.54
2018-05-02,2015.39
2018-05-03,2009.55
2018-05-04,2037.54
2018-05-07,2052.02
2018-05-08,2058.88
2018-05-09,2070.19
2018-05-10,2081.43
2018-05-11,2080.16
2018-05-14,2075.9
2018-05-15,2071.81
2018-05-16,2089.1
2018-05-17,2094.2
2018-05-18,2089.78
2018-05-21,2110.78
2018-05-22,2096.38
2018-05-23,2098.24
2018-05-24,2095.39
2018-05-25,2093.64
2018-05-29,2087.57
2018-05-30,2115.02
2018-05-31,2091.26
2018-06-01,2101.53
2018-06-04,2111.62
2018-06-05,2121.47
2018-06-06,2134.2
2018-06-07,2137.69
2018-06-08,2144.55
2018-06-11,2149.58
2018-06-12,2157.86
2018-06-13,2140.72
2018-06-14,2150.34
2018-06-15,2148.2
2018-06-18,2154.33
2018-06-19,2154.18
2018-06-20,2168.21
2018-06-21,2152.97
2018-06-22,2157.58
2018-06-25,2129.7
2018-06-26,2133.8
2018-06-27,2108.69
2018-06-28,2116.9
2018-06-29,2116.09
2018-07-02,2116.89
2018-07-03,2125.36
2018-07-05,2148.46
2018-07-06,2167.92
2018-07-09,2184.61
2018-07-10,2180.27
2018-07-11,2162.76
2018-07-12,2168.03
2018-07-13,2168.43
2018-07-16,2154.28
2018-07-17,2164.23
2018-07-18,2165.73
2018-07-19,2180.32
2018-07-20,2164.65
2018-07-23,2160.59
2018-07-24,2145.2
2018-07-25,2148.04
2018-07-26,2159.87
2018-07-27,2135.83
2018-07-30,2127.04
2018-07-31,2149.5
2018-08-01,2141.87
2018-08-02,2155.01
2018-08-03,2165.42
2018-08-06,2178.47
2018-08-07,2184.01
2018-08-08,2177.86
2018-08-09,2180.26
2018-08-10,2165.97
2018-08-13,2153.3
2018-08-14,2176.07
2018-08-15,2156.61
2018-08-16,2174.27
2018-08-17,2188.45
2018-08-20,2195.52
2018-08-21,2213.96
2018-08-22,2211.67
2018-08-23,2203.76
2018-08-24,2211.71
2018-08-27,2220.4
2018-08-28,2223.32
2018-08-29,2229.16
2018-08-30,2219.31
2018-08-31,2222.83
2018-09-04,2209.64
2018-09-05,2210.86
2018-09-06,2199.06
2018-09-07,2191.33
2018-09-10,2195.72
2018-09-11,2195.86
2018-09-12,2199.72
2018-09-13,2202.03
2018-09-14,2209.5
2018-09-17,2195.48
2018-09-18,2203.02
2018-09-19,2198.33
2018-09-20,2220.75
2018-09-21,2213.79
2018-09-24,2200.63
2018-09-25,2195.95
2018-09-26,2175.47
2018-09-27,2175.41
2018-09-28,2185.52
2018-10-01,2167.69
2018-10-02,2157.1
2018-10-03,2167.93
2018-10-04,2141.75
2018-10-05,2127.5
2018-10-08,2137.26
2018-10-09,2123.11
2018-10-10,2067.31
2018-10-11,2024.41
2018-10-12,2023.3
2018-10-15,2037.89
2018-10-16,2086.54
2018-10-17,2079.22
2018-10-18,2046.65
2018-10-19,2035.73
2018-10-22,2026.08
2018-10-23,2008.35
2018-10-24,1946.85
2018-10-25,1977.59
2018-10-26,1954.65
2018-10-29,1948.25
2018-10-30,1987.41
2018-10-31,1985.85
2018-11-01,2027.67
2018-11-02,2026.04
2018-11-05,2037.6
2018-11-06,2049.81
2018-11-07,2079.56
2018-11-08,2074.57
2018-11-09,2050.71
2018-11-12,2015.91
2018-11-13,2012.68
2018-11-14,1999.98
2018-11-15,2019.61
2018-11-16,2022.72
2018-11-19,1993.33
2018-11-20,1961.79
2018-11-21,1980.98
2018-11-23,1978.86
2018-11-26,2003.01
2018-11-27,1987.62
2018-11-28,2023.41
2018-11-29,2019.99
2018-11-30,2030.15
2018-12-03,2051.06
2018-12-04,1970.86
2018-12-06,1966.51
2018-12-07,1928.77
2018-12-10,1914.99
2018-12-11,1911.43
2018-12-12,1926.87
2018-12-13,1903.46
2018-12-14,1873.83
2018-12-17,1827.88
2018-12-18,1829.35
2018-12-19,1794
2018-12-20,1766.12
2018-12-21,1723.64
2018-12-24,1681.51
2018-12-26,1766.45
2018-12-27,1771.02
2018-12-28,1770.96
2018-12-31,1786.78
2019-01-02,1786.55
2019-01-03,1758.57
2019-01-04,1820.58
2019-01-07,1851.13
2019-01-08,1881.72
2019-01-09,1899.96
2019-01-10,1913.57
2019-01-11,1918.47
2019-01-14,1908.48
2019-01-15,1923.04
2019-01-16,1935.13
2019-01-17,1949.94
2019-01-18,1976.28
2019-01-22,1944.75
2019-01-23,1939.08
2019-01-24,1953.79
2019-01-25,1977.46
2019-01-28,1975.18
2019-01-29,1972.85
2019-01-30,1987
2019-01-31,1997.33
2019-02-01,2003.41
2019-02-04,2019.53
2019-02-05,2025.86
2019-02-06,2024.52
2019-02-07,2010.09
2019-02-08,2009.58
2019-02-11,2027.66
2019-02-12,2053.46
2019-02-13,2062.74
2019-02-14,2065.51
2019-02-15,2094.12
2019-02-19,2095.18
2019-02-20,2103.13
2019-02-21,2093.93
2019-02-22,2112.15
2019-02-25,2110.58
2019-02-26,2089.21
2019-02-27,2092.31
2019-02-28,2089.29
2019-03-01,2109.33
2019-03-04,2094.7
2019-03-05,2083.65
2019-03-06,2048.36
2019-03-07,2029.75
2019-03-08,2024.53
2019-03-11,2052.93
2019-03-12,2055.8
2019-03-13,2064.59
2019-03-14,2061.2
2019-03-15,2065.18
2019-03-18,2078.5
2019-03-19,2066.84
2019-03-20,2051.3
2019-03-21,2078.27
2019-03-22,2015.15
2019-03-25,2018.57
2019-03-26,2039.88
2019-03-27,2034.68
2019-03-28,2052.77
2019-03-29,2061.62
2019-04-01,2088.24
2019-04-02,2083.16
2019-04-03,2091.13
2019-04-04,2105.58
2019-04-05,2127.81
2019-04-08,2124.12
2019-04-09,2099.98
2019-04-10,2124.01
2019-04-11,2125.54
2019-04-12,2138.51
2019-04-15,2134.04
2019-04-16,2132.98
2019-04-17,2114.7
2019-04-18,2113.47
2019-04-22,2107.67
2019-04-23,2134.09
2019-04-24,2141.2
2019-04-25,2115.29
2019-04-26,2134.66
2019-04-29,2140.09
2019-04-30,2133.21
2019-05-01,2117.01
2019-05-02,2116.14
2019-05-03,2150.13
2019-05-06,2148.37
2019-05-07,2108.89
2019-05-08,2098.75
2019-05-09,2084.48
2019-05-10,2087.57
2019-05-13,2024.92
2019-05-14,2047.43
2019-05-15,2052.14
2019-05-16,2063.06
2019-05-17,2036.73
2019-05-20,2019.59
2019-05-21,2045.94
2019-05-22,2028.89
2019-05-23,1988.38
2019-05-24,1999.77
2019-05-28,1980.1
2019-05-29,1966.58
2019-05-30,1961.93
2019-05-31,1937.41
2019-06-03,1950.84
2019-06-04,2006.81
2019-06-05,2006.04
2019-06-06,2010.29
2019-06-07,2019.69
2019-06-10,2029.57
2019-06-11,2032.92
2019-06-12,2028.98
2019-06-13,2046.04
2019-06-14,2027.7
2019-06-17,2030.6
2019-06-18,2054.48
2019-06-19,2057.64
2019-06-20,2071.64
2019-06-21,2057.55
2019-06-24,2035.48
2019-06-25,2023.78
2019-06-26,2022.8
2019-06-27,2049.48
2019-06-28,2074.26
2019-07-01,2077.75
2019-07-02,2066.99
2019-07-03,2083.49
2019-07-05,2088.23
2019-07-08,2066.79
2019-07-09,2064.92
2019-07-10,2070.66
2019-07-11,2066.83
2019-07-12,2085
2019-07-15,2073.73
2019-07-16,2074.07
2019-07-17,2057.14
2019-07-18,2065.3
2019-07-19,2060.35
2019-07-22,2055.79
2019-07-23,2076.85
2019-07-24,2109.45
2019-07-25,2084.19
2019-07-26,2101.96
2019-07-29,2093.78
2019-07-30,2112.05
2019-07-31,2084.94
2019-08-01,2038.57
2019-08-02,2014.74
2019-08-05,1957.59
2019-08-06,1976.04
2019-08-07,1972.89
2019-08-08,2010.89
2019-08-09,1984.85
2019-08-12,1954.09
2019-08-13,1972.87
2019-08-14,1914.06
2019-08-15,1910.54
2019-08-16,1950.48
2019-08-19,1973.8
2019-08-20,1958.66
2019-08-21,1969.16
2019-08-22,1970.74
2019-08-23,1912.77
2019-08-26,1930.57
2019-08-27,1905.7
2019-08-28,1928.7
2019-08-29,1962.14
2019-08-30,1967.42
2019-09-03,1936.2
2019-09-04,1957.18
2019-09-05,1996.86
2019-09-06,1993.81
2019-09-09,2031.8
2019-09-10,2061.5
2019-09-11,2099.13
2019-09-12,2090.59
2019-09-13,2094.36
2019-09-16,2108.59
2019-09-17,2086.8
2019-09-18,2077.1
2019-09-19,2072.22
2019-09-20,2064.3
2019-09-23,2067.51
2019-09-24,2034.63
2019-09-25,2062.14
2019-09-26,2047.52
2019-09-27,2031.66
2019-09-30,2041.55
2019-10-01,1997.14
2019-10-02,1968.62
2019-10-03,1979.5
2019-10-04,1996.1
2019-10-07,1987.74
2019-10-08,1946.75
2019-10-09,1959.66
2019-10-10,1969.04
2019-10-11,2013.36
2019-10-14,2003.69
2019-10-15,2021.57
2019-10-16,2023.1
2019-10-17,2039.98
2019-10-18,2036.51
2019-10-21,2057.39
2019-10-22,2060.8
2019-10-23,2066.64
2019-10-24,2060.64
2019-10-25,2073.57
2019-10-28,2085.23
2019-10-29,2091.45
2019-10-30,2085.07
2019-10-31,2079.78
2019-11-01,2119.16
2019-11-04,2141.95
2019-11-05,2146.21
2019-11-06,2131.01
2019-11-07,2139.97
2019-11-08,2145.68
2019-11-11,2139.36
2019-11-12,2134.27
2019-11-13,2126.14
2019-11-14,2129.09
2019-11-15,2143.42
2019-11-18,2134.2
2019-11-19,2135.11
2019-11-20,2123
2019-11-21,2115.02
2019-11-22,2124.39
2019-11-25,2154.49
2019-11-26,2156.19
2019-11-27,2169.33
2019-11-29,2151.34
2019-12-02,2130.85
2019-12-03,2117.14
2019-12-04,2133.58
2019-12-05,2136.1
2019-12-06,2159.61
2019-12-09,2150.61
2019-12-10,2146.91
2019-12-11,2149.54
2019-12-12,2175.79
2019-12-13,2165.06
2019-12-16,2182.09
2019-12-17,2190.75
2019-12-18,2198.54
2019-12-19,2210.92
2019-12-20,2221.23
2019-12-23,2222.11
2019-12-24,2223.17
2019-12-26,2226.41
2019-12-27,2218.58
2019-12-30,2212.47
2019-12-31,2217.27
2020-01-02,2217.74
2020-01-03,2207.11
2020-01-06,2207.51
2020-01-07,2198.53
2020-01-08,2199.99
2020-01-09,2199.46
2020-01-10,2198.77
2020-01-13,2218.56
2020-01-14,2227.55
2020-01-15,2230.16
2020-01-16,2254.62
2020-01-17,2245.76
2020-01-21,2227.01
2020-01-22,2227.75
2020-01-23,2221.17
2020-01-24,2193.42
2020-01-27,2163.35
2020-01-28,2181.15
2020-01-29,2169.23
2020-01-30,2167.34
2020-01-31,2119.08
2020-02-03,2143.98
2020-02-04,2175.89
2020-02-05,2208.29
2020-02-06,2197.74
2020-02-07,2172.5
2020-02-10,2186.85
2020-02-11,2202.44
2020-02-12,2219.96
2020-02-13,2220.48
2020-02-14,2217.97
2020-02-18,2212.29
2020-02-19,2221.03
2020-02-20,2224.4
2020-02-21,2202.5
2020-02-24,2135.12
2020-02-25,2060.33
2020-02-26,2025.55
2020-02-27,1946.61
2020-02-28,1920.87
2020-03-02,1974.28
2020-03-03,1919.16
2020-03-04,1974.13
2020-03-05,1898.65
2020-03-06,1865.11
2020-03-09,1674.43
2020-03-10,1737.99
2020-03-11,1614.06
2020-03-12,1433.31
2020-03-13,1552.06
2020-03-16,1336.12
2020-03-17,1386.22
2020-03-18,1234.34
2020-03-19,1319.22
2020-03-20,1267.44
2020-03-23,1227.89
2020-03-24,1354.49
2020-03-25,1400.39
2020-03-26,1479.59
2020-03-27,1423.24
2020-03-30,1444.9
2020-03-31,1435.9
2020-04-01,1344.2
2020-04-02,1360.44
2020-04-03,1320.05
2020-04-06,1429.85
2020-04-07,1444.99
2020-04-08,1520.02
2020-04-09,1578.34
2020-04-13,1529.7
2020-04-14,1561.22
2020-04-15,1492.09
2020-04-16,1481.97
2020-04-17,1554.73
2020-04-20,1521.36
2020-04-21,1483.45
2020-04-22,1499.25
2020-04-23,1517.53
2020-04-24,1541.76
2020-04-27,1609.22
2020-04-28,1635.39
2020-04-29,1712.1
2020-04-30,1663.29
2020-05-01,1596.51
2020-05-04,1596.47
2020-05-05,1601.68
2020-05-06,1576.24
2020-05-07,1614.02
2020-05-08,1677.72
2020-05-11,1654.72
2020-05-12,1588.98
2020-05-13,1524.34
2020-05-14,1542.26
2020-05-15,1555.26
2020-05-18,1665.09
2020-05-19,1632.72
2020-05-20,1677.26
2020-05-21,1676.78
2020-05-22,1680.18
2020-05-26,1740.96
2020-05-27,1796.34
2020-05-28,1757.73
2020-05-29,1746.58
2020-06-01,1778.31
2020-06-02,1797.55
2020-06-03,1864.03
2020-06-04,1882.43
2020-06-05,1957.79
2020-06-08,2016.67
2020-06-09,1958.08
2020-06-10,1880.09
2020-06-11,1726.71
2020-06-12,1776.74
2020-06-15,1803.14
2020-06-16,1847.1
2020-06-17,1807.38
2020-06-18,1803.24
2020-06-19,1785.6
2020-06-22,1790.25
2020-06-23,1797.29
2020-06-24,1722.21
2020-06-25,1744.88
2020-06-26,1698.77
2020-06-29,1751.88
2020-06-30,1768.93
2020-07-01,1753.12
2020-07-02,1763.47
2020-07-06,1782.53
2020-07-07,1737.76
2020-07-08,1745.11
2020-07-09,1701.28
2020-07-10,1738.25
2020-07-13,1726.4
2020-07-14,1745.47
2020-07-15,1810.38
2020-07-16,1799.82
2020-07-17,1797.47
2020-07-20,1775.81
2020-07-21,1810.1
2020-07-22,1820.74
2020-07-23,1830.94
2020-07-24,1806.09
2020-07-27,1814.31
2020-07-28,1799.38
2020-07-29,1841.73
2020-07-30,1824.61
2020-07-31,1808.76
2020-08-03,1825.02
2020-08-04,1832.42
2020-08-05,1853.27
2020-08-06,1849.95
2020-08-07,1884.02
2020-08-10,1912.08
2020-08-11,1919.52
2020-08-12,1925.28
2020-08-13,1908.37
2020-08-14,1911.01
2020-08-17,1902.43
2020-08-18,1875.71
2020-08-19,1871.52
2020-08-20,1858.86
2020-08-21,1847.2
2020-08-24,1888.66
2020-08-25,1886.29
2020-08-26,1873.15
2020-08-27,1895.43
2020-08-28,1913.83
2020-08-31,1883.81
2020-09-01,1896.05
2020-09-02,1918.78
2020-09-03,1878.2
2020-09-04,1880.51
2020-09-08,1837.26
2020-09-09,1850.22
2020-09-10,1824.44
2020-09-11,1821.23
2020-09-14,1861.63
2020-09-15,1857.08
2020-09-16,1874.18
2020-09-17,1866.54
2020-09-18,1837.57
2020-09-21,1774.61
2020-09-22,1784.19
2020-09-23,1738.38
2020-09-24,1736.48
2020-09-25,1757.68
2020-09-28,1799.3
2020-09-29,1778.71
2020-09-30,1786.98
2020-10-01,1806.27
2020-10-02,1828.94
2020-10-05,1872.73
2020-10-06,1862.48
2020-10-07,1902.08
2020-10-08,1932.09
2020-10-09,1931.21
2020-10-12,1947.23
2020-10-13,1921.42
2020-10-14,1913.42
2020-10-15,1931.37
2020-10-16,1925.54
2020-10-19,1903.84
2020-10-20,1916.84
2020-10-21,1912.45
2020-10-22,1956.52
2020-10-23,1970.68
2020-10-26,1922.05
2020-10-27,1892.19
2020-10-28,1831.33
2020-10-29,1863.37
2020-10-30,1854.57
2020-11-02,1891.26
2020-11-03,1942.26
2020-11-04,1922.29
2020-11-05,1971.29
2020-11-06,1949.17
2020-11-09,2092.24
2020-11-10,2116.49
2020-11-11,2095.32
2020-11-12,2056.54
2020-11-13,2117.84
2020-11-16,2182.85
2020-11-17,2188.92
2020-11-18,2160.64
2020-11-19,2174.04
2020-11-20,2168.99
2020-11-23,2222.54
2020-11-24,2282.11
2020-11-25,2258.16
2020-11-27,2254.13
2020-11-30,2201.19
2020-12-01,2229.99
2020-12-02,2238.35
2020-12-03,2252.82
2020-12-04,2304.26
2020-12-07,2287.81
2020-12-08,2302.38
2020-12-09,2297.64
2020-12-10,2315
2020-12-11,2301.6
2020-12-14,2292.18
2020-12-15,2340.94
2020-12-16,2331.25
2020-12-17,2352.41
2020-12-18,2347.73
2020-12-21,2342.85
2020-12-22,2349.53
2020-12-23,2378.18
2020-12-24,2377.28
2020-12-28,2378.95
2020-12-29,2350.71
2020-12-30,2371.07
2020-12-31,2373.86
2021-01-04,2339.09
2021-01-05,2378.29
2021-01-06,2455.73
2021-01-07,2478.84
2021-01-08,2471.85
2021-01-11,2477.28
2021-01-12,2508.41
2021-01-13,2487.54
2021-01-14,2525.62
2021-01-15,2504.95
2021-01-19,2516.03
2021-01-20,2530.56
2021-01-21,2510.52
2021-01-22,2515.43
2021-01-25,2512.44
2021-01-26,2495.66
2021-01-27,2449.04
2021-01-28,2452.06
2021-01-29,2406.8
2021-02-01,2456.88
2021-02-02,2484.46
2021-02-03,2493.96
2021-02-04,2532.83
2021-02-05,2549.91
2021-02-08,2592.5
2021-02-09,2597.44
2021-02-10,2603.14
2021-02-11,2613.04
2021-02-12,2623.91
2021-02-16,2614.74
2021-02-17,2603.5
2021-02-18,2577.34
2021-02-19,2615.48
2021-02-22,2623.26
2021-02-23,2625.71
2021-02-24,2668.24
2021-02-25,2595.32
2021-02-26,2584.92
2021-03-01,2648.48
2021-03-02,2614.69
2021-03-03,2608.96
2021-03-04,2566.76
2021-03-05,2630.37
2021-03-08,2657.57
2021-03-09,2650.83
2021-03-10,2691.2
2021-03-11,2723.47
2021-03-12,2749.26
2021-03-15,2775.73
2021-03-16,2740.97
2021-03-17,2755.35
2021-03-18,2702.08
2021-03-19,2708.68
2021-03-22,2694.73
2021-03-23,2625.23
2021-03-24,2606.49
2021-03-25,2660.44
2021-03-26,2706.97
2021-03-29,2666.15
2021-03-30,2687.14
2021-03-31,2686.39
2021-04-01,2721.52
2021-04-05,2737.76
2021-04-06,2739.2
2021-04-07,2719.86
2021-04-08,2728.01
2021-04-09,2735.03
2021-04-12,2743.6
2021-04-13,2730.06
2021-04-14,2752.78
2021-04-15,2771.08
2021-04-16,2787.05
2021-04-19,2773.54
2021-04-20,2738.75
2021-04-21,2773.55
2021-04-22,2759.71
2021-04-23,2798.25
2021-04-26,2815.15
2021-04-27,2818.89
2021-04-28,2820.58
2021-04-29,2826.26
2021-04-30,2795.56
2021-05-03,2814.08
2021-05-04,2805.04
2021-05-05,2800.38
2021-05-06,2813.11
2021-05-07,2847.58
2021-05-10,2821.64
2021-05-11,2799.13
2021-05-12,2721.33
2021-05-13,2769.21
2021-05-14,2816.93
2021-05-17,2818.72
2021-05-18,2794.94
2021-05-19,2773.35
2021-05-20,2782.27
2021-05-21,2788.92
2021-05-24,2797.42
2021-05-25,2772.27
2021-05-26,2803.8
2021-05-27,2824
2021-05-28,2822.46
2021-06-01,2844.48
2021-06-02,2838.06
2021-06-03,2821.53
2021-06-04,2832.14
2021-06-07,2839.77
2021-06-08,2874.43
2021-06-09,2855.21
2021-06-10,2858.68
2021-06-11,2877.65
2021-06-14,2861.29
2021-06-15,2856.86
2021-06-16,2845.84
2021-06-17,2808.5
2021-06-18,2757.99
2021-06-21,2812.42
2021-06-22,2808.69
2021-06-23,2808.66
2021-06-24,2834.98
2021-06-25,2860.06
2021-06-28,2830.99
2021-06-29,2816.82
2021-06-30,2819.74
2021-07-01,2837.61
2021-07-02,2830.79
2021-07-06,2796.68
2021-07-07,2791.23
2021-07-08,2762.42
2021-07-09,2816.97
2021-07-12,2815.72
2021-07-13,2773.06
2021-07-14,2753.25
2021-07-15,2744.35
2021-07-16,2711.67
2021-07-19,2669.17
2021-07-20,2737.02
2021-07-21,2766.34
2021-07-22,2736.57
2021-07-23,2757.85
2021-07-26,2764.24
2021-07-27,2750.81
2021-07-28,2773.45
2021-07-29,2789.69
2021-07-30,2782.11
2021-08-02,2771.93
2021-08-03,2779.18
2021-08-04,2745.71
2021-08-05,2769.88
2021-08-06,2781.95
2021-08-09,2765.34
2021-08-10,2774.21
2021-08-11,2796
2021-08-12,2794.71
2021-08-13,2787.7
2021-08-16,2772.36
2021-08-17,2753.25
2021-08-18,2731.7
2021-08-19,2704.73
2021-08-20,2738.96
2021-08-23,2761.58
2021-08-24,2786.36
2021-08-25,2802.39
2021-08-26,2780.89
2021-08-27,2832.76
2021-08-30,2824.74
2021-08-31,2825.18
2021-09-01,2835.98
2021-09-02,2854.6
2021-09-03,2841.52
2021-09-07,2812.78
2021-09-08,2808.86
2021-09-09,2799.92
2021-09-10,2773.97
2021-09-13,2793.82
2021-09-14,2764.94
2021-09-15,2787.52
2021-09-16,2781.33
2021-09-17,2772.89
2021-09-20,2732.63
2021-09-21,2731.46
2021-09-22,2758.99
2021-09-23,2799.01
2021-09-24,2799.73
2021-09-27,2827.57
2021-09-28,2785.91
2021-09-29,2788.91
2021-09-30,2754.48
2021-10-01,2799.63
2021-10-04,2781.51
2021-10-05,2788.71
2021-10-06,2786.37
2021-10-07,2818.85
2021-10-08,2806.69
2021-10-11,2786.12
2021-10-12,2798.94
2021-10-13,2809.23
2021-10-14,2852.48
2021-10-15,2848.04
2021-10-18,2839.23
2021-10-19,2852.01
2021-10-20,2869.41
2021-10-21,2873.38
2021-10-22,2874.41
2021-10-25,2881.26
2021-10-26,2861.8
2021-10-27,2811.14
2021-10-28,2844.21
2021-10-29,2839.23
2021-11-01,2898.04
2021-11-02,2889.73
2021-11-03,2931.19
2021-11-04,2913.29
2021-11-05,2943.81
2021-11-08,2935.61
2021-11-09,2932.82
2021-11-10,2916.24
2021-11-11,2921.64
2021-11-12,2925.8
2021-11-15,2929.29
2021-11-16,2928.67
2021-11-17,2902.1
2021-11-18,2879.28
2021-11-19,2857.42
2021-11-22,2856.09
2021-11-23,2855.79
2021-11-24,2856.05
2021-11-26,2771.7
2021-11-29,2769.31
2021-11-30,2709.94
2021-12-01,2666.08
2021-12-02,2737.52
2021-12-03,2707.65
