Date,Dow Jones U.S. High Momentum Total Return Index
2011-11-30,923.66
2011-12-01,922.14
2011-12-02,923.1
2011-12-03,923.1
2011-12-04,923.1
2011-12-05,931.09
2011-12-06,925.9
2011-12-07,921.79
2011-12-08,902.29
2011-12-09,924.36
2011-12-10,924.36
2011-12-11,924.36
2011-12-12,908.58
2011-12-13,893.61
2011-12-14,880.07
2011-12-15,881.08
2011-12-16,888.27
2011-12-17,888.27
2011-12-18,888.27
2011-12-19,877.36
2011-12-20,904.62
2011-12-21,903.67
2011-12-22,908.57
2011-12-23,915.56
2011-12-24,915.56
2011-12-25,915.56
2011-12-26,915.56
2011-12-27,919.73
2011-12-28,905.86
2011-12-29,914.64
2011-12-30,909.76
2011-12-31,909.76
2012-01-01,909.76
2012-01-02,909.76
2012-01-03,915.66
2012-01-04,914.79
2012-01-05,922.79
2012-01-06,921.24
2012-01-07,921.24
2012-01-08,921.24
2012-01-09,924.94
2012-01-10,936.09
2012-01-11,935.57
2012-01-12,938.87
2012-01-13,935.99
2012-01-14,935.99
2012-01-15,935.99
2012-01-16,935.99
2012-01-17,941.06
2012-01-18,953.75
2012-01-19,957.92
2012-01-20,952.82
2012-01-21,952.82
2012-01-22,952.82
2012-01-23,952.75
2012-01-24,956.08
2012-01-25,968.55
2012-01-26,961.48
2012-01-27,967.39
2012-01-28,967.39
2012-01-29,967.39
2012-01-30,962.07
2012-01-31,962.23
2012-02-01,978.05
2012-02-02,980.45
2012-02-03,995.55
2012-02-04,995.55
2012-02-05,995.55
2012-02-06,995.12
2012-02-07,997.65
2012-02-08,998.99
2012-02-09,1001.81
2012-02-10,992.37
2012-02-11,992.37
2012-02-12,992.37
2012-02-13,1003.39
2012-02-14,1003.81
2012-02-15,998.56
2012-02-16,1010.82
2012-02-17,1011.09
2012-02-18,1011.09
2012-02-19,1011.09
2012-02-20,1011.09
2012-02-21,1008.62
2012-02-22,1007.96
2012-02-23,1017.36
2012-02-24,1018.95
2012-02-25,1018.95
2012-02-26,1018.95
2012-02-27,1019.98
2012-02-28,1020.03
2012-02-29,1013.93
2012-03-01,1022.6
2012-03-02,1015.92
2012-03-03,1015.92
2012-03-04,1015.92
2012-03-05,1014
2012-03-06,997.11
2012-03-07,1006.63
2012-03-08,1019.26
2012-03-09,1024.67
2012-03-10,1024.67
2012-03-11,1024.67
2012-03-12,1022.96
2012-03-13,1037.96
2012-03-14,1031.02
2012-03-15,1035.84
2012-03-16,1035.14
2012-03-17,1035.14
2012-03-18,1035.14
2012-03-19,1038.95
2012-03-20,1032.8
2012-03-21,1034.57
2012-03-22,1026.81
2012-03-23,1032.28
2012-03-24,1032.28
2012-03-25,1032.28
2012-03-26,1048.4
2012-03-27,1043.53
2012-03-28,1037.09
2012-03-29,1036.53
2012-03-30,1039.47
2012-03-31,1039.47
2012-04-01,1039.47
2012-04-02,1049.19
2012-04-03,1051.2
2012-04-04,1038.21
2012-04-05,1040.42
2012-04-06,1040.42
2012-04-07,1040.42
2012-04-08,1040.42
2012-04-09,1027.24
2012-04-10,1003.33
2012-04-11,1014.42
2012-04-12,1030.43
2012-04-13,1024.98
2012-04-14,1024.98
2012-04-15,1024.98
2012-04-16,1022.6
2012-04-17,1035.91
2012-04-18,1036.16
2012-04-19,1032.65
2012-04-20,1036.86
2012-04-21,1036.86
2012-04-22,1036.86
2012-04-23,1025.16
2012-04-24,1024
2012-04-25,1044.02
2012-04-26,1055.61
2012-04-27,1061.71
2012-04-28,1061.71
2012-04-29,1061.71
2012-04-30,1055.02
2012-05-01,1058.3
2012-05-02,1063.3
2012-05-03,1049.43
2012-05-04,1033.08
2012-05-05,1033.08
2012-05-06,1033.08
2012-05-07,1032.42
2012-05-08,1024.89
2012-05-09,1020.28
2012-05-10,1025.33
2012-05-11,1026.98
2012-05-12,1026.98
2012-05-13,1026.98
2012-05-14,1013.29
2012-05-15,1011.57
2012-05-16,1007.5
2012-05-17,978.79
2012-05-18,969.5
2012-05-19,969.5
2012-05-20,969.5
2012-05-21,993.66
2012-05-22,996.92
2012-05-23,1003.71
2012-05-24,1007.1
2012-05-25,1005.03
2012-05-26,1005.03
2012-05-27,1005.03
2012-05-28,1005.03
2012-05-29,1017.29
2012-05-30,1000.53
2012-05-31,995.07
2012-06-01,962.54
2012-06-02,962.54
2012-06-03,962.54
2012-06-04,962.24
2012-06-05,972.65
2012-06-06,995.76
2012-06-07,989.09
2012-06-08,999.64
2012-06-09,999.64
2012-06-10,999.64
2012-06-11,980.9
2012-06-12,993.92
2012-06-13,980.66
2012-06-14,989.77
2012-06-15,999.46
2012-06-16,999.46
2012-06-17,999.46
2012-06-18,1006.88
2012-06-19,1017.05
2012-06-20,1012.56
2012-06-21,987.94
2012-06-22,994.23
2012-06-23,994.23
2012-06-24,994.23
2012-06-25,980.79
2012-06-26,987.82
2012-06-27,991.45
2012-06-28,988.82
2012-06-29,1015.29
2012-06-30,1015.29
2012-07-01,1015.29
2012-07-02,1024.62
2012-07-03,1033.06
2012-07-04,1033.06
2012-07-05,1034.38
2012-07-06,1024.77
2012-07-07,1024.77
2012-07-08,1024.77
2012-07-09,1026.3
2012-07-10,1014.48
2012-07-11,1006.59
2012-07-12,1008.45
2012-07-13,1022.36
2012-07-14,1022.36
2012-07-15,1022.36
2012-07-16,1019.49
2012-07-17,1025.61
2012-07-18,1030.64
2012-07-19,1032.51
2012-07-20,1022.5
2012-07-21,1022.5
2012-07-22,1022.5
2012-07-23,1011.59
2012-07-24,1002.95
2012-07-25,1005.64
2012-07-26,1024.28
2012-07-27,1042.51
2012-07-28,1042.51
2012-07-29,1042.51
2012-07-30,1039.64
2012-07-31,1032.08
2012-08-01,1020.98
2012-08-02,1020.6
2012-08-03,1039.26
2012-08-04,1039.26
2012-08-05,1039.26
2012-08-06,1040.63
2012-08-07,1047.4
2012-08-08,1046.58
2012-08-09,1047.22
2012-08-10,1045.43
2012-08-11,1045.43
2012-08-12,1045.43
2012-08-13,1045.09
2012-08-14,1047.1
2012-08-15,1052.17
2012-08-16,1059.01
2012-08-17,1063.58
2012-08-18,1063.58
2012-08-19,1063.58
2012-08-20,1057.67
2012-08-21,1055.68
2012-08-22,1059.36
2012-08-23,1053.42
2012-08-24,1060.18
2012-08-25,1060.18
2012-08-26,1060.18
2012-08-27,1060.24
2012-08-28,1062.54
2012-08-29,1063.73
2012-08-30,1057.22
2012-08-31,1062.91
2012-09-01,1062.91
2012-09-02,1062.91
2012-09-03,1062.91
2012-09-04,1071.63
2012-09-05,1068.29
2012-09-06,1087.86
2012-09-07,1087.82
2012-09-08,1087.82
2012-09-09,1087.82
2012-09-10,1081.23
2012-09-11,1081.86
2012-09-12,1084.58
2012-09-13,1095.76
2012-09-14,1099.08
2012-09-15,1099.08
2012-09-16,1099.08
2012-09-17,1093.59
2012-09-18,1088.84
2012-09-19,1093.73
2012-09-20,1091.74
2012-09-21,1094.39
2012-09-22,1094.39
2012-09-23,1094.39
2012-09-24,1088.43
2012-09-25,1076.93
2012-09-26,1069.36
2012-09-27,1082.13
2012-09-28,1080.31
2012-09-29,1080.31
2012-09-30,1080.31
2012-10-01,1081.12
2012-10-02,1083.85
2012-10-03,1092.58
2012-10-04,1101.65
2012-10-05,1103.25
2012-10-06,1103.25
2012-10-07,1103.25
2012-10-08,1097.83
2012-10-09,1082.99
2012-10-10,1077.94
2012-10-11,1078.67
2012-10-12,1075.54
2012-10-13,1075.54
2012-10-14,1075.54
2012-10-15,1086.45
2012-10-16,1099.59
2012-10-17,1107.63
2012-10-18,1104.93
2012-10-19,1089.56
2012-10-20,1089.56
2012-10-21,1089.56
2012-10-22,1087.08
2012-10-23,1075.63
2012-10-24,1075.41
2012-10-25,1073.57
2012-10-26,1071.08
2012-10-27,1071.08
2012-10-28,1071.08
2012-10-29,1071.08
2012-10-30,1071.08
2012-10-31,1075.55
2012-11-01,1089.4
2012-11-02,1073.3
2012-11-03,1073.3
2012-11-04,1073.3
2012-11-05,1078.77
2012-11-06,1086.11
2012-11-07,1065.19
2012-11-08,1052.34
2012-11-09,1053.88
2012-11-10,1053.88
2012-11-11,1053.88
2012-11-12,1052.19
2012-11-13,1050.63
2012-11-14,1029.07
2012-11-15,1024.13
2012-11-16,1037.96
2012-11-17,1037.96
2012-11-18,1037.96
2012-11-19,1059.8
2012-11-20,1066.03
2012-11-21,1070.12
2012-11-22,1070.12
2012-11-23,1082.02
2012-11-24,1082.02
2012-11-25,1082.02
2012-11-26,1079.76
2012-11-27,1075.16
2012-11-28,1083.14
2012-11-29,1091.19
2012-11-30,1090.36
2012-12-01,1090.36
2012-12-02,1090.36
2012-12-03,1086.99
2012-12-04,1083.99
2012-12-05,1085.02
2012-12-06,1088.97
2012-12-07,1091.14
2012-12-08,1091.14
2012-12-09,1091.14
2012-12-10,1095.64
2012-12-11,1100.87
2012-12-12,1100.22
2012-12-13,1090.68
2012-12-14,1087.43
2012-12-15,1087.43
2012-12-16,1087.43
2012-12-17,1101.79
2012-12-18,1116.86
2012-12-19,1114.63
2012-12-20,1122.05
2012-12-21,1112.81
2012-12-22,1112.81
2012-12-23,1112.81
2012-12-24,1109.82
2012-12-25,1109.82
2012-12-26,1100.09
2012-12-27,1099.93
2012-12-28,1090.97
2012-12-29,1090.97
2012-12-30,1090.97
2012-12-31,1112.89
2013-01-01,1112.89
2013-01-02,1144.96
2013-01-03,1143.11
2013-01-04,1152.64
2013-01-05,1152.64
2013-01-06,1152.64
2013-01-07,1148.17
2013-01-08,1148.82
2013-01-09,1154.83
2013-01-10,1158.27
2013-01-11,1156.81
2013-01-12,1156.81
2013-01-13,1156.81
2013-01-14,1155.3
2013-01-15,1161.82
2013-01-16,1160.81
2013-01-17,1172.38
2013-01-18,1174.85
2013-01-19,1174.85
2013-01-20,1174.85
2013-01-21,1174.85
2013-01-22,1181.94
2013-01-23,1181.91
2013-01-24,1185.03
2013-01-25,1197.91
2013-01-26,1197.91
2013-01-27,1197.91
2013-01-28,1191.79
2013-01-29,1192.81
2013-01-30,1188.08
2013-01-31,1189.59
2013-02-01,1201.57
2013-02-02,1201.57
2013-02-03,1201.57
2013-02-04,1187.99
2013-02-05,1200.23
2013-02-06,1204.86
2013-02-07,1200.88
2013-02-08,1211.18
2013-02-09,1211.18
2013-02-10,1211.18
2013-02-11,1209.78
2013-02-12,1216.23
2013-02-13,1218.98
2013-02-14,1221.22
2013-02-15,1220.56
2013-02-16,1220.56
2013-02-17,1220.56
2013-02-18,1220.56
2013-02-19,1225.49
2013-02-20,1198.12
2013-02-21,1186.55
2013-02-22,1201.85
2013-02-23,1201.85
2013-02-24,1201.85
2013-02-25,1173.67
2013-02-26,1182.32
2013-02-27,1202.61
2013-02-28,1205.87
2013-03-01,1208.78
2013-03-02,1208.78
2013-03-03,1208.78
2013-03-04,1217.46
2013-03-05,1233.71
2013-03-06,1234.54
2013-03-07,1237.03
2013-03-08,1246.29
2013-03-09,1246.29
2013-03-10,1246.29
2013-03-11,1248.32
2013-03-12,1245.51
2013-03-13,1250.46
2013-03-14,1259.23
2013-03-15,1254.27
2013-03-16,1254.27
2013-03-17,1254.27
2013-03-18,1248.41
2013-03-19,1242.91
2013-03-20,1258.86
2013-03-21,1245.53
2013-03-22,1250.89
2013-03-23,1250.89
2013-03-24,1250.89
2013-03-25,1245.67
2013-03-26,1253.61
2013-03-27,1255.6
2013-03-28,1262.56
2013-03-29,1262.56
2013-03-30,1262.56
2013-03-31,1262.56
2013-04-01,1251.95
2013-04-02,1247.71
2013-04-03,1225.19
2013-04-04,1233.09
2013-04-05,1233.44
2013-04-06,1233.44
2013-04-07,1233.44
2013-04-08,1246.32
2013-04-09,1245.46
2013-04-10,1260.26
2013-04-11,1265.62
2013-04-12,1260.16
2013-04-15,1218.27
2013-04-16,1240.65
2013-04-17,1222.32
2013-04-18,1211.88
2013-04-19,1229.41
2013-04-22,1236.08
2013-04-23,1254.69
2013-04-24,1258.01
2013-04-25,1267.1
2013-04-26,1263.14
2013-04-29,1269.2
2013-04-30,1273.51
2013-05-01,1254.47
2013-05-02,1276.09
2013-05-03,1290.96
2013-05-06,1299.47
2013-05-07,1309.45
2013-05-08,1310.55
2013-05-09,1303.36
2013-05-10,1311.38
2013-05-13,1310.77
2013-05-14,1330.05
2013-05-15,1335.73
2013-05-16,1324.16
2013-05-17,1339.5
2013-05-20,1335.88
2013-05-21,1333.83
2013-05-22,1312.24
2013-05-23,1313.66
2013-05-24,1308.64
2013-05-28,1319.77
2013-05-29,1303.55
2013-05-30,1312.97
2013-05-31,1300.92
2013-06-03,1295.72
2013-06-04,1283.48
2013-06-05,1262.89
2013-06-06,1282.37
2013-06-07,1297.62
2013-06-10,1297.23
2013-06-11,1280.86
2013-06-12,1267.99
2013-06-13,1294.58
2013-06-14,1290.2
2013-06-17,1298.38
2013-06-18,1310.94
2013-06-19,1291.83
2013-06-20,1251.44
2013-06-21,1246.22
2013-06-24,1232.6
2013-06-25,1248.92
2013-06-26,1263.05
2013-06-27,1279.54
2013-06-28,1271.75
2013-07-01,1288.65
2013-07-02,1284.3
2013-07-03,1284.57
2013-07-05,1301.14
2013-07-08,1304.87
2013-07-09,1320.58
2013-07-10,1319.51
2013-07-11,1340.3
2013-07-12,1349.74
2013-07-15,1351.67
2013-07-16,1339.79
2013-07-17,1348.81
2013-07-18,1357.63
2013-07-19,1360.83
2013-07-22,1363.65
2013-07-23,1357.99
2013-07-24,1349.35
2013-07-25,1355.95
2013-07-26,1356.63
2013-07-29,1348.95
2013-07-30,1356.05
2013-07-31,1364.5
2013-08-01,1391.48
2013-08-02,1392.92
2013-08-05,1392.69
2013-08-06,1375.15
2013-08-07,1365.15
2013-08-08,1374.49
2013-08-09,1374.59
2013-08-12,1374.19
2013-08-13,1375.13
2013-08-14,1363.98
2013-08-15,1338.24
2013-08-16,1337.79
2013-08-19,1324.6
2013-08-20,1342.62
2013-08-21,1334.99
2013-08-22,1354.13
2013-08-23,1356.1
2013-08-26,1355.36
2013-08-27,1320.96
2013-08-28,1327.47
2013-08-29,1336.15
2013-08-30,1322.07
2013-09-03,1333.53
2013-09-04,1348.34
2013-09-05,1354.22
2013-09-06,1353.12
2013-09-09,1372.41
2013-09-10,1389.52
2013-09-11,1389.67
2013-09-12,1380.32
2013-09-13,1385.84
2013-09-16,1395.71
2013-09-17,1406.17
2013-09-18,1418.91
2013-09-19,1420.46
2013-09-20,1409.6
2013-09-23,1400.09
2013-09-24,1406.77
2013-09-25,1408.39
2013-09-26,1417.3
2013-09-27,1411.57
2013-09-30,1409.28
2013-10-01,1428.25
2013-10-02,1424.74
2013-10-03,1413.46
2013-10-04,1428.9
2013-10-07,1408.89
2013-10-08,1378.6
2013-10-09,1372.37
2013-10-10,1409.83
2013-10-11,1423.59
2013-10-14,1430.14
2013-10-15,1416.61
2013-10-16,1440.91
2013-10-17,1454.68
2013-10-18,1468.41
2013-10-21,1467.02
2013-10-22,1474.83
2013-10-23,1462.22
2013-10-24,1475.03
2013-10-25,1477.27
2013-10-28,1471.32
2013-10-29,1482.37
2013-10-30,1468.97
2013-10-31,1465.77
2013-11-01,1468.92
2013-11-04,1485.3
2013-11-05,1480.31
2013-11-06,1470.89
2013-11-07,1434.59
2013-11-08,1466.06
2013-11-11,1474.08
2013-11-12,1471.79
2013-11-13,1489.24
2013-11-14,1496.06
2013-11-15,1501.8
2013-11-18,1485.3
2013-11-19,1474.12
2013-11-20,1469.72
2013-11-21,1493.7
2013-11-22,1503.81
2013-11-25,1499
2013-11-26,1506.22
2013-11-27,1511.18
2013-11-29,1509.8
2013-12-02,1510.11
2013-12-03,1504.11
2013-12-04,1504.09
2013-12-05,1499.39
2013-12-06,1511.73
2013-12-09,1512.63
2013-12-10,1509
2013-12-11,1482.42
2013-12-12,1487.29
2013-12-13,1492.89
2013-12-16,1504.64
2013-12-17,1502.04
2013-12-18,1521.51
2013-12-19,1516.2
2013-12-20,1534.2
2013-12-23,1545.06
2013-12-24,1549.88
2013-12-26,1556.15
2013-12-27,1548.9
2013-12-30,1548.34
2013-12-31,1556.77
2014-01-02,1543.42
2014-01-03,1547.73
2014-01-06,1540.88
2014-01-07,1556.77
2014-01-08,1566.84
2014-01-09,1570.33
2014-01-10,1580.12
2014-01-13,1555.66
2014-01-14,1579.69
2014-01-15,1582.21
2014-01-16,1581.58
2014-01-17,1575.78
2014-01-21,1583.17
2014-01-22,1594.76
2014-01-23,1575.22
2014-01-24,1525.69
2014-01-27,1508.34
2014-01-28,1529.79
2014-01-29,1511.27
2014-01-30,1541.53
2014-01-31,1536.88
2014-02-03,1485.49
2014-02-04,1503
2014-02-05,1498.79
2014-02-06,1514.16
2014-02-07,1542.76
2014-02-10,1544.07
2014-02-11,1558.56
2014-02-12,1568.25
2014-02-13,1586.45
2014-02-14,1588.11
2014-02-18,1609.95
2014-02-19,1595.37
2014-02-20,1615.58
2014-02-21,1617.84
2014-02-24,1632.31
2014-02-25,1633.86
2014-02-26,1633.44
2014-02-27,1641.02
2014-02-28,1634.48
2014-03-03,1623.86
2014-03-04,1662.49
2014-03-05,1659.15
2014-03-06,1656.22
2014-03-07,1653.77
2014-03-10,1646.96
2014-03-11,1631.97
2014-03-12,1636.39
2014-03-13,1612.3
2014-03-14,1616.84
2014-03-17,1630.6
2014-03-18,1649.79
2014-03-19,1640.71
2014-03-20,1646.85
2014-03-21,1631.55
2014-03-24,1612.03
2014-03-25,1609.94
2014-03-26,1586.3
2014-03-27,1580.19
2014-03-28,1583.33
2014-03-31,1608.83
2014-04-01,1633.11
2014-04-02,1637.63
2014-04-03,1620.11
2014-04-04,1579.98
2014-04-07,1547.83
2014-04-08,1558.25
2014-04-09,1590.97
2014-04-10,1539.65
2014-04-11,1514.67
2014-04-14,1521.39
2014-04-15,1531.77
2014-04-16,1561.26
2014-04-17,1568.54
2014-04-21,1576.1
2014-04-22,1592.04
2014-04-23,1587.52
2014-04-24,1577.82
2014-04-25,1547.96
2014-04-28,1533.4
2014-04-29,1550.04
2014-04-30,1562.49
2014-05-01,1566.39
2014-05-02,1571.06
2014-05-05,1575.95
2014-05-06,1555.11
2014-05-07,1559.81
2014-05-08,1548.76
2014-05-09,1551.02
2014-05-12,1581.86
2014-05-13,1577.68
2014-05-14,1563.6
2014-05-15,1543.55
2014-05-16,1547
2014-05-19,1560.88
2014-05-20,1543.15
2014-05-21,1557.59
2014-05-22,1568.18
2014-05-23,1583.5
2014-05-27,1601.33
2014-05-28,1596.03
2014-05-29,1606.37
2014-05-30,1601.57
2014-06-02,1610.16
2014-06-03,1609.17
2014-06-04,1619.56
2014-06-05,1631.47
2014-06-06,1644.17
2014-06-09,1645.14
2014-06-10,1639.34
2014-06-11,1635.93
2014-06-12,1622.67
2014-06-13,1626.62
2014-06-16,1628.66
2014-06-17,1643.32
2014-06-18,1653.43
2014-06-19,1651.16
2014-06-20,1659.81
2014-06-23,1658.39
2014-06-24,1643.39
2014-06-25,1658.16
2014-06-26,1658.07
2014-06-27,1664.72
2014-06-30,1668.99
2014-07-01,1684.54
2014-07-02,1678.77
2014-07-03,1690.64
2014-07-07,1669.56
2014-07-08,1650.08
2014-07-09,1659.45
2014-07-10,1650.48
2014-07-11,1650.31
2014-07-14,1660.52
2014-07-15,1650.12
2014-07-16,1649.08
2014-07-17,1624.68
2014-07-18,1650.08
2014-07-21,1647.17
2014-07-22,1661.45
2014-07-23,1663.26
2014-07-24,1663.52
2014-07-25,1653.88
2014-07-28,1648.47
2014-07-29,1640.17
2014-07-30,1640.56
2014-07-31,1599.89
2014-08-01,1597.97
2014-08-04,1610.36
2014-08-05,1594.93
2014-08-06,1590.82
2014-08-07,1582.86
2014-08-08,1601.41
2014-08-11,1609.81
2014-08-12,1602.06
2014-08-13,1621.7
2014-08-14,1627.27
2014-08-15,1630.48
2014-08-18,1648.57
2014-08-19,1656.72
2014-08-20,1662.54
2014-08-21,1661.47
2014-08-22,1665.23
2014-08-25,1675.2
2014-08-26,1677.03
2014-08-27,1675.73
2014-08-28,1674.55
2014-08-29,1683.71
2014-09-02,1691.9
2014-09-03,1687.44
2014-09-04,1679.3
2014-09-05,1687.87
2014-09-08,1685.98
2014-09-09,1669.44
2014-09-10,1678.35
2014-09-11,1683.77
2014-09-12,1667.56
2014-09-15,1653.82
2014-09-16,1670.54
2014-09-17,1674.33
2014-09-18,1679.8
2014-09-19,1670.99
2014-09-22,1645.88
2014-09-23,1636.01
2014-09-24,1650.07
2014-09-25,1623.48
2014-09-26,1639.22
2014-09-29,1636.12
2014-09-30,1622.78
2014-10-01,1592.58
2014-10-02,1594
2014-10-03,1616.74
2014-10-06,1605.2
2014-10-07,1575.18
2014-10-08,1598.46
2014-10-09,1553.75
2014-10-10,1516.61
2014-10-13,1474.93
2014-10-14,1484.61
2014-10-15,1483.64
2014-10-16,1504.71
2014-10-17,1524.45
2014-10-20,1542.06
2014-10-21,1584.93
2014-10-22,1566.13
2014-10-23,1590.43
2014-10-24,1601.36
2014-10-27,1597.61
2014-10-28,1625.49
2014-10-29,1624.11
2014-10-30,1629.64
2014-10-31,1654.96
2014-11-03,1659.7
2014-11-04,1647.54
2014-11-05,1649.83
2014-11-06,1660.25
2014-11-07,1654.7
2014-11-10,1661.83
2014-11-11,1660.31
2014-11-12,1658.88
2014-11-13,1656.45
2014-11-14,1656.43
2014-11-17,1655.5
2014-11-18,1673.29
2014-11-19,1668.23
2014-11-20,1674.89
2014-11-21,1681.21
2014-11-24,1693.77
2014-11-25,1696.61
2014-11-26,1702.48
2014-11-28,1693.46
2014-12-01,1666.32
2014-12-02,1679.53
2014-12-03,1690.14
2014-12-04,1690.36
2014-12-05,1693.28
2014-12-08,1677.35
2014-12-09,1682
2014-12-10,1652.93
2014-12-11,1660.42
2014-12-12,1635.97
2014-12-15,1622.75
2014-12-16,1609.72
2014-12-17,1649.53
2014-12-18,1681.92
2014-12-19,1688.56
2014-12-22,1694.82
2014-12-23,1693.68
2014-12-24,1698.44
2014-12-26,1707.41
2014-12-29,1711.68
2014-12-30,1702.02
2014-12-31,1685.94
2015-01-02,1689.75
2015-01-05,1669.02
2015-01-06,1655
2015-01-07,1678.38
2015-01-08,1710.76
2015-01-09,1702.61
2015-01-12,1692.88
2015-01-13,1691.07
2015-01-14,1688.19
2015-01-15,1673.42
2015-01-16,1697.93
2015-01-20,1700.15
2015-01-21,1707
2015-01-22,1734.1
2015-01-23,1733.92
2015-01-26,1748.67
2015-01-27,1738.44
2015-01-28,1719.53
2015-01-29,1736.23
2015-01-30,1707.77
2015-02-02,1715.51
2015-02-03,1738.43
2015-02-04,1736.62
2015-02-05,1758.25
2015-02-06,1740.1
2015-02-09,1724.68
2015-02-10,1747.44
2015-02-11,1747.32
2015-02-12,1765.76
2015-02-13,1767.17
2015-02-17,1769.49
2015-02-18,1781.79
2015-02-19,1776.16
2015-02-20,1791.35
2015-02-23,1797.43
2015-02-24,1792.59
2015-02-25,1789.43
2015-02-26,1787.07
2015-02-27,1783.65
2015-03-02,1797.13
2015-03-03,1788
2015-03-04,1780.82
2015-03-05,1786.27
2015-03-06,1752.87
2015-03-09,1763.07
2015-03-10,1740.35
2015-03-11,1747.61
2015-03-12,1770.96
2015-03-13,1765.83
2015-03-16,1793.14
2015-03-17,1793.46
2015-03-18,1817.54
2015-03-19,1816.41
2015-03-20,1834.81
2015-03-23,1826.56
2015-03-24,1817.64
2015-03-25,1779.23
2015-03-26,1775.38
2015-03-27,1791.16
2015-03-30,1816.8
2015-03-31,1804.14
2015-04-01,1795.32
2015-04-02,1800.21
2015-04-06,1808.25
2015-04-07,1796.31
2015-04-08,1809.86
2015-04-09,1805.56
2015-04-10,1812.88
2015-04-13,1802.78
2015-04-14,1800.55
2015-04-15,1800.48
2015-04-16,1802.03
2015-04-17,1780.64
2015-04-20,1795.66
2015-04-21,1804.77
2015-04-22,1808.32
2015-04-23,1815.81
2015-04-24,1810.7
2015-04-27,1791.39
2015-04-28,1790.32
2015-04-29,1769.47
2015-04-30,1744.4
2015-05-01,1766.36
2015-05-04,1770.15
2015-05-05,1740.15
2015-05-06,1738.58
2015-05-07,1756.83
2015-05-08,1777.98
2015-05-11,1773.69
2015-05-12,1766.18
2015-05-13,1763.82
2015-05-14,1783.71
2015-05-15,1789.94
2015-05-18,1804.43
2015-05-19,1804.23
2015-05-20,1800.33
2015-05-21,1801.52
2015-05-22,1799.9
2015-05-26,1783.01
2015-05-27,1806.13
2015-05-28,1804.61
2015-05-29,1799.03
2015-06-01,1803.71
2015-06-02,1797.33
2015-06-03,1800.36
2015-06-04,1782.99
2015-06-05,1789.76
2015-06-08,1773.83
2015-06-09,1771.14
2015-06-10,1791.34
2015-06-11,1798.54
2015-06-12,1789.48
2015-06-15,1782.45
2015-06-16,1795.1
2015-06-17,1797.19
2015-06-18,1819.72
2015-06-19,1814.69
2015-06-22,1827.82
2015-06-23,1827.25
2015-06-24,1807.42
2015-06-25,1805.76
2015-06-26,1802.3
2015-06-29,1761.07
2015-06-30,1772.72
2015-07-01,1787.53
2015-07-02,1784.73
2015-07-06,1782.02
2015-07-07,1791.85
2015-07-08,1762.8
2015-07-09,1768.5
2015-07-10,1797.92
2015-07-13,1813.98
2015-07-14,1825.04
2015-07-15,1818.66
2015-07-16,1834.04
2015-07-17,1826.99
2015-07-20,1829.52
2015-07-21,1819.19
2015-07-22,1823.2
2015-07-23,1813.16
2015-07-24,1800.55
2015-07-27,1781.74
2015-07-28,1801.6
2015-07-29,1814.85
2015-07-30,1821.07
2015-07-31,1822.54
2015-08-03,1815.12
2015-08-04,1812.46
2015-08-05,1823.32
2015-08-06,1798.78
2015-08-07,1795.95
2015-08-10,1816.51
2015-08-11,1802.66
2015-08-12,1799.4
2015-08-13,1804.29
2015-08-14,1815.81
2015-08-17,1832.07
2015-08-18,1823.7
2015-08-19,1808.82
2015-08-20,1760.54
2015-08-21,1711.1
2015-08-24,1641.17
2015-08-25,1629.55
2015-08-26,1680.69
2015-08-27,1719.24
2015-08-28,1724.61
2015-08-31,1707.39
2015-09-01,1660.4
2015-09-02,1690.83
2015-09-03,1695.09
2015-09-04,1675.53
2015-09-08,1724.37
2015-09-09,1705.48
2015-09-10,1710.88
2015-09-11,1724.61
2015-09-14,1716.93
2015-09-15,1734.16
2015-09-16,1741.68
2015-09-17,1744.11
2015-09-18,1720.1
2015-09-21,1728.39
2015-09-22,1705.54
2015-09-23,1707.88
2015-09-24,1696.94
2015-09-25,1696.14
2015-09-28,1640.79
2015-09-29,1633.35
2015-09-30,1664.34
2015-10-01,1677.04
2015-10-02,1700.92
2015-10-05,1725.28
2015-10-06,1701.54
2015-10-07,1718.48
2015-10-08,1730.64
2015-10-09,1736.17
2015-10-12,1744.24
2015-10-13,1719.98
2015-10-14,1705.35
2015-10-15,1740.49
2015-10-16,1748.87
2015-10-19,1752.09
2015-10-20,1741.46
2015-10-21,1725.37
2015-10-22,1742.39
2015-10-23,1753.13
2015-10-26,1752.63
2015-10-27,1745.5
2015-10-28,1777.79
2015-10-29,1761.9
2015-10-30,1757.61
2015-11-02,1781.96
2015-11-03,1781.83
2015-11-04,1776.68
2015-11-05,1774.47
2015-11-06,1774.85
2015-11-09,1759
2015-11-10,1769.78
2015-11-11,1763.89
2015-11-12,1733.92
2015-11-13,1719.38
2015-11-16,1731.72
2015-11-17,1736.38
2015-11-18,1764.74
2015-11-19,1762.03
2015-11-20,1772.38
2015-11-23,1778.09
2015-11-24,1779.94
2015-11-25,1787.79
2015-11-27,1796.24
2015-11-30,1781.43
2015-12-01,1795.2
2015-12-02,1778.83
2015-12-03,1746.22
2015-12-04,1783.35
2015-12-07,1764.5
2015-12-08,1767.28
2015-12-09,1739.71
2015-12-10,1742.34
2015-12-11,1708.98
2015-12-14,1710.79
2015-12-15,1728.68
2015-12-16,1753.13
2015-12-17,1730.13
2015-12-18,1704.35
2015-12-21,1715.69
2015-12-22,1722.61
2015-12-23,1739.6
2015-12-24,1740.97
2015-12-28,1741.57
2015-12-29,1759.42
2015-12-30,1747.44
2015-12-31,1729.37
2016-01-04,1694.3
2016-01-05,1702.78
2016-01-06,1681.77
2016-01-07,1645.82
2016-01-08,1623.51
2016-01-11,1622.87
2016-01-12,1639.11
2016-01-13,1584.45
2016-01-14,1608.27
2016-01-15,1579.48
2016-01-19,1573.55
2016-01-20,1564.82
2016-01-21,1559.07
2016-01-22,1597.72
2016-01-25,1570.53
2016-01-26,1592.06
2016-01-27,1566.3
2016-01-28,1567.68
2016-01-29,1612.14
2016-02-01,1617.5
2016-02-02,1583.13
2016-02-03,1581.68
2016-02-04,1575.44
2016-02-05,1527.29
2016-02-08,1489.68
2016-02-09,1494.6
2016-02-10,1503.22
2016-02-11,1489.39
2016-02-12,1514.74
2016-02-16,1544.43
2016-02-17,1567.37
2016-02-18,1554.83
2016-02-19,1565.95
2016-02-22,1586.86
2016-02-23,1572.73
2016-02-24,1586.48
2016-02-25,1606.76
2016-02-26,1607.4
2016-02-29,1593.26
2016-03-01,1625.91
2016-03-02,1631.56
2016-03-03,1636.3
2016-03-04,1638.85
2016-03-07,1634.76
2016-03-08,1620.19
2016-03-09,1627.93
2016-03-10,1626.56
2016-03-11,1652.01
2016-03-14,1649.5
2016-03-15,1645.01
2016-03-16,1653.95
2016-03-17,1661.13
2016-03-18,1665.36
2016-03-21,1664.17
2016-03-22,1665.27
2016-03-23,1654.66
2016-03-24,1654.67
2016-03-28,1660.86
2016-03-29,1684.76
2016-03-30,1689.56
2016-03-31,1687.26
2016-04-01,1700.32
2016-04-04,1691.55
2016-04-05,1675.08
2016-04-06,1693.01
2016-04-07,1674.93
2016-04-08,1681.65
2016-04-11,1673.3
2016-04-12,1683.6
2016-04-13,1698.63
2016-04-14,1693.79
2016-04-15,1698.36
2016-04-18,1709.83
2016-04-19,1707.52
2016-04-20,1704.05
2016-04-21,1687.52
2016-04-22,1692.68
2016-04-25,1693.86
2016-04-26,1700.01
2016-04-27,1706.57
2016-04-28,1688.05
2016-04-29,1682.92
2016-05-02,1701.01
2016-05-03,1684.91
2016-05-04,1679.05
2016-05-05,1678.96
2016-05-06,1690.28
2016-05-09,1696.44
2016-05-10,1712.61
2016-05-11,1698.67
2016-05-12,1702.76
2016-05-13,1694.04
2016-05-16,1708.35
2016-05-17,1683.86
2016-05-18,1683.42
2016-05-19,1677.02
2016-05-20,1688.96
2016-05-23,1685.12
2016-05-24,1715.5
2016-05-25,1720.23
2016-05-26,1720.94
2016-05-27,1732.52
2016-05-31,1730.5
2016-06-01,1736.61
2016-06-02,1742.99
2016-06-03,1740.6
2016-06-06,1744.07
2016-06-07,1750.02
2016-06-08,1758.65
2016-06-09,1761.32
2016-06-10,1744.01
2016-06-13,1729.58
2016-06-14,1729.63
2016-06-15,1727.82
2016-06-16,1733.31
2016-06-17,1726.03
2016-06-20,1739.34
2016-06-21,1743.95
2016-06-22,1741.48
2016-06-23,1762.32
2016-06-24,1715.26
2016-06-27,1688.65
2016-06-28,1717.98
2016-06-29,1744.4
2016-06-30,1773.14
2016-07-01,1772.96
2016-07-05,1771.28
2016-07-06,1780.03
2016-07-07,1774.85
2016-07-08,1799.13
2016-07-11,1804.6
2016-07-12,1808.75
2016-07-13,1807.85
2016-07-14,1807.76
2016-07-15,1804.55
2016-07-18,1805.73
2016-07-19,1804.88
2016-07-20,1811.61
2016-07-21,1800.06
2016-07-22,1815.14
2016-07-25,1811.67
2016-07-26,1815.57
2016-07-27,1805.79
2016-07-28,1816.11
2016-07-29,1821.82
2016-08-01,1818.01
2016-08-02,1802.88
2016-08-03,1803.71
2016-08-04,1802.53
2016-08-05,1810.3
2016-08-08,1807.8
2016-08-09,1813.02
2016-08-10,1812.67
2016-08-11,1815.91
2016-08-12,1815.68
2016-08-15,1817.11
2016-08-16,1796.64
2016-08-17,1799.65
2016-08-18,1811.47
2016-08-19,1811.92
2016-08-22,1815.08
2016-08-23,1819.24
2016-08-24,1807.18
2016-08-25,1809.75
2016-08-26,1801.53
2016-08-29,1814.41
2016-08-30,1808.8
2016-08-31,1805.46
2016-09-01,1809.1
2016-09-02,1825.86
2016-09-06,1833.91
2016-09-07,1834.77
2016-09-08,1822.98
2016-09-09,1763.61
2016-09-12,1785.76
2016-09-13,1753.7
2016-09-14,1753.74
2016-09-15,1774.12
2016-09-16,1767.77
2016-09-19,1780.11
2016-09-20,1777.45
2016-09-21,1806.55
2016-09-22,1824.38
2016-09-23,1810.6
2016-09-26,1806.47
2016-09-27,1811.94
2016-09-28,1826.29
2016-09-29,1809.96
2016-09-30,1817.45
2016-10-03,1805.23
2016-10-04,1784.63
2016-10-05,1784.42
2016-10-06,1787.84
2016-10-07,1778.74
2016-10-10,1793.24
2016-10-11,1766.03
2016-10-12,1775.43
2016-10-13,1776.33
2016-10-14,1773.97
2016-10-17,1773.69
2016-10-18,1783.52
2016-10-19,1787.84
2016-10-20,1782.73
2016-10-21,1778.38
2016-10-24,1787.9
2016-10-25,1774.87
2016-10-26,1759.58
2016-10-27,1733.25
2016-10-28,1736.99
2016-10-31,1746.77
2016-11-01,1725.28
2016-11-02,1707.26
2016-11-03,1704.15
2016-11-04,1706.08
2016-11-07,1745.59
2016-11-08,1753.59
2016-11-09,1763.72
2016-11-10,1743.1
2016-11-11,1752.98
2016-11-14,1766.18
2016-11-15,1783.02
2016-11-16,1785.01
2016-11-17,1791.97
2016-11-18,1792.96
2016-11-21,1807.42
2016-11-22,1821.14
2016-11-23,1827.59
2016-11-25,1836.41
2016-11-28,1824.43
2016-11-29,1832.39
2016-11-30,1825.85
2016-12-01,1812.63
2016-12-02,1818.48
2016-12-05,1835.45
2016-12-06,1848.76
2016-12-07,1872.53
2016-12-08,1885.3
2016-12-09,1880.91
2016-12-12,1868.07
2016-12-13,1873.6
2016-12-14,1851.16
2016-12-15,1857.62
2016-12-16,1853.47
2016-12-19,1863.15
2016-12-20,1873.49
2016-12-21,1867.7
2016-12-22,1859.21
2016-12-23,1864.41
2016-12-27,1870.31
2016-12-28,1848.98
2016-12-29,1854.86
2016-12-30,1845.65
2017-01-03,1854.01
2017-01-04,1880.66
2017-01-05,1869.48
2017-01-06,1869.32
2017-01-09,1855.31
2017-01-10,1871.69
2017-01-11,1878.6
2017-01-12,1867.68
2017-01-13,1879.21
2017-01-17,1861.34
2017-01-18,1871.8
2017-01-19,1861.51
2017-01-20,1869.94
2017-01-23,1862.26
2017-01-24,1889.77
2017-01-25,1909.33
2017-01-26,1907.96
2017-01-27,1899.95
2017-01-30,1881.99
2017-01-31,1886.35
2017-02-01,1887.98
2017-02-02,1883.86
2017-02-03,1908.14
2017-02-06,1900.38
2017-02-07,1893.65
2017-02-08,1891.36
2017-02-09,1910.98
2017-02-10,1919.04
2017-02-13,1928.72
2017-02-14,1936.87
2017-02-15,1943.51
2017-02-16,1935.58
2017-02-17,1936.03
2017-02-21,1950.94
2017-02-22,1942.67
2017-02-23,1928.28
2017-02-24,1929.68
2017-02-27,1942.47
2017-02-28,1927.52
2017-03-01,1968.93
2017-03-02,1939.94
2017-03-03,1949.76
2017-03-06,1941.37
2017-03-07,1929.25
2017-03-08,1914.89
2017-03-09,1910.02
2017-03-10,1916.57
2017-03-13,1924.18
2017-03-14,1910.78
2017-03-15,1937.39
2017-03-16,1936.27
2017-03-17,1935.7
2017-03-20,1929.89
2017-03-21,1877.02
2017-03-22,1885.27
2017-03-23,1889.47
2017-03-24,1890.4
2017-03-27,1888.77
2017-03-28,1910.63
2017-03-29,1916.78
2017-03-30,1930.79
2017-03-31,1930.98
2017-04-03,1920.96
2017-04-04,1923.32
2017-04-05,1904.21
2017-04-06,1920.87
2017-04-07,1920.72
2017-04-10,1918.05
2017-04-11,1920.75
2017-04-12,1896.51
2017-04-13,1876.59
2017-04-17,1896.25
2017-04-18,1891.11
2017-04-19,1894.24
2017-04-20,1915.26
2017-04-21,1908.85
2017-04-24,1939.36
2017-04-25,1954.88
2017-04-26,1957.72
2017-04-27,1954.61
2017-04-28,1942.05
2017-05-01,1951.31
2017-05-02,1938.38
2017-05-03,1931.83
2017-05-04,1929.24
2017-05-05,1947.44
2017-05-08,1939.37
2017-05-09,1937.32
2017-05-10,1950.88
2017-05-11,1942.94
2017-05-12,1935.54
2017-05-15,1951.92
2017-05-16,1957.3
2017-05-17,1896.77
2017-05-18,1907.32
2017-05-19,1926.9
2017-05-22,1938.83
2017-05-23,1943.99
2017-05-24,1948.11
2017-05-25,1956.86
2017-05-26,1955.95
2017-05-30,1945.8
2017-05-31,1944.88
2017-06-01,1970.74
2017-06-02,1974.09
2017-06-05,1966.11
2017-06-06,1966.17
2017-06-07,1968.73
2017-06-08,1986.21
2017-06-09,1986.61
2017-06-12,1977.63
2017-06-13,1995.24
2017-06-14,1981.29
2017-06-15,1970.35
2017-06-16,1971.41
2017-06-19,1991.46
2017-06-20,1971.67
2017-06-21,1964.48
2017-06-22,1961.39
2017-06-23,1967.18
2017-06-26,1969.53
2017-06-27,1950.29
2017-06-28,1977.82
2017-06-29,1961.24
2017-06-30,1964.71
2017-07-03,1973.38
2017-07-05,1980.64
2017-07-06,1961.66
2017-07-07,1982.48
2017-07-10,1984.2
2017-07-11,1987.16
2017-07-12,2003.06
2017-07-13,2003.66
2017-07-14,2011.27
2017-07-17,2010.97
2017-07-18,2008.53
2017-07-19,2022.55
2017-07-20,2019.05
2017-07-21,2017.36
2017-07-24,2028.35
2017-07-25,2033.38
2017-07-26,2026.22
2017-07-27,2013.48
2017-07-28,2013.18
2017-07-31,2012.41
2017-08-01,2019.02
2017-08-02,2015.96
2017-08-03,2014.23
2017-08-04,2022.04
2017-08-07,2028.35
2017-08-08,2024.34
2017-08-09,2010.03
2017-08-10,1966.68
2017-08-11,1970.34
2017-08-14,1996.32
2017-08-15,1993.68
2017-08-16,1996.76
2017-08-17,1956.12
2017-08-18,1957.71
2017-08-21,1955.92
2017-08-22,1984.32
2017-08-23,1980.77
2017-08-24,1981.17
2017-08-25,1981.07
2017-08-28,1987.85
2017-08-29,1985.42
2017-08-30,2005.81
2017-08-31,2023.4
2017-09-01,2032.04
2017-09-05,2002.31
2017-09-06,2001.75
2017-09-07,1993.46
2017-09-08,1998.53
2017-09-11,2029.01
2017-09-12,2039.57
2017-09-13,2038.95
2017-09-14,2036.03
2017-09-15,2044.08
2017-09-18,2059.62
2017-09-19,2064.65
2017-09-20,2066.32
2017-09-21,2062.03
2017-09-22,2064.85
2017-09-25,2052.62
2017-09-26,2052.63
2017-09-27,2077.02
2017-09-28,2086.11
2017-09-29,2096.04
2017-10-02,2106.56
2017-10-03,2113.63
2017-10-04,2117.41
2017-10-05,2126.75
2017-10-06,2129.43
2017-10-09,2124.73
2017-10-10,2129.18
2017-10-11,2132.11
2017-10-12,2132.86
2017-10-13,2131.87
2017-10-16,2139.45
2017-10-17,2133.84
2017-10-18,2139.3
2017-10-19,2142.77
2017-10-20,2160.13
2017-10-23,2149.64
2017-10-24,2161.48
2017-10-25,2143.12
2017-10-26,2154.23
2017-10-27,2175.97
2017-10-30,2162.86
2017-10-31,2174.23
2017-11-01,2165.5
2017-11-02,2176.05
2017-11-03,2184.37
2017-11-06,2191.35
2017-11-07,2181.3
2017-11-08,2188.5
2017-11-09,2170.4
2017-11-10,2176.91
2017-11-13,2184.97
2017-11-14,2186
2017-11-15,2178.43
2017-11-16,2201.78
2017-11-17,2207.47
2017-11-20,2219.48
2017-11-21,2237.25
2017-11-22,2231.06
2017-11-24,2236.26
2017-11-27,2226.07
2017-11-28,2253.31
2017-11-29,2241.1
2017-11-30,2256.73
2017-12-01,2249.54
2017-12-04,2218.9
2017-12-05,2214.07
2017-12-06,2211.8
2017-12-07,2236.09
2017-12-08,2248.23
2017-12-11,2248.28
2017-12-12,2236.98
2017-12-13,2236.72
2017-12-14,2221.21
2017-12-15,2244.41
2017-12-18,2264.14
2017-12-19,2255.75
2017-12-20,2260.73
2017-12-21,2259.71
2017-12-22,2262.01
2017-12-26,2257.73
2017-12-27,2264
2017-12-28,2272.63
2017-12-29,2257.76
2018-01-02,2275.5
2018-01-03,2294.91
2018-01-04,2300.06
2018-01-05,2316.81
2018-01-08,2328.97
2018-01-09,2334.06
2018-01-10,2322.71
2018-01-11,2348.23
2018-01-12,2358.48
2018-01-16,2339.68
2018-01-17,2373.39
2018-01-18,2368.81
2018-01-19,2389.64
2018-01-22,2410.02
2018-01-23,2419.38
2018-01-24,2413.35
2018-01-25,2413.74
2018-01-26,2435.75
2018-01-29,2405.06
2018-01-30,2377
2018-01-31,2378.42
2018-02-01,2381.87
2018-02-02,2330.02
2018-02-05,2241.12
2018-02-06,2277.65
2018-02-07,2271.63
2018-02-08,2177.07
2018-02-09,2207.68
2018-02-12,2243.1
2018-02-13,2254.16
2018-02-14,2301.2
2018-02-15,2321.62
2018-02-16,2319.04
2018-02-20,2311.45
2018-02-21,2303.79
2018-02-22,2298.16
2018-02-23,2327.97
2018-02-26,2345
2018-02-27,2316.13
2018-02-28,2294.01
2018-03-01,2268.5
2018-03-02,2293.48
2018-03-05,2319.67
2018-03-06,2340.28
2018-03-07,2349.73
2018-03-08,2359.76
2018-03-09,2406.06
2018-03-12,2398.75
2018-03-13,2384.38
2018-03-14,2375.13
2018-03-15,2367.7
2018-03-16,2375.76
2018-03-19,2352.17
2018-03-20,2369.29
2018-03-21,2373.27
2018-03-22,2309.01
2018-03-23,2261.99
2018-03-26,2327.52
2018-03-27,2277.51
2018-03-28,2258.44
2018-03-29,2293.72
2018-04-02,2237.88
2018-04-03,2263.96
2018-04-04,2289.09
2018-04-05,2308.18
2018-04-06,2255.3
2018-04-09,2265.21
2018-04-10,2306.39
2018-04-11,2299.13
2018-04-12,2322.39
2018-04-13,2307.73
2018-04-16,2328.81
2018-04-17,2361.6
2018-04-18,2368.75
2018-04-19,2356.38
2018-04-20,2342.3
2018-04-23,2340.74
2018-04-24,2306.02
2018-04-25,2296.48
2018-04-26,2318.47
2018-04-27,2312.49
2018-04-30,2297.48
2018-05-01,2296.86
2018-05-02,2292.35
2018-05-03,2295.57
2018-05-04,2318.79
2018-05-07,2335.08
2018-05-08,2347.57
2018-05-09,2374.06
2018-05-10,2393.68
2018-05-11,2399.22
2018-05-14,2392.43
2018-05-15,2386.52
2018-05-16,2399.66
2018-05-17,2405.83
2018-05-18,2407.12
2018-05-21,2423.02
2018-05-22,2406.18
2018-05-23,2412.06
2018-05-24,2415.3
2018-05-25,2406.34
2018-05-29,2384.1
2018-05-30,2415.51
2018-05-31,2396.11
2018-06-01,2427.24
2018-06-04,2436.84
2018-06-05,2451.07
2018-06-06,2470.91
2018-06-07,2458.9
2018-06-08,2471.89
2018-06-11,2471.18
2018-06-12,2482.32
2018-06-13,2473.77
2018-06-14,2477.88
2018-06-15,2467.42
2018-06-18,2476.64
2018-06-19,2458.49
2018-06-20,2468
2018-06-21,2447.54
2018-06-22,2432.16
2018-06-25,2381.2
2018-06-26,2391.09
2018-06-27,2357.14
2018-06-28,2372.8
2018-06-29,2373.54
2018-07-02,2385.55
2018-07-03,2376.75
2018-07-05,2390.13
2018-07-06,2411.81
2018-07-09,2436.07
2018-07-10,2434.58
2018-07-11,2415.31
2018-07-12,2435.21
2018-07-13,2435.89
2018-07-16,2433.05
2018-07-17,2453.51
2018-07-18,2468.45
2018-07-19,2461.3
2018-07-20,2454.72
2018-07-23,2460.54
2018-07-24,2444.32
2018-07-25,2476.07
2018-07-26,2476.66
2018-07-27,2439.13
2018-07-30,2407.49
2018-07-31,2422.74
2018-08-01,2421.16
2018-08-02,2448.68
2018-08-03,2447.85
2018-08-06,2463.94
2018-08-07,2476.38
2018-08-08,2472.73
2018-08-09,2481.64
2018-08-10,2471.85
2018-08-13,2454.96
2018-08-14,2481.32
2018-08-15,2437
2018-08-16,2455.46
2018-08-17,2465.47
2018-08-20,2481.67
2018-08-21,2494.12
2018-08-22,2500.95
2018-08-23,2497.68
2018-08-24,2515.56
2018-08-27,2529.58
2018-08-28,2533.66
2018-08-29,2546.1
2018-08-30,2530.36
2018-08-31,2541.25
2018-09-04,2546.04
2018-09-05,2522.31
2018-09-06,2509.48
2018-09-07,2501.17
2018-09-10,2515.35
2018-09-11,2528.13
2018-09-12,2525.49
2018-09-13,2528.15
2018-09-14,2534.54
2018-09-17,2501.97
2018-09-18,2515.85
2018-09-19,2500.49
2018-09-20,2516.14
2018-09-21,2512.79
2018-09-24,2512.11
2018-09-25,2521.82
2018-09-26,2509.5
2018-09-27,2514.21
2018-09-28,2519.43
2018-10-01,2512.34
2018-10-02,2487.09
2018-10-03,2501.89
2018-10-04,2469.03
2018-10-05,2455.76
2018-10-08,2441.39
2018-10-09,2435.49
2018-10-10,2342.24
2018-10-11,2295.83
2018-10-12,2326.8
2018-10-15,2320.64
2018-10-16,2375.83
2018-10-17,2363.96
2018-10-18,2326.12
2018-10-19,2303.2
2018-10-22,2302.75
2018-10-23,2278.6
2018-10-24,2198.53
2018-10-25,2234.11
2018-10-26,2202.06
2018-10-29,2190.06
2018-10-30,2235.04
2018-10-31,2259.69
2018-11-01,2296.14
2018-11-02,2294.47
2018-11-05,2302.46
2018-11-06,2313.29
2018-11-07,2358.35
2018-11-08,2348.33
2018-11-09,2321.24
2018-11-12,2277.21
2018-11-13,2274.91
2018-11-14,2250.62
2018-11-15,2276.38
2018-11-16,2272.31
2018-11-19,2215.88
2018-11-20,2167.63
2018-11-21,2193.86
2018-11-23,2184.77
2018-11-26,2222.6
2018-11-27,2209.67
2018-11-28,2265.63
2018-11-29,2258.4
2018-11-30,2274
2018-12-03,2301.51
2018-12-04,2224.92
2018-12-06,2225.49
2018-12-07,2170.61
2018-12-10,2173.2
2018-12-11,2173.11
2018-12-12,2191.77
2018-12-13,2178.63
2018-12-14,2144.56
2018-12-17,2080.49
2018-12-18,2085.52
2018-12-19,2055.68
2018-12-20,2014.85
2018-12-21,1968.71
2018-12-24,1916.62
2018-12-26,2019.12
2018-12-27,2032.87
2018-12-28,2030.42
2018-12-31,2053.7
2019-01-02,2040.75
2019-01-03,2000.92
2019-01-04,2069.34
2019-01-07,2101.99
2019-01-08,2132.58
2019-01-09,2148.54
2019-01-10,2158.8
2019-01-11,2155.56
2019-01-14,2142.98
2019-01-15,2168.99
2019-01-16,2178.93
2019-01-17,2200.01
2019-01-18,2225.32
2019-01-22,2196.06
2019-01-23,2197.14
2019-01-24,2200.11
2019-01-25,2224.73
2019-01-28,2213.85
2019-01-29,2207.37
2019-01-30,2233.92
2019-01-31,2257.23
2019-02-01,2267.16
2019-02-04,2284.03
2019-02-05,2293.26
2019-02-06,2289.22
2019-02-07,2281.19
2019-02-08,2287.81
2019-02-11,2301.29
2019-02-12,2324.46
2019-02-13,2329.9
2019-02-14,2333.24
2019-02-15,2353.91
2019-02-19,2352.69
2019-02-20,2352.36
2019-02-21,2344.28
2019-02-22,2367.34
2019-02-25,2363.83
2019-02-26,2355.98
2019-02-27,2363.47
2019-02-28,2364.68
2019-03-01,2377.59
2019-03-04,2351
2019-03-05,2347.02
2019-03-06,2319.12
2019-03-07,2306.19
2019-03-08,2300.69
2019-03-11,2334.12
2019-03-12,2340.22
2019-03-13,2352.99
2019-03-14,2354.67
2019-03-15,2359.83
2019-03-18,2370.75
2019-03-19,2369.81
2019-03-20,2361
2019-03-21,2398.26
2019-03-22,2339.43
2019-03-25,2347.09
2019-03-26,2358.56
2019-03-27,2344.21
2019-03-28,2364.37
2019-03-29,2376.26
2019-04-01,2395.84
2019-04-02,2393.57
2019-04-03,2403.11
2019-04-04,2397.55
2019-04-05,2413.7
2019-04-08,2412.88
2019-04-09,2398.66
2019-04-10,2421.34
2019-04-11,2424.14
2019-04-12,2431.98
2019-04-15,2429.88
2019-04-16,2420.52
2019-04-17,2395.55
2019-04-18,2405.41
2019-04-22,2405.98
2019-04-23,2436.78
2019-04-24,2443.99
2019-04-25,2435.09
2019-04-26,2456.62
2019-04-29,2456.77
2019-04-30,2460.99
2019-05-01,2434.92
2019-05-02,2438.42
2019-05-03,2464.93
2019-05-06,2461.07
2019-05-07,2420.74
2019-05-08,2420.46
2019-05-09,2414.62
2019-05-10,2424.56
2019-05-13,2362.82
2019-05-14,2390.69
2019-05-15,2400.97
2019-05-16,2429.03
2019-05-17,2412.33
2019-05-20,2396.62
2019-05-21,2424.15
2019-05-22,2418.57
2019-05-23,2382.37
2019-05-24,2392.28
2019-05-28,2378.79
2019-05-29,2355.48
2019-05-30,2366.92
2019-05-31,2352.51
2019-06-03,2350.48
2019-06-04,2390.64
2019-06-05,2421.48
2019-06-06,2439.22
2019-06-07,2456.88
2019-06-10,2465.91
2019-06-11,2456.04
2019-06-12,2465.89
2019-06-13,2470.75
2019-06-14,2461.25
2019-06-17,2462.18
2019-06-18,2480.01
2019-06-19,2496.78
2019-06-20,2513.05
2019-06-21,2495.98
2019-06-24,2483.71
2019-06-25,2457.58
2019-06-26,2438.91
2019-06-27,2463.84
2019-06-28,2485.39
2019-07-01,2505.05
2019-07-02,2513.78
2019-07-03,2541.23
2019-07-05,2541.47
2019-07-08,2530.44
2019-07-09,2536.74
2019-07-10,2546.06
2019-07-11,2550.36
2019-07-12,2563.82
2019-07-15,2563.29
2019-07-16,2555.7
2019-07-17,2544
2019-07-18,2557.27
2019-07-19,2534.12
2019-07-22,2538.04
2019-07-23,2544.35
2019-07-24,2563.66
2019-07-25,2550.21
2019-07-26,2564.5
2019-07-29,2550.46
2019-07-30,2549.1
2019-07-31,2529.17
2019-08-01,2516.22
2019-08-02,2496.1
2019-08-05,2424.84
2019-08-06,2463.05
2019-08-07,2475.95
2019-08-08,2527.44
2019-08-09,2511.06
2019-08-12,2482.23
2019-08-13,2509.11
2019-08-14,2439.84
2019-08-15,2451.25
2019-08-16,2488.46
2019-08-19,2508.75
2019-08-20,2493.46
2019-08-21,2515.94
2019-08-22,2517.72
2019-08-23,2459.11
2019-08-26,2482.64
2019-08-27,2476.35
2019-08-28,2488.86
2019-08-29,2515.63
2019-08-30,2509.45
2019-09-03,2498.66
2019-09-04,2517.49
2019-09-05,2528.88
2019-09-06,2526.86
2019-09-09,2490.44
2019-09-10,2457.53
2019-09-11,2468.23
2019-09-12,2478.97
2019-09-13,2466.49
2019-09-16,2471.5
2019-09-17,2497.71
2019-09-18,2495.31
2019-09-19,2495.71
2019-09-20,2489.68
2019-09-23,2493.28
2019-09-24,2478.44
2019-09-25,2486.52
2019-09-26,2486.57
2019-09-27,2456.13
2019-09-30,2471.21
2019-10-01,2444.79
2019-10-02,2411.53
2019-10-03,2436.07
2019-10-04,2472.44
2019-10-07,2464.44
2019-10-08,2429.69
2019-10-09,2455.28
2019-10-10,2464.75
2019-10-11,2480.44
2019-10-14,2476.15
2019-10-15,2482.72
2019-10-16,2472.52
2019-10-17,2485.29
2019-10-18,2480.24
2019-10-21,2489.09
2019-10-22,2460.46
2019-10-23,2459.85
2019-10-24,2478.02
2019-10-25,2475
2019-10-28,2478.85
2019-10-29,2485.99
2019-10-30,2499.4
2019-10-31,2491.27
2019-11-01,2502.45
2019-11-04,2486.01
2019-11-05,2467.95
2019-11-06,2470.99
2019-11-07,2467.67
2019-11-08,2476.38
2019-11-11,2484.13
2019-11-12,2491.41
2019-11-13,2503.72
2019-11-14,2514.55
2019-11-15,2526.14
2019-11-18,2534.11
2019-11-19,2546.38
2019-11-20,2547.99
2019-11-21,2527.87
2019-11-22,2527.87
2019-11-25,2547.6
2019-11-26,2567.88
2019-11-27,2577.35
2019-11-29,2560.88
2019-12-02,2522.64
2019-12-03,2519.17
2019-12-04,2529.3
2019-12-05,2533.85
2019-12-06,2544.84
2019-12-09,2530.93
2019-12-10,2525.96
2019-12-11,2529.54
2019-12-12,2525.54
2019-12-13,2530.28
2019-12-16,2549.66
2019-12-17,2546.97
2019-12-18,2545.57
2019-12-19,2555.86
2019-12-20,2576.73
2019-12-23,2567.26
2019-12-24,2572.37
2019-12-26,2580.14
2019-12-27,2578.81
2019-12-30,2564.66
2019-12-31,2572.28
2020-01-02,2588.74
2020-01-03,2585.27
2020-01-06,2593.47
2020-01-07,2588.31
2020-01-08,2595.02
2020-01-09,2616.76
2020-01-10,2614.09
2020-01-13,2647.2
2020-01-14,2644.25
2020-01-15,2657.76
2020-01-16,2682.05
2020-01-17,2684.49
2020-01-21,2686.93
2020-01-22,2690.32
2020-01-23,2695.09
2020-01-24,2674.8
2020-01-27,2648.09
2020-01-28,2678.8
2020-01-29,2677.85
2020-01-30,2692.27
2020-01-31,2646.06
2020-02-03,2671.08
2020-02-04,2710.87
2020-02-05,2706.44
2020-02-06,2709.73
2020-02-07,2698.98
2020-02-10,2725.63
2020-02-11,2738.44
2020-02-12,2752.72
2020-02-13,2767.97
2020-02-14,2782.18
2020-02-18,2786.74
2020-02-19,2797.72
2020-02-20,2787.67
2020-02-21,2753.59
2020-02-24,2681.64
2020-02-25,2604.38
2020-02-26,2585.67
2020-02-27,2488.17
2020-02-28,2455.13
2020-03-02,2551.98
2020-03-03,2506.28
2020-03-04,2611.64
2020-03-05,2530.4
2020-03-06,2473.23
2020-03-09,2260.22
2020-03-10,2359.83
2020-03-11,2223.96
2020-03-12,2005.4
2020-03-13,2157.3
2020-03-16,1855
2020-03-17,1956.63
2020-03-18,1812.24
2020-03-19,1851.55
2020-03-20,1778.46
2020-03-23,1731.45
2020-03-24,1921.26
2020-03-25,1971.29
2020-03-26,2099.01
2020-03-27,2041.82
2020-03-30,2098.45
2020-03-31,2054.15
2020-04-01,1939.85
2020-04-02,1968.38
2020-04-03,1924.46
2020-04-06,2079.34
2020-04-07,2076.53
2020-04-08,2168.82
2020-04-09,2232.38
2020-04-13,2187.56
2020-04-14,2259.6
2020-04-15,2197.7
2020-04-16,2202.14
2020-04-17,2284.52
2020-04-20,2241.84
2020-04-21,2169.6
2020-04-22,2224.95
2020-04-23,2227.92
2020-04-24,2259.68
2020-04-27,2321
2020-04-28,2322.66
2020-04-29,2396.07
2020-04-30,2342.93
2020-05-01,2278.62
2020-05-04,2299.8
2020-05-05,2333.46
2020-05-06,2324.64
2020-05-07,2365.13
2020-05-08,2413.33
2020-05-11,2419.95
2020-05-12,2359.11
2020-05-13,2304.7
2020-05-14,2333.28
2020-05-15,2352.29
2020-05-18,2445.31
2020-05-19,2426.65
2020-05-20,2463.16
2020-05-21,2457.91
2020-05-22,2474.6
2020-05-26,2503.11
2020-05-27,2536.84
2020-05-28,2536.78
2020-05-29,2561.9
2020-06-01,2579.42
2020-06-02,2599.55
2020-06-03,2623.27
2020-06-04,2587.68
2020-06-05,2633.46
2020-06-08,2659.59
2020-06-09,2639.62
2020-06-10,2643.08
2020-06-11,2495.7
2020-06-12,2524.92
2020-06-15,2572.35
2020-06-16,2608.65
2020-06-17,2611.47
2020-06-18,2612.95
2020-06-19,2612.61
2020-06-22,2633.42
2020-06-23,2627.93
2020-06-24,2563.16
2020-06-25,2598.77
2020-06-26,2558.45
2020-06-29,2578.99
2020-06-30,2623.38
2020-07-01,2640.4
2020-07-02,2651.44
2020-07-06,2677.29
2020-07-07,2664.03
2020-07-08,2687.56
2020-07-09,2680.29
2020-07-10,2692.26
2020-07-13,2639.13
2020-07-14,2688.15
2020-07-15,2718.29
2020-07-16,2713.59
2020-07-17,2743.69
2020-07-20,2768.9
2020-07-21,2772.72
2020-07-22,2796.15
2020-07-23,2773.46
2020-07-24,2758.1
2020-07-27,2793.91
2020-07-28,2769.36
2020-07-29,2822.72
2020-07-30,2827.8
2020-07-31,2834.51
2020-08-03,2863.59
2020-08-04,2872.56
2020-08-05,2885.56
2020-08-06,2880.3
2020-08-07,2873.65
2020-08-10,2853.34
2020-08-11,2818.86
2020-08-12,2858.57
2020-08-13,2869.9
2020-08-14,2863.67
2020-08-17,2898.73
2020-08-18,2894.92
2020-08-19,2881.93
2020-08-20,2885.12
2020-08-21,2887.49
2020-08-24,2890.98
2020-08-25,2893.93
2020-08-26,2912.82
2020-08-27,2910.09
2020-08-28,2920.4
2020-08-31,2927.8
2020-09-01,2971.9
2020-09-02,3003.02
2020-09-03,2882
2020-09-04,2842.71
2020-09-08,2772.73
2020-09-09,2835.94
2020-09-10,2796.29
2020-09-11,2790.25
2020-09-14,2851.46
2020-09-15,2873.63
2020-09-16,2867.52
2020-09-17,2844.68
2020-09-18,2828.46
2020-09-21,2812.29
2020-09-22,2845.02
2020-09-23,2786.03
2020-09-24,2785.88
2020-09-25,2832.63
2020-09-28,2884.15
2020-09-29,2879.47
2020-09-30,2890.14
2020-10-01,2921.71
2020-10-02,2921.27
2020-10-05,2983.89
2020-10-06,2961.17
2020-10-07,3005.26
2020-10-08,3030.1
2020-10-09,3054
2020-10-12,3083.58
2020-10-13,3087.66
2020-10-14,3067.39
2020-10-15,3077.42
2020-10-16,3069.28
2020-10-19,3032.85
2020-10-20,3037.62
2020-10-21,3018.12
2020-10-22,3033.29
2020-10-23,3056.71
2020-10-26,3008.74
2020-10-27,2997.39
2020-10-28,2926.67
2020-10-29,2940.86
2020-10-30,2889.83
2020-11-02,2931.25
2020-11-03,2986.41
2020-11-04,3050.76
2020-11-05,3116.83
2020-11-06,3133.64
2020-11-09,3044.5
2020-11-10,3038.61
2020-11-11,3096.77
2020-11-12,3074.33
2020-11-13,3102.57
2020-11-16,3126.12
2020-11-17,3125.03
2020-11-18,3092.59
2020-11-19,3130.98
2020-11-20,3137.44
2020-11-23,3159.13
2020-11-24,3158.61
2020-11-25,3170.49
2020-11-27,3196.82
2020-11-30,3196.65
2020-12-01,3198.97
2020-12-02,3173.22
2020-12-03,3192.33
2020-12-04,3220.3
2020-12-07,3229
2020-12-08,3253.37
2020-12-09,3203.91
2020-12-10,3234.14
2020-12-11,3240.28
2020-12-14,3244.41
2020-12-15,3296.05
2020-12-16,3296.92
2020-12-17,3351.72
2020-12-18,3352.16
2020-12-21,3352.36
2020-12-22,3376.45
2020-12-23,3363.08
2020-12-24,3367.26
2020-12-28,3317.82
2020-12-29,3295.21
2020-12-30,3316.44
2020-12-31,3317.35
2021-01-04,3277.32
2021-01-05,3312.17
2021-01-06,3344.24
2021-01-07,3425.01
2021-01-08,3439.29
2021-01-11,3427.89
2021-01-12,3463.92
2021-01-13,3464.02
2021-01-14,3467.57
2021-01-15,3443.35
2021-01-19,3471.42
2021-01-20,3509.69
2021-01-21,3504.55
2021-01-22,3510.32
2021-01-25,3507.67
2021-01-26,3481.8
2021-01-27,3383.98
2021-01-28,3426.68
2021-01-29,3404.35
2021-02-01,3475.78
2021-02-02,3531.99
2021-02-03,3525.48
2021-02-04,3564.26
2021-02-05,3606.61
2021-02-08,3650.99
2021-02-09,3662.34
2021-02-10,3648.78
2021-02-11,3668.26
2021-02-12,3690.15
2021-02-16,3663.77
2021-02-17,3649.36
2021-02-18,3612.11
2021-02-19,3649.44
2021-02-22,3546.76
2021-02-23,3527.81
2021-02-24,3552.31
2021-02-25,3447.04
2021-02-26,3469.85
2021-03-01,3571.82
2021-03-02,3505.78
2021-03-03,3410.09
2021-03-04,3318.67
2021-03-05,3371.12
2021-03-08,3326.28
2021-03-09,3412.1
2021-03-10,3436.59
2021-03-11,3527.78
2021-03-12,3534.29
2021-03-15,3575.06
2021-03-16,3533.03
2021-03-17,3544.87
2021-03-18,3460.85
2021-03-19,3491.41
2021-03-22,3506.9
2021-03-23,3443
2021-03-24,3380.81
2021-03-25,3412.53
2021-03-26,3481.63
2021-03-29,3429.66
2021-03-30,3455.31
2021-03-31,3489.74
2021-04-01,3544.63
2021-04-05,3560.91
2021-04-06,3582.64
2021-04-07,3556.09
2021-04-08,3592.72
2021-04-09,3605.81
2021-04-12,3618.36
2021-04-13,3648.17
2021-04-14,3641.51
2021-04-15,3685.8
2021-04-16,3693.76
2021-04-19,3654.89
2021-04-20,3607.25
2021-04-21,3651.51
2021-04-22,3638.8
2021-04-23,3702.14
2021-04-26,3736.77
2021-04-27,3741.29
2021-04-28,3729.03
2021-04-29,3720.38
2021-04-30,3682.07
2021-05-03,3675.51
2021-05-04,3636.07
2021-05-05,3632.29
2021-05-06,3610.31
2021-05-07,3664.69
2021-05-10,3608.65
2021-05-11,3593.71
2021-05-12,3477.87
2021-05-13,3503.86
2021-05-14,3583.66
2021-05-17,3569.03
2021-05-18,3548.48
2021-05-19,3522.41
2021-05-20,3563.44
2021-05-21,3570.73
2021-05-24,3599.67
2021-05-25,3589.69
2021-05-26,3627.76
2021-05-27,3648.98
2021-05-28,3661.33
2021-06-01,3691.68
2021-06-02,3677.06
2021-06-03,3645.24
2021-06-04,3661.13
2021-06-07,3674.46
2021-06-08,3695.52
2021-06-09,3667.68
2021-06-10,3665.09
2021-06-11,3693.05
2021-06-14,3660.8
2021-06-15,3650.22
2021-06-16,3638.21
2021-06-17,3584.21
2021-06-18,3525.43
2021-06-21,3603.5
2021-06-22,3618.9
2021-06-23,3638.3
2021-06-24,3673.64
2021-06-25,3698.13
2021-06-28,3683.26
2021-06-29,3683.89
2021-06-30,3690.93
2021-07-01,3708.23
2021-07-02,3705.36
2021-07-06,3664.26
2021-07-07,3655.05
2021-07-08,3613.87
2021-07-09,3699.15
2021-07-12,3716.93
2021-07-13,3658.82
2021-07-14,3626.95
2021-07-15,3607.47
2021-07-16,3556.49
2021-07-19,3500.4
2021-07-20,3607.43
2021-07-21,3669.74
2021-07-22,3649.89
2021-07-23,3684.08
2021-07-26,3696.53
2021-07-27,3664.59
2021-07-28,3692.96
2021-07-29,3721.94
2021-07-30,3701.78
2021-08-02,3691.03
2021-08-03,3734.86
2021-08-04,3720.82
2021-08-05,3769.68
2021-08-06,3772.14
2021-08-09,3776.76
2021-08-10,3803.46
2021-08-11,3820.54
2021-08-12,3821.69
2021-08-13,3801.04
2021-08-16,3775.08
2021-08-17,3719.02
2021-08-18,3684.72
2021-08-19,3646.35
2021-08-20,3687.08
2021-08-23,3744.9
2021-08-24,3782.63
2021-08-25,3817.8
2021-08-26,3788.41
2021-08-27,3856
2021-08-30,3840.65
2021-08-31,3825.46
2021-09-01,3828.4
2021-09-02,3853.47
2021-09-03,3844.46
2021-09-07,3812.24
2021-09-08,3786.53
2021-09-09,3791.52
2021-09-10,3760.21
2021-09-13,3771.95
2021-09-14,3736.52
2021-09-15,3788.46
2021-09-16,3785.76
2021-09-17,3758.88
2021-09-20,3686.89
2021-09-21,3684.52
2021-09-22,3743.84
2021-09-23,3813.64
2021-09-24,3810.59
2021-09-27,3827.34
2021-09-28,3752.45
2021-09-29,3750.25
2021-09-30,3685.25
2021-10-01,3740.08
2021-10-04,3703.24
2021-10-05,3728.67
2021-10-06,3721.02
2021-10-07,3772.32
2021-10-08,3748.56
2021-10-11,3722.64
2021-10-12,3739.06
2021-10-13,3753.53
2021-10-14,3821.19
2021-10-15,3838.45
2021-10-18,3865.93
2021-10-19,3866.32
2021-10-20,3893.81
2021-10-21,3899.81
2021-10-22,3904.97
2021-10-25,3924.4
2021-10-26,3903.34
2021-10-27,3834.36
2021-10-28,3902.99
2021-10-29,3900.93
2021-11-01,3956.48
2021-11-02,3964.51
2021-11-03,4003.06
2021-11-04,3979.28
2021-11-05,4009.39
2021-11-08,4025.74
2021-11-09,4020.84
2021-11-10,3973.46
2021-11-11,4007.99
2021-11-12,4024.02
2021-11-15,4026.69
2021-11-16,4036.67
2021-11-17,3999.67
2021-11-18,4006.66
2021-11-19,3980.75
2021-11-22,3975.7
2021-11-23,3977.28
2021-11-24,3987.86
2021-11-26,3880.73
2021-11-29,3905.51
2021-11-30,3793.45
2021-12-01,3705.92
2021-12-02,3789.46
2021-12-03,3714.65
