Date,S&P 500 ESG Enhanced Value Index (USD) TR
2011-11-30,133.09
2011-12-01,132.82
2011-12-02,133.21
2011-12-05,134.56
2011-12-06,134.84
2011-12-07,135.59
2011-12-08,132.48
2011-12-09,134.71
2011-12-12,132.55
2011-12-13,131.4
2011-12-14,129.95
2011-12-15,130.68
2011-12-16,131.12
2011-12-19,128.98
2011-12-20,133.09
2011-12-21,133.77
2011-12-22,135.31
2011-12-23,136.64
2011-12-27,136.43
2011-12-28,134.49
2011-12-29,136.08
2011-12-30,135.54
2012-01-03,138.43
2012-01-04,138.66
2012-01-05,138.84
2012-01-06,138.54
2012-01-09,138.95
2012-01-10,140.46
2012-01-11,141.04
2012-01-12,141.42
2012-01-13,140.39
2012-01-17,140.61
2012-01-18,142.48
2012-01-19,143.35
2012-01-20,142.96
2012-01-23,142.82
2012-01-24,142.68
2012-01-25,142.76
2012-01-26,141.78
2012-01-27,141.61
2012-01-30,140.85
2012-01-31,140.75
2012-02-01,142.36
2012-02-02,142.49
2012-02-03,144.8
2012-02-06,144.9
2012-02-07,144.98
2012-02-08,145.65
2012-02-09,145.57
2012-02-10,144.5
2012-02-13,145.63
2012-02-14,145.31
2012-02-15,144.72
2012-02-16,146.41
2012-02-17,146.68
2012-02-21,146.79
2012-02-22,146
2012-02-23,146.7
2012-02-24,146.94
2012-02-27,147.45
2012-02-28,147.74
2012-02-29,146.72
2012-03-01,147.8
2012-03-02,147.26
2012-03-05,146.58
2012-03-06,144.05
2012-03-07,145.18
2012-03-08,146.69
2012-03-09,147.19
2012-03-12,147.07
2012-03-13,150.15
2012-03-14,149.42
2012-03-15,150.44
2012-03-16,150.63
2012-03-19,151.26
2012-03-20,150.75
2012-03-21,150.48
2012-03-22,149.07
2012-03-23,149.66
2012-03-26,151.61
2012-03-27,151.07
2012-03-28,150.28
2012-03-29,150.13
2012-03-30,150.56
2012-04-02,151.6
2012-04-03,150.43
2012-04-04,148.82
2012-04-05,148.22
2012-04-09,146.38
2012-04-10,143.84
2012-04-11,145.14
2012-04-12,147.42
2012-04-13,145.33
2012-04-16,145.53
2012-04-17,147.56
2012-04-18,146.91
2012-04-19,146.43
2012-04-20,146.46
2012-04-23,145.3
2012-04-24,146.21
2012-04-25,147.22
2012-04-26,148.4
2012-04-27,148.5
2012-04-30,147.72
2012-05-01,148.86
2012-05-02,148.1
2012-05-03,146.71
2012-05-04,144.19
2012-05-07,144.28
2012-05-08,143.9
2012-05-09,142.98
2012-05-10,143.36
2012-05-11,142.11
2012-05-14,140.77
2012-05-15,139.78
2012-05-16,139.12
2012-05-17,137.17
2012-05-18,136.02
2012-05-21,137.74
2012-05-22,137.77
2012-05-23,137.9
2012-05-24,138.1
2012-05-25,137.93
2012-05-29,139.68
2012-05-30,137.41
2012-05-31,136.99
2012-06-01,133.77
2012-06-04,133.65
2012-06-05,134.57
2012-06-06,138.05
2012-06-07,137.98
2012-06-08,139.2
2012-06-11,137.26
2012-06-12,138.87
2012-06-13,137.92
2012-06-14,139.52
2012-06-15,140.92
2012-06-18,140.85
2012-06-19,142.35
2012-06-20,142.02
2012-06-21,138.84
2012-06-22,139.69
2012-06-25,137.29
2012-06-26,137.83
2012-06-27,139.24
2012-06-28,138.98
2012-06-29,142.44
2012-07-02,142.41
2012-07-03,143.34
2012-07-05,142.26
2012-07-06,141
2012-07-09,140.41
2012-07-10,139.13
2012-07-11,139.22
2012-07-12,138.38
2012-07-13,140.77
2012-07-16,140.3
2012-07-17,141.46
2012-07-18,142.66
2012-07-19,143.09
2012-07-20,141.96
2012-07-23,140.8
2012-07-24,139.17
2012-07-25,139.01
2012-07-26,141.02
2012-07-27,144.01
2012-07-30,143.79
2012-07-31,143.2
2012-08-01,143.05
2012-08-02,142
2012-08-03,144.98
2012-08-06,145.63
2012-08-07,146.58
2012-08-08,147.24
2012-08-09,147.48
2012-08-10,147.8
2012-08-13,147.62
2012-08-14,147.54
2012-08-15,147.55
2012-08-16,148.9
2012-08-17,149.04
2012-08-20,149.2
2012-08-21,149.01
2012-08-22,148.84
2012-08-23,147.75
2012-08-24,148.47
2012-08-27,148.03
2012-08-28,148
2012-08-29,148.59
2012-08-30,147.48
2012-08-31,148.41
2012-09-04,147.88
2012-09-05,147.67
2012-09-06,151.31
2012-09-07,152.1
2012-09-10,151.15
2012-09-11,151.67
2012-09-12,151.94
2012-09-13,154.54
2012-09-14,155.39
2012-09-17,154.54
2012-09-18,154.26
2012-09-19,154.81
2012-09-20,154.89
2012-09-21,154.77
2012-09-24,155.09
2012-09-25,153.22
2012-09-26,152.48
2012-09-27,153.88
2012-09-28,153.22
2012-10-01,153.78
2012-10-02,154.1
2012-10-03,154.48
2012-10-04,155.9
2012-10-05,155.94
2012-10-08,155.67
2012-10-09,154.37
2012-10-10,153.26
2012-10-11,153.72
2012-10-12,152.93
2012-10-15,154.14
2012-10-16,156.12
2012-10-17,157.31
2012-10-18,156.94
2012-10-19,154.3
2012-10-22,154.33
2012-10-23,152.16
2012-10-24,151.51
2012-10-25,152.23
2012-10-26,151.97
2012-10-31,151.86
2012-11-01,153.78
2012-11-02,152.48
2012-11-05,152.61
2012-11-06,153.97
2012-11-07,150.18
2012-11-08,148.16
2012-11-09,148.41
2012-11-12,148.46
2012-11-13,147.76
2012-11-14,145.83
2012-11-15,145.65
2012-11-16,146.32
2012-11-19,149.07
2012-11-20,149.22
2012-11-21,149.39
2012-11-23,151.19
2012-11-26,150.85
2012-11-27,150.36
2012-11-28,151.81
2012-11-29,152.6
2012-11-30,152.6
2012-12-03,151.93
2012-12-04,151.8
2012-12-05,152.51
2012-12-06,153.1
2012-12-07,153.83
2012-12-10,154.01
2012-12-11,155.05
2012-12-12,155.43
2012-12-13,154.8
2012-12-14,154.59
2012-12-17,156.53
2012-12-18,158.45
2012-12-19,157.51
2012-12-20,158.28
2012-12-21,156.44
2012-12-24,156.04
2012-12-26,155.7
2012-12-27,155.33
2012-12-28,153.63
2012-12-31,156.18
2013-01-02,160.25
2013-01-03,160.16
2013-01-04,161.35
2013-01-07,160.63
2013-01-08,159.97
2013-01-09,160.37
2013-01-10,161.88
2013-01-11,161.76
2013-01-14,161.96
2013-01-15,162.47
2013-01-16,162.33
2013-01-17,163.08
2013-01-18,163.31
2013-01-22,164.44
2013-01-23,164.79
2013-01-24,165.82
2013-01-25,166.86
2013-01-28,166.7
2013-01-29,167.7
2013-01-30,167.13
2013-01-31,166.38
2013-02-01,168.18
2013-02-04,166.27
2013-02-05,167.9
2013-02-06,168.29
2013-02-07,167.77
2013-02-08,168.43
2013-02-11,168.58
2013-02-12,169.45
2013-02-13,169.3
2013-02-14,169.46
2013-02-15,169.35
2013-02-19,171.08
2013-02-20,168.51
2013-02-21,167.37
2013-02-22,168.53
2013-02-25,165.14
2013-02-26,166.17
2013-02-27,168.64
2013-02-28,168.45
2013-03-01,168.9
2013-03-04,169.85
2013-03-05,171.64
2013-03-06,172.28
2013-03-07,172.86
2013-03-08,174.06
2013-03-11,174.82
2013-03-12,174.37
2013-03-13,174.92
2013-03-14,175.85
2013-03-15,175.9
2013-03-18,174.84
2013-03-19,174.26
2013-03-20,175.39
2013-03-21,173.96
2013-03-22,174.98
2013-03-25,174.13
2013-03-26,175.37
2013-03-27,175.15
2013-03-28,175.68
2013-04-01,175.35
2013-04-02,176.32
2013-04-03,174.46
2013-04-04,175.38
2013-04-05,174.44
2013-04-08,175.43
2013-04-09,176.37
2013-04-10,178.66
2013-04-11,179.31
2013-04-12,178.58
2013-04-15,174.61
2013-04-16,176.97
2013-04-17,174.63
2013-04-18,173.47
2013-04-19,175.53
2013-04-22,176.34
2013-04-23,178.38
2013-04-24,178.33
2013-04-25,178.86
2013-04-26,178.53
2013-04-29,179.97
2013-04-30,180.02
2013-05-01,178.42
2013-05-02,180.11
2013-05-03,182.01
2013-05-06,182.43
2013-05-07,183.57
2013-05-08,184.49
2013-05-09,183.87
2013-05-10,184.63
2013-05-13,184.55
2013-05-14,186.74
2013-05-15,188.04
2013-05-16,187.27
2013-05-17,189.05
2013-05-20,188.75
2013-05-21,189.26
2013-05-22,187.49
2013-05-23,186.97
2013-05-24,186.59
2013-05-28,187.67
2013-05-29,186.51
2013-05-30,187.28
2013-05-31,184.58
2013-06-03,186.02
2013-06-04,185.18
2013-06-05,182.64
2013-06-06,184.21
2013-06-07,186.49
2013-06-10,186.79
2013-06-11,184.9
2013-06-12,183.27
2013-06-13,186.25
2013-06-14,184.98
2013-06-17,186.49
2013-06-18,188.1
2013-06-19,185.97
2013-06-20,181.37
2013-06-21,181.89
2013-06-24,179.3
2013-06-25,181.09
2013-06-26,182.56
2013-06-27,184.35
2013-06-28,183.78
2013-07-01,184.22
2013-07-02,184.27
2013-07-03,184.34
2013-07-05,186.13
2013-07-08,187.44
2013-07-09,189.04
2013-07-10,188.91
2013-07-11,191.52
2013-07-12,191.95
2013-07-15,192.43
2013-07-16,191.6
2013-07-17,191.78
2013-07-18,192.7
2013-07-19,193.6
2013-07-22,194.1
2013-07-23,194.18
2013-07-24,193.03
2013-07-25,193.2
2013-07-26,193.25
2013-07-29,192.76
2013-07-30,192.73
2013-07-31,193.24
2013-08-01,195.84
2013-08-02,196.11
2013-08-05,195.99
2013-08-06,194.92
2013-08-07,194.43
2013-08-08,195.63
2013-08-09,195.4
2013-08-12,195.57
2013-08-13,196
2013-08-14,195.3
2013-08-15,192.8
2013-08-16,191.9
2013-08-19,190.25
2013-08-20,191.12
2013-08-21,189.89
2013-08-22,191.61
2013-08-23,192.05
2013-08-26,190.99
2013-08-27,188.12
2013-08-28,188.65
2013-08-29,188.87
2013-08-30,188.5
2013-09-03,189.37
2013-09-04,190.82
2013-09-05,190.82
2013-09-06,190.83
2013-09-09,192.66
2013-09-10,193.9
2013-09-11,194.53
2013-09-12,193.27
2013-09-13,193.99
2013-09-16,195.31
2013-09-17,196.02
2013-09-18,198
2013-09-19,197.32
2013-09-20,195.93
2013-09-23,194.85
2013-09-24,194.46
2013-09-25,194.68
2013-09-26,194.64
2013-09-27,194.1
2013-09-30,192.71
2013-10-01,193.98
2013-10-02,194.2
2013-10-03,192.51
2013-10-04,193.86
2013-10-07,192.12
2013-10-08,190.08
2013-10-09,190.28
2013-10-10,194.52
2013-10-11,195.59
2013-10-14,196.17
2013-10-15,194.97
2013-10-16,197.78
2013-10-17,199.19
2013-10-18,199.66
2013-10-21,199.86
2013-10-22,201.21
2013-10-23,199.84
2013-10-24,199.37
2013-10-25,200.33
2013-10-28,200.35
2013-10-29,201.55
2013-10-30,200.63
2013-10-31,199.73
2013-11-01,199.97
2013-11-04,200.91
2013-11-05,200.2
2013-11-06,201.09
2013-11-07,198.62
2013-11-08,201.42
2013-11-11,201.66
2013-11-12,201.48
2013-11-13,203.47
2013-11-14,204.52
2013-11-15,205.17
2013-11-18,204.83
2013-11-19,204.52
2013-11-20,203.66
2013-11-21,205.46
2013-11-22,206.46
2013-11-25,206.49
2013-11-26,206.14
2013-11-27,206.83
2013-11-29,206.3
2013-12-02,206.22
2013-12-03,205.33
2013-12-04,205.3
2013-12-05,204.08
2013-12-06,206.8
2013-12-09,207.2
2013-12-10,206.89
2013-12-11,204.46
2013-12-12,203.41
2013-12-13,203.19
2013-12-16,204.72
2013-12-17,204.24
2013-12-18,207.74
2013-12-19,208.04
2013-12-20,208.81
2013-12-23,209.72
2013-12-24,210.61
2013-12-26,211.84
2013-12-27,211.99
2013-12-30,212.13
2013-12-31,212.87
2014-01-02,210.99
2014-01-03,211.29
2014-01-06,210.53
2014-01-07,211.85
2014-01-08,211.66
2014-01-09,211.75
2014-01-10,212.26
2014-01-13,209.59
2014-01-14,211.73
2014-01-15,213.11
2014-01-16,212.21
2014-01-17,211.14
2014-01-21,211.11
2014-01-22,210.58
2014-01-23,208.61
2014-01-24,204.69
2014-01-27,204.11
2014-01-28,205.53
2014-01-29,203.95
2014-01-30,206.05
2014-01-31,204.94
2014-02-03,200.8
2014-02-04,201.75
2014-02-05,201.31
2014-02-06,203.93
2014-02-07,206.14
2014-02-10,206.18
2014-02-11,208.29
2014-02-12,208.37
2014-02-13,209.34
2014-02-14,210.49
2014-02-18,210.53
2014-02-19,209.28
2014-02-20,210.57
2014-02-21,210.16
2014-02-24,211.44
2014-02-25,210.81
2014-02-26,211.48
2014-02-27,212.12
2014-02-28,212.91
2014-03-03,211.38
2014-03-04,214.14
2014-03-05,214.29
2014-03-06,214.95
2014-03-07,215.03
2014-03-10,214.91
2014-03-11,213.97
2014-03-12,214.24
2014-03-13,211.83
2014-03-14,211.28
2014-03-17,213.12
2014-03-18,215.01
2014-03-19,213.99
2014-03-20,216.06
2014-03-21,216.22
2014-03-24,215.58
2014-03-25,216.8
2014-03-26,215.56
2014-03-27,214.96
2014-03-28,216.57
2014-03-31,218.44
2014-04-01,219.72
2014-04-02,220.63
2014-04-03,220.82
2014-04-04,218.83
2014-04-07,216.64
2014-04-08,217.42
2014-04-09,219.31
2014-04-10,215.53
2014-04-11,213.62
2014-04-14,215.37
2014-04-15,216.49
2014-04-16,218.5
2014-04-17,218.29
2014-04-21,218.72
2014-04-22,219.48
2014-04-23,219.33
2014-04-24,219.55
2014-04-25,218.23
2014-04-28,219.55
2014-04-29,220.07
2014-04-30,220.64
2014-05-01,220.08
2014-05-02,219.65
2014-05-05,219.05
2014-05-06,217.28
2014-05-07,219.36
2014-05-08,219.37
2014-05-09,219.77
2014-05-12,221.62
2014-05-13,221.92
2014-05-14,220.66
2014-05-15,219.03
2014-05-16,219.75
2014-05-19,220.21
2014-05-20,218.27
2014-05-21,220.08
2014-05-22,220.19
2014-05-23,220.87
2014-05-27,221.72
2014-05-28,221.65
2014-05-29,222.77
2014-05-30,223.05
2014-06-02,223.41
2014-06-03,223.37
2014-06-04,223.51
2014-06-05,225.25
2014-06-06,226.38
2014-06-09,226.35
2014-06-10,226.25
2014-06-11,225.31
2014-06-12,223.75
2014-06-13,224.74
2014-06-16,224.85
2014-06-17,225.41
2014-06-18,226.97
2014-06-19,227.22
2014-06-20,227.96
2014-06-23,228.36
2014-06-24,226.97
2014-06-25,227.76
2014-06-26,227.49
2014-06-27,227.75
2014-06-30,227.6
2014-07-01,229.24
2014-07-02,229.48
2014-07-03,230.95
2014-07-07,229.91
2014-07-08,228.55
2014-07-09,229.7
2014-07-10,228.78
2014-07-11,229.19
2014-07-14,230.14
2014-07-15,230.23
2014-07-16,233.48
2014-07-17,231.49
2014-07-18,233.79
2014-07-21,233.36
2014-07-22,234.71
2014-07-23,234.69
2014-07-24,234.65
2014-07-25,233.83
2014-07-28,234.09
2014-07-29,232.39
2014-07-30,232.55
2014-07-31,228.02
2014-08-01,227.11
2014-08-04,229.02
2014-08-05,226.68
2014-08-06,225.91
2014-08-07,224.15
2014-08-08,226.92
2014-08-11,227.5
2014-08-12,227.08
2014-08-13,228.4
2014-08-14,229.77
2014-08-15,229.26
2014-08-18,231.16
2014-08-19,232.08
2014-08-20,232.54
2014-08-21,233.55
2014-08-22,233.02
2014-08-25,234.24
2014-08-26,234.7
2014-08-27,235.14
2014-08-28,235.06
2014-08-29,235.86
2014-09-02,235.58
2014-09-03,235.89
2014-09-04,235.84
2014-09-05,236.57
2014-09-08,235.95
2014-09-09,234.13
2014-09-10,234.6
2014-09-11,235.1
2014-09-12,233.86
2014-09-15,234.01
2014-09-16,235.64
2014-09-17,235.89
2014-09-18,237.14
2014-09-19,237.12
2014-09-22,234.97
2014-09-23,233.21
2014-09-24,235.12
2014-09-25,231.45
2014-09-26,232.86
2014-09-29,232.17
2014-09-30,231.38
2014-10-01,228.4
2014-10-02,228.23
2014-10-03,231.06
2014-10-06,230.72
2014-10-07,226.75
2014-10-08,230.59
2014-10-09,225.69
2014-10-10,223.48
2014-10-13,220.14
2014-10-14,221.03
2014-10-15,219.14
2014-10-16,219.38
2014-10-17,221.78
2014-10-20,223.24
2014-10-21,227.24
2014-10-22,225.76
2014-10-23,228.36
2014-10-24,229.76
2014-10-27,229.57
2014-10-28,232.39
2014-10-29,232.31
2014-10-30,233.72
2014-10-31,236.26
2014-11-03,235.78
2014-11-04,234.96
2014-11-05,236.17
2014-11-06,237.26
2014-11-07,237.55
2014-11-10,238.89
2014-11-11,239
2014-11-12,238.49
2014-11-13,238.49
2014-11-14,238.76
2014-11-17,239.35
2014-11-18,240.35
2014-11-19,240.48
2014-11-20,240.85
2014-11-21,242.16
2014-11-24,242.83
2014-11-25,242.61
2014-11-26,243.38
2014-11-28,242.88
2014-12-01,242.08
2014-12-02,244.22
2014-12-03,245.23
2014-12-04,245
2014-12-05,245.31
2014-12-08,243.78
2014-12-09,243.51
2014-12-10,239.22
2014-12-11,240.71
2014-12-12,236.47
2014-12-15,234.84
2014-12-16,232.8
2014-12-17,237.49
2014-12-18,243.48
2014-12-19,245.16
2014-12-22,246.41
2014-12-23,247.38
2014-12-24,247.22
2014-12-26,248.04
2014-12-29,248.08
2014-12-30,247.51
2014-12-31,245.02
2015-01-02,245.31
2015-01-05,240.1
2015-01-06,237.55
2015-01-07,240
2015-01-08,244.01
2015-01-09,241.66
2015-01-12,239.56
2015-01-13,238.78
2015-01-14,236.91
2015-01-15,234.83
2015-01-16,237.57
2015-01-20,237.01
2015-01-21,238.63
2015-01-22,242.75
2015-01-23,240.66
2015-01-26,240.92
2015-01-27,237.32
2015-01-28,233.65
2015-01-29,236.17
2015-01-30,233.05
2015-02-02,236
2015-02-03,240.46
2015-02-04,238.9
2015-02-05,241
2015-02-06,240.62
2015-02-09,239.73
2015-02-10,241.78
2015-02-11,241.39
2015-02-12,244.02
2015-02-13,245.17
2015-02-17,245.61
2015-02-18,245.31
2015-02-19,244.74
2015-02-20,246.11
2015-02-23,245.38
2015-02-24,246.51
2015-02-25,245.7
2015-02-26,244.87
2015-02-27,244.59
2015-03-02,245.93
2015-03-03,245.07
2015-03-04,243.81
2015-03-05,244.15
2015-03-06,240.63
2015-03-09,241.84
2015-03-10,237.57
2015-03-11,237.35
2015-03-12,240.02
2015-03-13,238.43
2015-03-16,241.45
2015-03-17,240.29
2015-03-18,243.73
2015-03-19,241.93
2015-03-20,244.86
2015-03-23,244.77
2015-03-24,243.28
2015-03-25,241.78
2015-03-26,241.14
2015-03-27,241.81
2015-03-30,244.96
2015-03-31,242.72
2015-04-01,241.96
2015-04-02,242.54
2015-04-06,244.08
2015-04-07,243.76
2015-04-08,244.17
2015-04-09,245.06
2015-04-10,246.21
2015-04-13,245.25
2015-04-14,245.65
2015-04-15,247.5
2015-04-16,247.45
2015-04-17,244.68
2015-04-20,247.14
2015-04-21,246.13
2015-04-22,247.11
2015-04-23,248.14
2015-04-24,248.5
2015-04-27,247.4
2015-04-28,248.61
2015-04-29,248.06
2015-04-30,245.9
2015-05-01,248.17
2015-05-04,248.8
2015-05-05,246.14
2015-05-06,245.28
2015-05-07,246.08
2015-05-08,249.14
2015-05-11,248.45
2015-05-12,247.3
2015-05-13,247.74
2015-05-14,249.68
2015-05-15,249.87
2015-05-18,250.57
2015-05-19,250.32
2015-05-20,250.14
2015-05-21,250.94
2015-05-22,250.45
2015-05-26,247.63
2015-05-27,249.66
2015-05-28,249.43
2015-05-29,248.52
2015-06-01,248.71
2015-06-02,248.74
2015-06-03,249.46
2015-06-04,247.33
2015-06-05,247
2015-06-08,245.5
2015-06-09,246.14
2015-06-10,249.32
2015-06-11,250.03
2015-06-12,248.3
2015-06-15,247.28
2015-06-16,248.53
2015-06-17,248.83
2015-06-18,250.73
2015-06-19,249.65
2015-06-22,250.95
2015-06-23,251.23
2015-06-24,249.42
2015-06-25,248.56
2015-06-26,248.28
2015-06-29,243.35
2015-06-30,243.53
2015-07-01,245.24
2015-07-02,245.19
2015-07-06,243.86
2015-07-07,245.09
2015-07-08,241.24
2015-07-09,241.57
2015-07-10,244.11
2015-07-13,246.51
2015-07-14,247.18
2015-07-15,246.67
2015-07-16,248.25
2015-07-17,247.25
2015-07-20,246.6
2015-07-21,245.23
2015-07-22,245.09
2015-07-23,243.26
2015-07-24,239.97
2015-07-27,238.36
2015-07-28,241.27
2015-07-29,243.15
2015-07-30,243.09
2015-07-31,242.43
2015-08-03,241.13
2015-08-04,240.25
2015-08-05,241.06
2015-08-06,239.59
2015-08-07,238.3
2015-08-10,241.61
2015-08-11,238.9
2015-08-12,238.95
2015-08-13,238.58
2015-08-14,239.51
2015-08-17,240.62
2015-08-18,239.74
2015-08-19,237.62
2015-08-20,233.06
2015-08-21,226.29
2015-08-24,217.26
2015-08-25,213.47
2015-08-26,221.79
2015-08-27,226.83
2015-08-28,227.02
2015-08-31,225.86
2015-09-01,219.39
2015-09-02,222.48
2015-09-03,223.31
2015-09-04,219.37
2015-09-08,224.63
2015-09-09,221.67
2015-09-10,222.32
2015-09-11,223.25
2015-09-14,222.27
2015-09-15,225.42
2015-09-16,227.8
2015-09-17,226.57
2015-09-18,221.99
2015-09-21,222.86
2015-09-22,219.97
2015-09-23,219.09
2015-09-24,218.06
2015-09-25,218.33
2015-09-28,213.21
2015-09-29,213.98
2015-09-30,217.86
2015-10-01,217.54
2015-10-02,220.79
2015-10-05,225.63
2015-10-06,225.55
2015-10-07,227.86
2015-10-08,230.43
2015-10-09,229.9
2015-10-12,229.61
2015-10-13,228.2
2015-10-14,226.78
2015-10-15,229.63
2015-10-16,230.63
2015-10-19,230.1
2015-10-20,229.38
2015-10-21,227.6
2015-10-22,231.85
2015-10-23,233.26
2015-10-26,231.87
2015-10-27,230.23
2015-10-28,233.81
2015-10-29,233.5
2015-10-30,232.88
2015-11-02,235.84
2015-11-03,236.32
2015-11-04,235.31
2015-11-05,234.66
2015-11-06,234.37
2015-11-09,231.76
2015-11-10,232.33
2015-11-11,230.92
2015-11-12,227.24
2015-11-13,224.63
2015-11-16,228.4
2015-11-17,228.01
2015-11-18,231.12
2015-11-19,230.95
2015-11-20,231.88
2015-11-23,231.86
2015-11-24,232.36
2015-11-25,232.11
2015-11-27,232.31
2015-11-30,231.68
2015-12-01,234.09
2015-12-02,231.34
2015-12-03,228.03
2015-12-04,232.07
2015-12-07,230.01
2015-12-08,227.53
2015-12-09,226.58
2015-12-10,227.14
2015-12-11,223
2015-12-14,223.51
2015-12-15,226.68
2015-12-16,230.06
2015-12-17,225.87
2015-12-18,222.45
2015-12-21,224.31
2015-12-22,226.99
2015-12-23,230.34
2015-12-24,229.86
2015-12-28,228.62
2015-12-29,231.14
2015-12-30,229.33
2015-12-31,227.35
2016-01-04,224.8
2016-01-05,225.26
2016-01-06,222.14
2016-01-07,216.94
2016-01-08,214.18
2016-01-11,214.17
2016-01-12,215.67
2016-01-13,210.59
2016-01-14,213.48
2016-01-15,208.21
2016-01-19,207.66
2016-01-20,204.34
2016-01-21,206.29
2016-01-22,209.74
2016-01-25,206.13
2016-01-26,210.44
2016-01-27,208.84
2016-01-28,208.49
2016-01-29,213.65
2016-02-01,213.69
2016-02-02,208.62
2016-02-03,210.47
2016-02-04,212.16
2016-02-05,209.97
2016-02-08,206.91
2016-02-09,205.77
2016-02-10,204.74
2016-02-11,201.72
2016-02-12,206.27
2016-02-16,210.31
2016-02-17,213.98
2016-02-18,214.19
2016-02-19,213.31
2016-02-22,217.14
2016-02-23,214.47
2016-02-24,215.99
2016-02-25,218.56
2016-02-26,218.74
2016-02-29,217.33
2016-03-01,222.44
2016-03-02,223.8
2016-03-03,225.45
2016-03-04,226.35
2016-03-07,228.09
2016-03-08,224.42
2016-03-09,225.89
2016-03-10,226.3
2016-03-11,230.14
2016-03-14,229.91
2016-03-15,228.85
2016-03-16,230.63
2016-03-17,232.63
2016-03-18,234.16
2016-03-21,234.24
2016-03-22,233.6
2016-03-23,230.97
2016-03-24,231.57
2016-03-28,232.07
2016-03-29,233.89
2016-03-30,234.61
2016-03-31,234.42
2016-04-01,235.31
2016-04-04,234.18
2016-04-05,231.64
2016-04-06,233.47
2016-04-07,230.37
2016-04-08,231.29
2016-04-11,231.4
2016-04-12,233.89
2016-04-13,237.24
2016-04-14,237.17
2016-04-15,236.94
2016-04-18,238.45
2016-04-19,239.45
2016-04-20,240.45
2016-04-21,239.52
2016-04-22,240.69
2016-04-25,239.83
2016-04-26,240.75
2016-04-27,242.24
2016-04-28,239.22
2016-04-29,236.67
2016-05-02,238.08
2016-05-03,235.28
2016-05-04,233.5
2016-05-05,233.46
2016-05-06,234.66
2016-05-09,234.34
2016-05-10,237.48
2016-05-11,235.21
2016-05-12,234.72
2016-05-13,232.12
2016-05-16,234.79
2016-05-17,233.17
2016-05-18,232.84
2016-05-19,232.46
2016-05-20,234.13
2016-05-23,233.79
2016-05-24,236.8
2016-05-25,239
2016-05-26,238.63
2016-05-27,240.01
2016-05-31,240.06
2016-06-01,240.18
2016-06-02,241.21
2016-06-03,240.34
2016-06-06,241.82
2016-06-07,242.2
2016-06-08,242.99
2016-06-09,242.16
2016-06-10,239.51
2016-06-13,237.55
2016-06-14,236.56
2016-06-15,236.51
2016-06-16,237.45
2016-06-17,237.88
2016-06-20,239.57
2016-06-21,240.02
2016-06-22,239.53
2016-06-23,243.41
2016-06-24,232.85
2016-06-27,227.04
2016-06-28,231.66
2016-06-29,236.37
2016-06-30,240.34
2016-07-01,240.65
2016-07-05,237.75
2016-07-06,239.36
2016-07-07,239.34
2016-07-08,243.61
2016-07-11,244.66
2016-07-12,247.99
2016-07-13,248.12
2016-07-14,249.84
2016-07-15,249.66
2016-07-18,250.63
2016-07-19,250.08
2016-07-20,251.38
2016-07-21,250.79
2016-07-22,252.3
2016-07-25,252.22
2016-07-26,252.56
2016-07-27,251.4
2016-07-28,251.45
2016-07-29,251.31
2016-08-01,250.5
2016-08-02,247.63
2016-08-03,249.23
2016-08-04,249.02
2016-08-05,252.19
2016-08-08,252.35
2016-08-09,251.88
2016-08-10,250.96
2016-08-11,252.56
2016-08-12,252.41
2016-08-15,253.53
2016-08-16,252.5
2016-08-17,252.61
2016-08-18,253.12
2016-08-19,252.84
2016-08-22,252.63
2016-08-23,253.63
2016-08-24,252.39
2016-08-25,251.95
2016-08-26,251.77
2016-08-29,253.11
2016-08-30,253.58
2016-08-31,253.15
2016-09-01,252.68
2016-09-02,253.61
2016-09-06,253.95
2016-09-07,254.53
2016-09-08,253.99
2016-09-09,248.03
2016-09-12,251.93
2016-09-13,247.87
2016-09-14,247.29
2016-09-15,249.85
2016-09-16,248.51
2016-09-19,248.96
2016-09-20,248.67
2016-09-21,251.44
2016-09-22,252.83
2016-09-23,251.68
2016-09-26,249.27
2016-09-27,251.23
2016-09-28,252.97
2016-09-29,250.7
2016-09-30,253.39
2016-10-03,252.89
2016-10-04,251.57
2016-10-05,253.36
2016-10-06,253.29
2016-10-07,252.11
2016-10-10,253.22
2016-10-11,249.88
2016-10-12,249.79
2016-10-13,248.9
2016-10-14,249.06
2016-10-17,248.22
2016-10-18,249.21
2016-10-19,249.65
2016-10-20,249.33
2016-10-21,248.58
2016-10-24,249.43
2016-10-25,248.49
2016-10-26,249.23
2016-10-27,248.52
2016-10-28,247.28
2016-10-31,248.03
2016-11-01,246.82
2016-11-02,245.95
2016-11-03,245.12
2016-11-04,245.01
2016-11-07,250.75
2016-11-08,251.83
2016-11-09,256.43
2016-11-10,259.64
2016-11-11,259.45
2016-11-14,261.84
2016-11-15,263.18
2016-11-16,262.27
2016-11-17,263.84
2016-11-18,263.27
2016-11-21,264.93
2016-11-22,265.94
2016-11-23,266.53
2016-11-25,267.96
2016-11-28,266.2
2016-11-29,266.26
2016-11-30,266.37
2016-12-01,266.58
2016-12-02,266.15
2016-12-05,267.78
2016-12-06,269.18
2016-12-07,273.88
2016-12-08,274.98
2016-12-09,275.72
2016-12-12,275.27
2016-12-13,276.7
2016-12-14,274.5
2016-12-15,275.98
2016-12-16,274.14
2016-12-19,274.31
2016-12-20,275.57
2016-12-21,274.67
2016-12-22,273.57
2016-12-23,274.08
2016-12-27,274.73
2016-12-28,272.34
2016-12-29,272.22
2016-12-30,271.29
2017-01-03,274.07
2017-01-04,276.19
2017-01-05,274.82
2017-01-06,274.92
2017-01-09,273.45
2017-01-10,273.56
2017-01-11,274.59
2017-01-12,273.86
2017-01-13,274.21
2017-01-17,273.1
2017-01-18,273.27
2017-01-19,271.82
2017-01-20,273.18
2017-01-23,272.21
2017-01-24,274.8
2017-01-25,276.84
2017-01-26,276.19
2017-01-27,275.51
2017-01-30,273.9
2017-01-31,273.75
2017-02-01,273.45
2017-02-02,273.22
2017-02-03,275.62
2017-02-06,274.9
2017-02-07,275.02
2017-02-08,274.72
2017-02-09,276.84
2017-02-10,278.01
2017-02-13,279.85
2017-02-14,281.41
2017-02-15,283.53
2017-02-16,282.97
2017-02-17,283.32
2017-02-21,285.44
2017-02-22,284.94
2017-02-23,285.32
2017-02-24,286.04
2017-02-27,286.22
2017-02-28,284.78
2017-03-01,288.16
2017-03-02,286.63
2017-03-03,286.65
2017-03-06,285.13
2017-03-07,283.99
2017-03-08,283.6
2017-03-09,283.55
2017-03-10,284.68
2017-03-13,284.39
2017-03-14,283.37
2017-03-15,285.59
2017-03-16,285.79
2017-03-17,284.56
2017-03-20,283.69
2017-03-21,279.6
2017-03-22,279.99
2017-03-23,279.86
2017-03-24,279.28
2017-03-27,278.85
2017-03-28,281.06
2017-03-29,281.22
2017-03-30,282.75
2017-03-31,281.96
2017-04-03,281
2017-04-04,281.1
2017-04-05,280.08
2017-04-06,280.89
2017-04-07,280.49
2017-04-10,280.76
2017-04-11,280.58
2017-04-12,279.75
2017-04-13,277.62
2017-04-17,279.71
2017-04-18,278.79
2017-04-19,278.17
2017-04-20,280.42
2017-04-21,279.31
2017-04-24,282.71
2017-04-25,284.17
2017-04-26,284.57
2017-04-27,284.55
2017-04-28,283.52
2017-05-01,283.35
2017-05-02,283.96
2017-05-03,283.62
2017-05-04,283.76
2017-05-05,284.75
2017-05-08,284.52
2017-05-09,283.93
2017-05-10,284.25
2017-05-11,283.49
2017-05-12,282.46
2017-05-15,284.44
2017-05-16,284.26
2017-05-17,278.89
2017-05-18,279.24
2017-05-19,281.65
2017-05-22,282.59
2017-05-23,283.27
2017-05-24,283.97
2017-05-25,284.96
2017-05-26,284.88
2017-05-30,284.41
2017-05-31,284.16
2017-06-01,286.96
2017-06-02,287.23
2017-06-05,287.04
2017-06-06,285.9
2017-06-07,286.4
2017-06-08,286.76
2017-06-09,288.44
2017-06-12,288.85
2017-06-13,289.77
2017-06-14,289.31
2017-06-15,289.04
2017-06-16,288.99
2017-06-19,291.34
2017-06-20,289.37
2017-06-21,289.06
2017-06-22,290.04
2017-06-23,290.35
2017-06-26,291.5
2017-06-27,290.11
2017-06-28,292.91
2017-06-29,290.82
2017-06-30,291.52
2017-07-03,293.16
2017-07-05,293.19
2017-07-06,289.94
2017-07-07,291.35
2017-07-10,291.12
2017-07-11,290.77
2017-07-12,292.62
2017-07-13,293.51
2017-07-14,294.54
2017-07-17,295.03
2017-07-18,294.25
2017-07-19,295.36
2017-07-20,295.36
2017-07-21,295.48
2017-07-24,295.01
2017-07-25,296.65
2017-07-26,295.98
2017-07-27,295.41
2017-07-28,295.54
2017-07-31,296.03
2017-08-01,296.95
2017-08-02,296.31
2017-08-03,295.67
2017-08-04,296.16
2017-08-07,296.54
2017-08-08,295.87
2017-08-09,295.37
2017-08-10,291.01
2017-08-11,290.76
2017-08-14,293.4
2017-08-15,292.76
2017-08-16,293.33
2017-08-17,288.6
2017-08-18,287.62
2017-08-21,288.06
2017-08-22,290.44
2017-08-23,289.8
2017-08-24,289.33
2017-08-25,290.33
2017-08-28,290.29
2017-08-29,290.11
2017-08-30,292.09
2017-08-31,293.95
2017-09-01,295.53
2017-09-05,292.68
2017-09-06,294.33
2017-09-07,294.07
2017-09-08,294
2017-09-11,297.41
2017-09-12,299.27
2017-09-13,299.92
2017-09-14,299.37
2017-09-15,298.92
2017-09-18,299.3
2017-09-19,298.98
2017-09-20,299.4
2017-09-21,298.75
2017-09-22,299.65
2017-09-25,300.51
2017-09-26,300.95
2017-09-27,301.64
2017-09-28,301.31
2017-09-29,302.3
2017-10-02,304.81
2017-10-03,305.72
2017-10-04,306.27
2017-10-05,307.73
2017-10-06,306.79
2017-10-09,305.6
2017-10-10,306.51
2017-10-11,306.08
2017-10-12,304.7
2017-10-13,305.6
2017-10-16,305.57
2017-10-17,305.58
2017-10-18,307.19
2017-10-19,307.61
2017-10-20,309.55
2017-10-23,308.7
2017-10-24,309.23
2017-10-25,307.14
2017-10-26,307.43
2017-10-27,308
2017-10-30,306.55
2017-10-31,306.66
2017-11-01,307.76
2017-11-02,307.17
2017-11-03,306.7
2017-11-06,306.54
2017-11-07,306.49
2017-11-08,306.63
2017-11-09,305.2
2017-11-10,305.17
2017-11-13,305.13
2017-11-14,304.35
2017-11-15,302.94
2017-11-16,305.9
2017-11-17,305.66
2017-11-20,306.12
2017-11-21,307.47
2017-11-22,307.04
2017-11-24,306.84
2017-11-27,306.37
2017-11-28,310.46
2017-11-29,313.06
2017-11-30,315.71
2017-12-01,315.65
2017-12-04,317.96
2017-12-05,315.85
2017-12-06,314.9
2017-12-07,315.4
2017-12-08,318.16
2017-12-11,319.26
2017-12-12,319.65
2017-12-13,318.55
2017-12-14,316.98
2017-12-15,319.9
2017-12-18,322.08
2017-12-19,321.29
2017-12-20,321.74
2017-12-21,322.15
2017-12-22,322.29
2017-12-26,322.2
2017-12-27,321.96
2017-12-28,322.53
2017-12-29,320.99
2018-01-02,323.83
2018-01-03,325.14
2018-01-04,326.82
2018-01-05,328.42
2018-01-08,328.5
2018-01-09,329.22
2018-01-10,329.47
2018-01-11,332.54
2018-01-12,335.1
2018-01-16,333.54
2018-01-17,336.55
2018-01-18,335.78
2018-01-19,336.66
2018-01-22,339.17
2018-01-23,340.04
2018-01-24,339.76
2018-01-25,339.07
2018-01-26,344.06
2018-01-29,343.06
2018-01-30,337.37
2018-01-31,336.62
2018-02-01,337
2018-02-02,329.2
2018-02-05,315.76
2018-02-06,321.94
2018-02-07,321.6
2018-02-08,309.9
2018-02-09,313.75
2018-02-12,317.81
2018-02-13,318.5
2018-02-14,323.3
2018-02-15,326.4
2018-02-16,326.8
2018-02-20,324.27
2018-02-21,322.21
2018-02-22,322.21
2018-02-23,327.41
2018-02-26,331.22
2018-02-27,327.44
2018-02-28,323.6
2018-03-01,319.66
2018-03-02,321.44
2018-03-05,325.39
2018-03-06,326.61
2018-03-07,325.77
2018-03-08,326.45
2018-03-09,331.58
2018-03-12,331.45
2018-03-13,329.93
2018-03-14,327.6
2018-03-15,327.09
2018-03-16,327.95
2018-03-19,323.94
2018-03-20,322.88
2018-03-21,322.58
2018-03-22,314.46
2018-03-23,307.06
2018-03-26,315.13
2018-03-27,310.96
2018-03-28,310.66
2018-03-29,314.42
2018-04-02,307.34
2018-04-03,310.72
2018-04-04,314.74
2018-04-05,316.6
2018-04-06,310.28
2018-04-09,310.91
2018-04-10,316.23
2018-04-11,314.43
2018-04-12,317.62
2018-04-13,316.45
2018-04-16,319.03
2018-04-17,321.76
2018-04-18,321.61
2018-04-19,320.09
2018-04-20,318.04
2018-04-23,318.47
2018-04-24,316.18
2018-04-25,316.74
2018-04-26,317.93
2018-04-27,318.56
2018-04-30,314.97
2018-05-01,314.73
2018-05-02,311.01
2018-05-03,309.07
2018-05-04,312.37
2018-05-07,312.29
2018-05-08,312.25
2018-05-09,315.17
2018-05-10,317.94
2018-05-11,318.94
2018-05-14,320
2018-05-15,318.85
2018-05-16,320.66
2018-05-17,320.62
2018-05-18,318.9
2018-05-21,321.34
2018-05-22,320.96
2018-05-23,320.26
2018-05-24,319.63
2018-05-25,319.03
2018-05-29,314.69
2018-05-30,318.62
2018-05-31,315.29
2018-06-01,318.63
2018-06-04,320.08
2018-06-05,320.39
2018-06-06,323.27
2018-06-07,323.87
2018-06-08,324.8
2018-06-11,325.84
2018-06-12,325.73
2018-06-13,324.56
2018-06-14,324.23
2018-06-15,324.26
2018-06-18,322.76
2018-06-19,322.1
2018-06-20,321.02
2018-06-21,319.45
2018-06-22,320.56
2018-06-25,316.69
2018-06-26,316.63
2018-06-27,313.55
2018-06-28,314.81
2018-06-29,314.69
2018-07-02,315.6
2018-07-03,314.75
2018-07-05,317.15
2018-07-06,319.62
2018-07-09,323.08
2018-07-10,324.36
2018-07-11,321.22
2018-07-12,323.65
2018-07-13,324.2
2018-07-16,324.13
2018-07-17,324.72
2018-07-18,325.43
2018-07-19,324.88
2018-07-20,323.4
2018-07-23,324.18
2018-07-24,324.39
2018-07-25,326.03
2018-07-26,328.23
2018-07-27,327.07
2018-07-30,327.12
2018-07-31,328.62
2018-08-01,326.92
2018-08-02,327.5
2018-08-03,330.39
2018-08-06,330.94
2018-08-07,332.15
2018-08-08,332.31
2018-08-09,331.57
2018-08-10,329.3
2018-08-13,327.29
2018-08-14,329.79
2018-08-15,327.67
2018-08-16,331.04
2018-08-17,332.98
2018-08-20,334.62
2018-08-21,335.5
2018-08-22,335.09
2018-08-23,334.88
2018-08-24,336.48
2018-08-27,338.34
2018-08-28,338.38
2018-08-29,339.4
2018-08-30,337.16
2018-08-31,337.23
2018-09-04,336.64
2018-09-05,336.95
2018-09-06,335.51
2018-09-07,334.79
2018-09-10,335.71
2018-09-11,335.7
2018-09-12,335.9
2018-09-13,337.31
2018-09-14,337.87
2018-09-17,337.12
2018-09-18,338.79
2018-09-19,339.04
2018-09-20,342.07
2018-09-21,342.52
2018-09-24,339.52
2018-09-25,337.95
2018-09-26,336.97
2018-09-27,336.04
2018-09-28,335.99
2018-10-01,336.78
2018-10-02,336.95
2018-10-03,337.7
2018-10-04,336.44
2018-10-05,334.41
2018-10-08,335.34
2018-10-09,333.4
2018-10-10,325.2
2018-10-11,317.02
2018-10-12,320.52
2018-10-15,319.5
2018-10-16,325.94
2018-10-17,324.88
2018-10-18,321.01
2018-10-19,320.42
2018-10-22,318.44
2018-10-23,316.95
2018-10-24,307.24
2018-10-25,312.17
2018-10-26,307.47
2018-10-29,307.78
2018-10-30,312.42
2018-10-31,314.06
2018-11-01,318.04
2018-11-02,316.31
2018-11-05,319.2
2018-11-06,321.16
2018-11-07,326.34
2018-11-08,325.74
2018-11-09,323.34
2018-11-12,318.28
2018-11-13,318.07
2018-11-14,315.21
2018-11-15,317.42
2018-11-16,317.9
2018-11-19,314.38
2018-11-20,307.66
2018-11-21,308.86
2018-11-23,307.57
2018-11-26,311.68
2018-11-27,312.72
2018-11-28,318.5
2018-11-29,317.12
2018-11-30,319.64
2018-12-03,322.6
2018-12-04,312.64
2018-12-06,311.83
2018-12-07,303.85
2018-12-10,302.98
2018-12-11,301.93
2018-12-12,303.62
2018-12-13,302.85
2018-12-14,298.97
2018-12-17,292.9
2018-12-18,292.21
2018-12-19,288.37
2018-12-20,283.67
2018-12-21,278.35
2018-12-24,271.36
2018-12-26,283.67
2018-12-27,286.17
2018-12-28,285.57
2018-12-31,288.01
2019-01-02,290.08
2019-01-03,285.76
2019-01-04,295.53
2019-01-07,298.48
2019-01-08,300.51
2019-01-09,301.91
2019-01-10,302.91
2019-01-11,304.2
2019-01-14,302.81
2019-01-15,304.04
2019-01-16,305.73
2019-01-17,308.11
2019-01-18,312.54
2019-01-22,307.93
2019-01-23,309.81
2019-01-24,310.09
2019-01-25,313.42
2019-01-28,311.91
2019-01-29,312.25
2019-01-30,314.82
2019-01-31,317.1
2019-02-01,317.54
2019-02-04,318.93
2019-02-05,320.11
2019-02-06,320.29
2019-02-07,316.52
2019-02-08,316.33
2019-02-11,316.25
2019-02-12,319.72
2019-02-13,321.55
2019-02-14,320.85
2019-02-15,324.87
2019-02-19,325.95
2019-02-20,326.17
2019-02-21,324.94
2019-02-22,326.04
2019-02-25,326.57
2019-02-26,326.31
2019-02-27,325.56
2019-02-28,322.59
2019-03-01,324.35
2019-03-04,322.07
2019-03-05,321.39
2019-03-06,318.43
2019-03-07,316.05
2019-03-08,315.29
2019-03-11,320.08
2019-03-12,320.62
2019-03-13,323.15
2019-03-14,322.94
2019-03-15,324.45
2019-03-18,326.13
2019-03-19,326.06
2019-03-20,322.62
2019-03-21,325.51
2019-03-22,318.43
2019-03-25,317.44
2019-03-26,320.54
2019-03-27,319.21
2019-03-28,320.26
2019-03-29,322.64
2019-04-01,327.25
2019-04-02,326.33
2019-04-03,327.9
2019-04-04,329.83
2019-04-05,331.57
2019-04-08,331.71
2019-04-09,328.87
2019-04-10,330.81
2019-04-11,330.78
2019-04-12,333.5
2019-04-15,333.37
2019-04-16,333.32
2019-04-17,332.33
2019-04-18,332.52
2019-04-22,331.33
2019-04-23,333.41
2019-04-24,332.59
2019-04-25,331.94
2019-04-26,333.56
2019-04-29,334.49
2019-04-30,336.17
2019-05-01,334.04
2019-05-02,333.14
2019-05-03,335.51
2019-05-06,333.99
2019-05-07,328.23
2019-05-08,327.1
2019-05-09,326.06
2019-05-10,326.73
2019-05-13,318.03
2019-05-14,321.23
2019-05-15,322.16
2019-05-16,324.76
2019-05-17,323.09
2019-05-20,321.61
2019-05-21,325.02
2019-05-22,323.12
2019-05-23,318.45
2019-05-24,319.51
2019-05-28,315.45
2019-05-29,313.34
2019-05-30,312.94
2019-05-31,308.33
2019-06-03,310.53
2019-06-04,318.18
2019-06-05,318.52
2019-06-06,319.81
2019-06-07,321.65
2019-06-10,323.41
2019-06-11,323.28
2019-06-12,322.69
2019-06-13,325.19
2019-06-14,324.71
2019-06-17,324.19
2019-06-18,327.73
2019-06-19,328.44
2019-06-20,332
2019-06-21,331.43
2019-06-24,329.94
2019-06-25,328.54
2019-06-26,329.08
2019-06-27,330.6
2019-06-28,333.62
2019-07-01,336.18
2019-07-02,336.41
2019-07-03,339.05
2019-07-05,338.98
2019-07-08,337
2019-07-09,336.66
2019-07-10,337.28
2019-07-11,339.18
2019-07-12,342.43
2019-07-15,342.39
2019-07-16,341.69
2019-07-17,338.73
2019-07-18,340.09
2019-07-19,338.93
2019-07-22,339.08
2019-07-23,342.18
2019-07-24,344.22
2019-07-25,342.34
2019-07-26,344.39
2019-07-29,344.05
2019-07-30,343.27
2019-07-31,339.76
2019-08-01,335.32
2019-08-02,331.9
2019-08-05,321.95
2019-08-06,325.57
2019-08-07,325.08
2019-08-08,330.85
2019-08-09,327.51
2019-08-12,322.75
2019-08-13,327.32
2019-08-14,316.49
2019-08-15,316.17
2019-08-16,321.75
2019-08-19,325.74
2019-08-20,322.8
2019-08-21,326.63
2019-08-22,327.09
2019-08-23,317.98
2019-08-26,321.1
2019-08-27,318.7
2019-08-28,321.53
2019-08-29,326.11
2019-08-30,327.18
2019-09-03,324.95
2019-09-04,329.18
2019-09-05,334.97
2019-09-06,336.07
2019-09-09,339.79
2019-09-10,342.02
2019-09-11,344.25
2019-09-12,344.28
2019-09-13,345.24
2019-09-16,343.95
2019-09-17,343.24
2019-09-18,342.39
2019-09-19,341.59
2019-09-20,339.94
2019-09-23,339.94
2019-09-24,336.54
2019-09-25,338.5
2019-09-26,337.16
2019-09-27,336.44
2019-09-30,337.73
2019-10-01,332.71
2019-10-02,326.28
2019-10-03,327.67
2019-10-04,331.44
2019-10-07,330.12
2019-10-08,324.24
2019-10-09,327.21
2019-10-10,329.99
2019-10-11,335.05
2019-10-14,334.86
2019-10-15,338.58
2019-10-16,337.97
2019-10-17,339.45
2019-10-18,339.32
2019-10-21,342.35
2019-10-22,344.38
2019-10-23,345.09
2019-10-24,344.32
2019-10-25,347.26
2019-10-28,349.3
2019-10-29,349.85
2019-10-30,348.92
2019-10-31,347.14
2019-11-01,351.62
2019-11-04,354.31
2019-11-05,354.71
2019-11-06,355.53
2019-11-07,357.46
2019-11-08,358.99
2019-11-11,358.03
2019-11-12,358.31
2019-11-13,357.95
2019-11-14,358.91
2019-11-15,361.81
2019-11-18,362.24
2019-11-19,361.3
2019-11-20,359.76
2019-11-21,360.19
2019-11-22,361.8
2019-11-25,364.62
2019-11-26,364.61
2019-11-27,365.53
2019-11-29,364.11
2019-12-02,361.4
2019-12-03,357.84
2019-12-04,360.1
2019-12-05,360.86
2019-12-06,364.25
2019-12-09,363.1
2019-12-10,362.49
2019-12-11,363.06
2019-12-12,368.05
2019-12-13,367.12
2019-12-16,369.73
2019-12-17,369.55
2019-12-18,369.45
2019-12-19,370.58
2019-12-20,373.26
2019-12-23,373.17
2019-12-24,373.27
2019-12-26,374.46
2019-12-27,374.08
2019-12-30,372.27
2019-12-31,373.54
2020-01-02,375.2
2020-01-03,371.8
2020-01-06,371.9
2020-01-07,371.18
2020-01-08,372.58
2020-01-09,373.88
2020-01-10,372.92
2020-01-13,375.04
2020-01-14,375.83
2020-01-15,375.52
2020-01-16,378.57
2020-01-17,379.61
2020-01-21,377.28
2020-01-22,377.81
2020-01-23,377.62
2020-01-24,373.2
2020-01-27,367
2020-01-28,370.24
2020-01-29,366.48
2020-01-30,367.7
2020-01-31,360.07
2020-02-03,361.73
2020-02-04,367.85
2020-02-05,374.97
2020-02-06,375.94
2020-02-07,373.16
2020-02-10,374.37
2020-02-11,376.23
2020-02-12,379.33
2020-02-13,377.86
2020-02-14,376.91
2020-02-18,375.31
2020-02-19,376.8
2020-02-20,376.25
2020-02-21,373.5
2020-02-24,360.87
2020-02-25,348.22
2020-02-26,344.62
2020-02-27,330.16
2020-02-28,325.93
2020-03-02,339.9
2020-03-03,329.44
2020-03-04,342.63
2020-03-05,330.2
2020-03-06,325.09
2020-03-09,298.68
2020-03-10,311.4
2020-03-11,295.19
2020-03-12,264.04
2020-03-13,289.25
2020-03-16,254.94
2020-03-17,268.25
2020-03-18,252.81
2020-03-19,254.21
2020-03-20,242.21
2020-03-23,235.12
2020-03-24,258.06
2020-03-25,261.51
2020-03-26,280.32
2020-03-27,269.7
2020-03-30,278.2
2020-03-31,272.89
2020-04-01,259.91
2020-04-02,264.2
2020-04-03,260.56
2020-04-06,278.54
2020-04-07,280
2020-04-08,290.9
2020-04-09,296.38
2020-04-13,291.15
2020-04-14,298.34
2020-04-15,288.09
2020-04-16,287.99
2020-04-17,298.43
2020-04-20,292.62
2020-04-21,283.22
2020-04-22,288.01
2020-04-23,287.84
2020-04-24,292.55
2020-04-27,300.23
2020-04-28,302.67
2020-04-29,312.13
2020-04-30,304.75
2020-05-01,294.36
2020-05-04,294.33
2020-05-05,295.52
2020-05-06,291.5
2020-05-07,295.78
2020-05-08,303.07
2020-05-11,301.14
2020-05-12,294.31
2020-05-13,286.16
2020-05-14,290.98
2020-05-15,291.96
2020-05-18,304.69
2020-05-19,300.37
2020-05-20,305.64
2020-05-21,303.86
2020-05-22,303.53
2020-05-26,312.26
2020-05-27,320.81
2020-05-28,316.99
2020-05-29,317.38
2020-06-01,317.89
2020-06-02,322.09
2020-06-03,328.7
2020-06-04,330.69
2020-06-05,340.74
2020-06-08,348.36
2020-06-09,341.19
2020-06-10,334.05
2020-06-11,310.88
2020-06-12,316.98
2020-06-15,318.94
2020-06-16,325.27
2020-06-17,322.05
2020-06-18,320.93
2020-06-19,318.85
2020-06-22,318.65
2020-06-23,319.84
2020-06-24,310.19
2020-06-25,314.08
2020-06-26,308.48
2020-06-29,314.14
2020-06-30,317.89
2020-07-01,316.94
2020-07-02,318.64
2020-07-06,322.17
2020-07-07,316.53
2020-07-08,317.72
2020-07-09,312.67
2020-07-10,318.82
2020-07-13,318.02
2020-07-14,321.91
2020-07-15,327.73
2020-07-16,327.11
2020-07-17,327.98
2020-07-20,325.6
2020-07-21,328.55
2020-07-22,330.79
2020-07-23,330.58
2020-07-24,325.66
2020-07-27,326.47
2020-07-28,325.82
2020-07-29,328.09
2020-07-30,324.67
2020-07-31,323.9
2020-08-03,325.35
2020-08-04,327.55
2020-08-05,329.31
2020-08-06,330.26
2020-08-07,334.08
2020-08-10,338.2
2020-08-11,337.69
2020-08-12,339.68
2020-08-13,336.29
2020-08-14,337.38
2020-08-17,336.52
2020-08-18,335.2
2020-08-19,334.68
2020-08-20,333.33
2020-08-21,333.54
2020-08-24,339.06
2020-08-25,338.03
2020-08-26,337.74
2020-08-27,339.54
2020-08-28,342.39
2020-08-31,339.26
2020-09-01,338.79
2020-09-02,344.81
2020-09-03,337.46
2020-09-04,337.58
2020-09-08,331.74
2020-09-09,335.35
2020-09-10,330.23
2020-09-11,332.07
2020-09-14,337.07
2020-09-15,336.84
2020-09-16,339.32
2020-09-17,337.47
2020-09-18,334.46
2020-09-21,326.72
2020-09-22,328.48
2020-09-23,321.57
2020-09-24,320.95
2020-09-25,324.87
2020-09-28,331.06
2020-09-29,328.82
2020-09-30,331.73
2020-10-01,331.77
2020-10-02,332.16
2020-10-05,337.3
2020-10-06,333.31
2020-10-07,339.3
2020-10-08,344.17
2020-10-09,344.83
2020-10-12,347.59
2020-10-13,345.32
2020-10-14,343.66
2020-10-15,344.44
2020-10-16,345.77
2020-10-19,341.08
2020-10-20,342.47
2020-10-21,341.6
2020-10-22,345.22
2020-10-23,345.18
2020-10-26,336.56
2020-10-27,331.97
2020-10-28,322.59
2020-10-29,325.49
2020-10-30,325.44
2020-11-02,331.61
2020-11-03,339.17
2020-11-04,340.76
2020-11-05,345.96
2020-11-06,345.2
2020-11-09,358.53
2020-11-10,362.09
2020-11-11,361.04
2020-11-12,355.82
2020-11-13,364.14
2020-11-16,371.57
2020-11-17,369.71
2020-11-18,365.76
2020-11-19,366.77
2020-11-20,365.14
2020-11-23,371.69
2020-11-24,380.98
2020-11-25,378.09
2020-11-27,378.2
2020-11-30,374.56
2020-12-01,378.31
2020-12-02,381.03
2020-12-03,382.92
2020-12-04,388.09
2020-12-07,385.65
2020-12-08,386.94
2020-12-09,387.14
2020-12-10,385.8
2020-12-11,385.64
2020-12-14,381.57
2020-12-15,387.31
2020-12-16,386.27
2020-12-17,388.72
2020-12-18,386.71
2020-12-21,384.27
2020-12-22,381.98
2020-12-23,384.17
2020-12-24,384.63
2020-12-28,385.58
2020-12-29,384.66
2020-12-30,385.33
2020-12-31,388.88
2021-01-04,384.29
2021-01-05,387.8
2021-01-06,395.62
2021-01-07,399.41
2021-01-08,400.32
2021-01-11,401.54
2021-01-12,403.67
2021-01-13,404.14
2021-01-14,407.16
2021-01-15,403.48
2021-01-19,404.81
2021-01-20,406.73
2021-01-21,406.16
2021-01-22,403.07
2021-01-25,402.08
2021-01-26,401.81
2021-01-27,393.37
2021-01-28,397.48
2021-01-29,390.65
2021-02-01,394.14
2021-02-02,399.25
2021-02-03,399.75
2021-02-04,405.29
2021-02-05,407.74
2021-02-08,412.95
2021-02-09,413.49
2021-02-10,412.99
2021-02-11,413.96
2021-02-12,416.08
2021-02-16,416.17
2021-02-17,416.71
2021-02-18,414.91
2021-02-19,416.26
2021-02-22,415.78
2021-02-23,416.5
2021-02-24,421.77
2021-02-25,412.51
2021-02-26,408.3
2021-03-01,417.72
2021-03-02,415.12
2021-03-03,413.37
2021-03-04,408.54
2021-03-05,417.83
2021-03-08,420.95
2021-03-09,423.05
2021-03-10,427.41
2021-03-11,429.54
2021-03-12,432.53
2021-03-15,435.95
2021-03-16,434.16
2021-03-17,436.42
2021-03-18,432.6
2021-03-19,432.69
2021-03-22,434.53
2021-03-23,427.91
2021-03-24,426.65
2021-03-25,431.93
2021-03-26,441.55
2021-03-29,440.02
2021-03-30,440.74
2021-03-31,438.97
2021-04-01,443.1
2021-04-05,447.88
2021-04-06,447.11
2021-04-07,446.64
2021-04-08,447.37
2021-04-09,450.59
2021-04-12,450.07
2021-04-13,448.88
2021-04-14,449.87
2021-04-15,452.98
2021-04-16,455.1
2021-04-19,453.16
2021-04-20,449.34
2021-04-21,453.84
2021-04-22,450.35
2021-04-23,452.71
2021-04-26,452.52
2021-04-27,453.03
2021-04-28,453.06
2021-04-29,457.22
2021-04-30,452.79
2021-05-03,456.8
2021-05-04,456.19
2021-05-05,458.38
2021-05-06,463.46
2021-05-07,467.99
2021-05-10,466.99
2021-05-11,461.61
2021-05-12,452.35
2021-05-13,459.22
2021-05-14,465.24
2021-05-17,464.34
2021-05-18,460.34
2021-05-19,459.06
2021-05-20,462
2021-05-21,463.09
2021-05-24,466.32
2021-05-25,463.87
2021-05-26,465.44
2021-05-27,466.91
2021-05-28,466.96
2021-06-01,468.1
2021-06-02,468.4
2021-06-03,468.07
2021-06-04,471.37
2021-06-07,471.75
2021-06-08,471.52
2021-06-09,469.35
2021-06-10,470.21
2021-06-11,471.19
2021-06-14,469.25
2021-06-15,468.97
2021-06-16,465.12
2021-06-17,459.27
2021-06-18,451.05
2021-06-21,458.64
2021-06-22,459.78
2021-06-23,458.22
2021-06-24,461.85
2021-06-25,464.26
2021-06-28,464.15
2021-06-29,463.89
2021-06-30,465.07
2021-07-01,467.85
2021-07-02,470.25
2021-07-06,465.69
2021-07-07,467.45
2021-07-08,463.23
2021-07-09,469.68
2021-07-12,470.73
2021-07-13,467.47
2021-07-14,466.98
2021-07-15,465.57
2021-07-16,462.34
2021-07-19,455.68
2021-07-20,463.01
2021-07-21,467.43
2021-07-22,467.09
2021-07-23,468.62
2021-07-26,470.72
2021-07-27,468.85
2021-07-28,467.62
2021-07-29,471.73
2021-07-30,470.84
2021-08-02,470.5
2021-08-03,475.95
2021-08-04,471.5
2021-08-05,473.17
2021-08-06,476.06
2021-08-09,475.86
2021-08-10,478.99
2021-08-11,481.8
2021-08-12,482.17
2021-08-13,482.43
2021-08-16,483.53
2021-08-17,480.11
2021-08-18,475.53
2021-08-19,474
2021-08-20,477.15
2021-08-23,480.55
2021-08-24,481.55
2021-08-25,483.78
2021-08-26,480.88
2021-08-27,484.29
2021-08-30,482.88
2021-08-31,483.45
2021-09-01,483.12
2021-09-02,486.14
2021-09-03,485.42
2021-09-07,480.61
2021-09-08,479.58
2021-09-09,477.71
2021-09-10,475.02
2021-09-13,477.42
2021-09-14,470.93
2021-09-15,475.8
2021-09-16,475.26
2021-09-17,473
2021-09-20,465.18
2021-09-21,463.35
2021-09-22,467.28
2021-09-23,474.57
2021-09-24,475.08
2021-09-27,477.28
2021-09-28,470.39
2021-09-29,471.66
2021-09-30,464.08
2021-10-01,469.46
2021-10-04,466.62
2021-10-05,470.88
2021-10-06,470.66
2021-10-07,474.75
2021-10-08,473.77
2021-10-11,470.82
2021-10-12,470
2021-10-13,471.22
2021-10-14,479.71
2021-10-15,482.19
2021-10-18,482.25
2021-10-19,485.65
2021-10-20,489.63
2021-10-21,489.78
2021-10-22,490.22
2021-10-25,491.49
2021-10-26,490.13
2021-10-27,483.92
2021-10-28,488.06
2021-10-29,487.38
2021-11-01,490.69
2021-11-02,492.61
2021-11-03,495.07
2021-11-04,494.54
2021-11-05,497.42
2021-11-08,498.39
2021-11-09,498.26
2021-11-10,496.9
2021-11-11,499.1
2021-11-12,501.01
2021-11-15,501.66
2021-11-16,502.22
2021-11-17,499.71
2021-11-18,497.4
2021-11-19,493.4
2021-11-22,495.64
2021-11-23,497.18
2021-11-24,497.29
2021-11-26,488.06
2021-11-29,491.5
2021-11-30,478.97
2021-12-01,473.04
2021-12-02,483.12
2021-12-03,482.37
