Date,S&P 500 ESG Quality Index (USD) TR
2011-11-30,131.36
2011-12-01,131.23
2011-12-02,130.92
2011-12-05,132.06
2011-12-06,132.15
2011-12-07,132.52
2011-12-08,130.09
2011-12-09,132.24
2011-12-12,130.3
2011-12-13,129.19
2011-12-14,127.68
2011-12-15,128.02
2011-12-16,128.45
2011-12-19,126.89
2011-12-20,130.82
2011-12-21,131.23
2011-12-22,132.32
2011-12-23,133.6
2011-12-27,133.69
2011-12-28,132
2011-12-29,133.43
2011-12-30,132.85
2012-01-03,134.36
2012-01-04,134.26
2012-01-05,134.53
2012-01-06,134.24
2012-01-09,134.67
2012-01-10,136
2012-01-11,135.71
2012-01-12,135.97
2012-01-13,135.41
2012-01-17,136.13
2012-01-18,137.52
2012-01-19,138.22
2012-01-20,137.78
2012-01-23,137.67
2012-01-24,137.8
2012-01-25,139.24
2012-01-26,138.71
2012-01-27,138.49
2012-01-30,138.06
2012-01-31,138.2
2012-02-01,139.37
2012-02-02,140.07
2012-02-03,141.95
2012-02-06,141.98
2012-02-07,142.07
2012-02-08,142.49
2012-02-09,142.93
2012-02-10,142.27
2012-02-13,143.13
2012-02-14,142.99
2012-02-15,142.28
2012-02-16,143.72
2012-02-17,143.91
2012-02-21,144.13
2012-02-22,144.03
2012-02-23,144.7
2012-02-24,145.06
2012-02-27,145.18
2012-02-28,145.59
2012-02-29,144.95
2012-03-01,145.7
2012-03-02,145.23
2012-03-05,144.45
2012-03-06,142.32
2012-03-07,143.28
2012-03-08,144.88
2012-03-09,145.48
2012-03-12,145.6
2012-03-13,147.87
2012-03-14,147.84
2012-03-15,148.56
2012-03-16,148.65
2012-03-19,149.63
2012-03-20,149.2
2012-03-21,148.98
2012-03-22,147.93
2012-03-23,148.18
2012-03-26,150.37
2012-03-27,150.07
2012-03-28,149.24
2012-03-29,149.25
2012-03-30,149.61
2012-04-02,150.95
2012-04-03,150.64
2012-04-04,149.24
2012-04-05,149.3
2012-04-09,147.7
2012-04-10,145.26
2012-04-11,146.18
2012-04-12,148.14
2012-04-13,146.62
2012-04-16,146.2
2012-04-17,148.6
2012-04-18,148.29
2012-04-19,147.32
2012-04-20,147.29
2012-04-23,145.84
2012-04-24,146.27
2012-04-25,148.31
2012-04-26,149.62
2012-04-27,149.87
2012-04-30,149.05
2012-05-01,149.66
2012-05-02,149.53
2012-05-03,148.47
2012-05-04,146.05
2012-05-07,146.06
2012-05-08,145.82
2012-05-09,144.98
2012-05-10,145.72
2012-05-11,145.23
2012-05-14,143.76
2012-05-15,143.17
2012-05-16,142.35
2012-05-17,139.88
2012-05-18,138.77
2012-05-21,141.26
2012-05-22,141.21
2012-05-23,141.82
2012-05-24,142.07
2012-05-25,141.83
2012-05-29,143.47
2012-05-30,141.25
2012-05-31,140.86
2012-06-01,137.39
2012-06-04,137.78
2012-06-05,138.41
2012-06-06,141.34
2012-06-07,141.38
2012-06-08,142.4
2012-06-11,140.72
2012-06-12,142.36
2012-06-13,141.29
2012-06-14,142.73
2012-06-15,144.19
2012-06-18,144.51
2012-06-19,145.62
2012-06-20,145.25
2012-06-21,142.06
2012-06-22,143.09
2012-06-25,140.95
2012-06-26,141.67
2012-06-27,142.62
2012-06-28,142.21
2012-06-29,145.95
2012-07-02,146.25
2012-07-03,146.94
2012-07-05,146.42
2012-07-06,145.02
2012-07-09,144.53
2012-07-10,143.51
2012-07-11,143.5
2012-07-12,142.94
2012-07-13,145.21
2012-07-16,144.84
2012-07-17,145.62
2012-07-18,147.03
2012-07-19,147.58
2012-07-20,146.04
2012-07-23,144.48
2012-07-24,142.83
2012-07-25,143.05
2012-07-26,145.74
2012-07-27,148.35
2012-07-30,148.31
2012-07-31,147.42
2012-08-01,146.98
2012-08-02,145.84
2012-08-03,148.46
2012-08-06,148.61
2012-08-07,149.5
2012-08-08,149.65
2012-08-09,149.81
2012-08-10,150.1
2012-08-13,149.78
2012-08-14,149.67
2012-08-15,149.83
2012-08-16,151.23
2012-08-17,151.51
2012-08-20,151.03
2012-08-21,150.65
2012-08-22,150.8
2012-08-23,149.9
2012-08-24,150.79
2012-08-27,150.64
2012-08-28,150.64
2012-08-29,150.88
2012-08-30,149.81
2012-08-31,150.66
2012-09-04,150.43
2012-09-05,150.09
2012-09-06,153.16
2012-09-07,153.45
2012-09-10,152.7
2012-09-11,152.88
2012-09-12,153.16
2012-09-13,155.45
2012-09-14,155.84
2012-09-17,155.42
2012-09-18,155.1
2012-09-19,155.36
2012-09-20,155.58
2012-09-21,155.51
2012-09-24,155.48
2012-09-25,154.14
2012-09-26,153.34
2012-09-27,154.73
2012-09-28,154.52
2012-10-01,155.05
2012-10-02,155.3
2012-10-03,155.76
2012-10-04,156.84
2012-10-05,157.08
2012-10-08,156.77
2012-10-09,155.09
2012-10-10,153.9
2012-10-11,153.96
2012-10-12,153.3
2012-10-15,154.34
2012-10-16,155.88
2012-10-17,156.57
2012-10-18,156.54
2012-10-19,154.25
2012-10-22,154.23
2012-10-23,152.31
2012-10-24,151.61
2012-10-25,151.71
2012-10-26,151.66
2012-10-31,151.81
2012-11-01,153.8
2012-11-02,152.46
2012-11-05,152.79
2012-11-06,153.85
2012-11-07,150.74
2012-11-08,149.07
2012-11-09,149.41
2012-11-12,149.61
2012-11-13,149.45
2012-11-14,147.74
2012-11-15,147.73
2012-11-16,148.64
2012-11-19,150.88
2012-11-20,150.93
2012-11-21,151.08
2012-11-23,152.99
2012-11-26,152.52
2012-11-27,151.91
2012-11-28,152.95
2012-11-29,153.61
2012-11-30,153.7
2012-12-03,153.03
2012-12-04,152.81
2012-12-05,153.25
2012-12-06,153.83
2012-12-07,154.48
2012-12-10,154.63
2012-12-11,155.68
2012-12-12,155.57
2012-12-13,154.73
2012-12-14,154.49
2012-12-17,156.37
2012-12-18,157.86
2012-12-19,156.74
2012-12-20,157.57
2012-12-21,156.04
2012-12-24,155.75
2012-12-26,155.06
2012-12-27,154.77
2012-12-28,153.13
2012-12-31,155.42
2013-01-02,159.12
2013-01-03,158.98
2013-01-04,160.06
2013-01-07,159.46
2013-01-08,159.15
2013-01-09,159.78
2013-01-10,160.83
2013-01-11,161.16
2013-01-14,161.61
2013-01-15,161.86
2013-01-16,161.6
2013-01-17,162.51
2013-01-18,162.96
2013-01-22,163.6
2013-01-23,163.52
2013-01-24,164.69
2013-01-25,165.77
2013-01-28,165.29
2013-01-29,165.67
2013-01-30,165.24
2013-01-31,164.85
2013-02-01,166.4
2013-02-04,164.46
2013-02-05,165.46
2013-02-06,165.76
2013-02-07,165.21
2013-02-08,165.96
2013-02-11,165.99
2013-02-12,166.34
2013-02-13,166.39
2013-02-14,166.86
2013-02-15,166.94
2013-02-19,168.19
2013-02-20,166.3
2013-02-21,165.42
2013-02-22,166.82
2013-02-25,164.03
2013-02-26,165.05
2013-02-27,167.1
2013-02-28,167.08
2013-03-01,167.63
2013-03-04,168.31
2013-03-05,170.03
2013-03-06,170.45
2013-03-07,170.41
2013-03-08,171.2
2013-03-11,171.8
2013-03-12,171.29
2013-03-13,171.76
2013-03-14,172.75
2013-03-15,172.5
2013-03-18,171.44
2013-03-19,171.07
2013-03-20,172.34
2013-03-21,170.91
2013-03-22,172.2
2013-03-25,171.55
2013-03-26,173.03
2013-03-27,173.03
2013-03-28,173.87
2013-04-01,173.35
2013-04-02,174.27
2013-04-03,172.69
2013-04-04,173.61
2013-04-05,172.67
2013-04-08,173.37
2013-04-09,173.94
2013-04-10,175.71
2013-04-11,176.61
2013-04-12,176.19
2013-04-15,172.34
2013-04-16,174.43
2013-04-17,172.64
2013-04-18,171.88
2013-04-19,173.29
2013-04-22,173.94
2013-04-23,175.62
2013-04-24,175.02
2013-04-25,175.23
2013-04-26,174.75
2013-04-29,175.97
2013-04-30,176.51
2013-05-01,174.68
2013-05-02,176.37
2013-05-03,178.08
2013-05-06,177.83
2013-05-07,178.47
2013-05-08,179.48
2013-05-09,179.04
2013-05-10,179.9
2013-05-13,179.71
2013-05-14,181.8
2013-05-15,182.97
2013-05-16,182.92
2013-05-17,184.7
2013-05-20,184.32
2013-05-21,184.6
2013-05-22,183.09
2013-05-23,182.6
2013-05-24,182.64
2013-05-28,183.97
2013-05-29,182.66
2013-05-30,183.37
2013-05-31,180.65
2013-06-03,182.01
2013-06-04,180.88
2013-06-05,178.53
2013-06-06,180.04
2013-06-07,182.15
2013-06-10,182.4
2013-06-11,180.72
2013-06-12,179.1
2013-06-13,181.89
2013-06-14,180.91
2013-06-17,182.37
2013-06-18,183.71
2013-06-19,181.32
2013-06-20,177.15
2013-06-21,178.04
2013-06-24,175.7
2013-06-25,177.28
2013-06-26,179.01
2013-06-27,180.13
2013-06-28,178.99
2013-07-01,179.69
2013-07-02,179.51
2013-07-03,179.79
2013-07-05,181.65
2013-07-08,182.56
2013-07-09,183.68
2013-07-10,183.73
2013-07-11,185.91
2013-07-12,186.75
2013-07-15,187.23
2013-07-16,186.35
2013-07-17,187.04
2013-07-18,187.96
2013-07-19,188.55
2013-07-22,188.62
2013-07-23,188.36
2013-07-24,187.43
2013-07-25,187.65
2013-07-26,187.86
2013-07-29,187.01
2013-07-30,187.23
2013-07-31,187.58
2013-08-01,189.59
2013-08-02,190.33
2013-08-05,190.03
2013-08-06,189.16
2013-08-07,188.29
2013-08-08,189.29
2013-08-09,188.6
2013-08-12,188.03
2013-08-13,188.54
2013-08-14,187.41
2013-08-15,184.49
2013-08-16,183.72
2013-08-19,182.73
2013-08-20,183.76
2013-08-21,182.56
2013-08-22,184.41
2013-08-23,184.89
2013-08-26,184.15
2013-08-27,181.46
2013-08-28,182.02
2013-08-29,182.11
2013-08-30,181.69
2013-09-03,182.7
2013-09-04,184.13
2013-09-05,184.25
2013-09-06,184.13
2013-09-09,185.89
2013-09-10,187.12
2013-09-11,188.23
2013-09-12,187.45
2013-09-13,188.18
2013-09-16,189.61
2013-09-17,190.19
2013-09-18,192.69
2013-09-19,192.62
2013-09-20,191.35
2013-09-23,190.14
2013-09-24,189.72
2013-09-25,189.39
2013-09-26,189.77
2013-09-27,189.1
2013-09-30,187.97
2013-10-01,189.11
2013-10-02,188.67
2013-10-03,187.1
2013-10-04,188.53
2013-10-07,187.01
2013-10-08,184.67
2013-10-09,184.84
2013-10-10,188.82
2013-10-11,189.95
2013-10-14,190.77
2013-10-15,189.35
2013-10-16,191.84
2013-10-17,193.09
2013-10-18,193.63
2013-10-21,193.64
2013-10-22,194.9
2013-10-23,194.35
2013-10-24,194.59
2013-10-25,195.53
2013-10-28,195.87
2013-10-29,197.4
2013-10-30,196.24
2013-10-31,195.55
2013-11-01,195.85
2013-11-04,196.59
2013-11-05,195.99
2013-11-06,196.88
2013-11-07,194.46
2013-11-08,196.93
2013-11-11,196.94
2013-11-12,196.97
2013-11-13,198.75
2013-11-14,199.3
2013-11-15,200.32
2013-11-18,199.51
2013-11-19,199.25
2013-11-20,198.56
2013-11-21,200.27
2013-11-22,201.45
2013-11-25,200.98
2013-11-26,200.66
2013-11-27,201.47
2013-11-29,201
2013-12-02,200.37
2013-12-03,199.45
2013-12-04,198.94
2013-12-05,198.13
2013-12-06,200.85
2013-12-09,200.69
2013-12-10,199.69
2013-12-11,197.08
2013-12-12,196.6
2013-12-13,196.59
2013-12-16,198.3
2013-12-17,197.71
2013-12-18,201.34
2013-12-19,201.43
2013-12-20,202.48
2013-12-23,203.34
2013-12-24,203.97
2013-12-26,205.1
2013-12-27,205.24
2013-12-30,205.53
2013-12-31,206.31
2014-01-02,204.4
2014-01-03,204.74
2014-01-06,204.16
2014-01-07,205.56
2014-01-08,206.16
2014-01-09,206.08
2014-01-10,206.68
2014-01-13,203.66
2014-01-14,205.91
2014-01-15,206.76
2014-01-16,206.5
2014-01-17,206.08
2014-01-21,206.26
2014-01-22,205.72
2014-01-23,204.02
2014-01-24,199.54
2014-01-27,198.46
2014-01-28,199.69
2014-01-29,197.9
2014-01-30,200.01
2014-01-31,198.39
2014-02-03,193.92
2014-02-04,195.58
2014-02-05,195.39
2014-02-06,197.76
2014-02-07,200.65
2014-02-10,200.81
2014-02-11,202.92
2014-02-12,203.51
2014-02-13,204.62
2014-02-14,205.67
2014-02-18,205.95
2014-02-19,204.57
2014-02-20,206.02
2014-02-21,206.14
2014-02-24,207.4
2014-02-25,207.19
2014-02-26,207.12
2014-02-27,207.91
2014-02-28,208.26
2014-03-03,206.79
2014-03-04,209.8
2014-03-05,209.48
2014-03-06,209.91
2014-03-07,210.33
2014-03-10,210.36
2014-03-11,209.22
2014-03-12,209.29
2014-03-13,206.83
2014-03-14,206.75
2014-03-17,208.96
2014-03-18,210.26
2014-03-19,208.91
2014-03-20,210.27
2014-03-21,209.42
2014-03-24,208.22
2014-03-25,209.84
2014-03-26,208.51
2014-03-27,207.86
2014-03-28,208.75
2014-03-31,210.68
2014-04-01,211.77
2014-04-02,212.42
2014-04-03,212.41
2014-04-04,209.95
2014-04-07,207.67
2014-04-08,207.94
2014-04-09,210.23
2014-04-10,206.27
2014-04-11,204.39
2014-04-14,206.05
2014-04-15,207.31
2014-04-16,209.52
2014-04-17,210.07
2014-04-21,211.07
2014-04-22,212.28
2014-04-23,211.85
2014-04-24,211.2
2014-04-25,209.86
2014-04-28,210.98
2014-04-29,211.46
2014-04-30,211.95
2014-05-01,211.88
2014-05-02,211.7
2014-05-05,212.14
2014-05-06,210.32
2014-05-07,211.96
2014-05-08,212.11
2014-05-09,212.45
2014-05-12,214.52
2014-05-13,214.34
2014-05-14,213.13
2014-05-15,211.57
2014-05-16,212.58
2014-05-19,213.14
2014-05-20,211.62
2014-05-21,213.35
2014-05-22,213.84
2014-05-23,214.49
2014-05-27,215.53
2014-05-28,215.27
2014-05-29,216.44
2014-05-30,217.16
2014-06-02,217.59
2014-06-03,217.14
2014-06-04,217.85
2014-06-05,219.06
2014-06-06,219.81
2014-06-09,219.96
2014-06-10,219.66
2014-06-11,218.89
2014-06-12,217.56
2014-06-13,218.29
2014-06-16,218.22
2014-06-17,218.77
2014-06-18,220.73
2014-06-19,220.84
2014-06-20,221.23
2014-06-23,221.19
2014-06-24,219.78
2014-06-25,220.51
2014-06-26,220.4
2014-06-27,221.03
2014-06-30,220.98
2014-07-01,222.64
2014-07-02,223.3
2014-07-03,224.48
2014-07-07,223.75
2014-07-08,222.54
2014-07-09,223.19
2014-07-10,222.08
2014-07-11,221.93
2014-07-14,222.84
2014-07-15,222.04
2014-07-16,222.5
2014-07-17,220.26
2014-07-18,222.61
2014-07-21,221.85
2014-07-22,222.8
2014-07-23,223.58
2014-07-24,223.39
2014-07-25,222.61
2014-07-28,223.28
2014-07-29,222.09
2014-07-30,221.97
2014-07-31,217.24
2014-08-01,216.48
2014-08-04,217.96
2014-08-05,216.13
2014-08-06,216.64
2014-08-07,215.38
2014-08-08,217.8
2014-08-11,218.39
2014-08-12,218.1
2014-08-13,219.43
2014-08-14,220.36
2014-08-15,220.61
2014-08-18,222.22
2014-08-19,223.84
2014-08-20,224.42
2014-08-21,225.25
2014-08-22,225.21
2014-08-25,226.49
2014-08-26,226.47
2014-08-27,226.91
2014-08-28,226.67
2014-08-29,227.23
2014-09-02,227.07
2014-09-03,226.77
2014-09-04,226.26
2014-09-05,227.1
2014-09-08,226.31
2014-09-09,225.12
2014-09-10,226.18
2014-09-11,226.49
2014-09-12,225.11
2014-09-15,224.98
2014-09-16,226.64
2014-09-17,226.93
2014-09-18,228.2
2014-09-19,227.71
2014-09-22,226.56
2014-09-23,224.97
2014-09-24,226.9
2014-09-25,223.16
2014-09-26,225.41
2014-09-29,224.74
2014-09-30,223.86
2014-10-01,220.98
2014-10-02,221.14
2014-10-03,223.51
2014-10-06,223.14
2014-10-07,219.94
2014-10-08,224.01
2014-10-09,219.65
2014-10-10,217.05
2014-10-13,213.43
2014-10-14,213.47
2014-10-15,211.95
2014-10-16,212.31
2014-10-17,215.18
2014-10-20,216.74
2014-10-21,221.29
2014-10-22,219.6
2014-10-23,222.21
2014-10-24,224.01
2014-10-27,223.85
2014-10-28,226.23
2014-10-29,226.02
2014-10-30,227.76
2014-10-31,230
2014-11-03,229.59
2014-11-04,228.78
2014-11-05,229.72
2014-11-06,230.61
2014-11-07,230.7
2014-11-10,232.01
2014-11-11,232.01
2014-11-12,231.72
2014-11-13,231.88
2014-11-14,231.95
2014-11-17,232.13
2014-11-18,233.19
2014-11-19,232.67
2014-11-20,233.04
2014-11-21,234.54
2014-11-24,235.21
2014-11-25,234.67
2014-11-26,235.33
2014-11-28,235.04
2014-12-01,233.68
2014-12-02,235.48
2014-12-03,236.93
2014-12-04,236.47
2014-12-05,236.99
2014-12-08,234.94
2014-12-09,235
2014-12-10,231.25
2014-12-11,232.14
2014-12-12,228.37
2014-12-15,227.41
2014-12-16,225.8
2014-12-17,230.57
2014-12-18,237.09
2014-12-19,238.5
2014-12-22,238.06
2014-12-23,238.35
2014-12-24,238.5
2014-12-26,239.28
2014-12-29,239.7
2014-12-30,238.44
2014-12-31,236
2015-01-02,236.02
2015-01-05,231.94
2015-01-06,229.67
2015-01-07,232.56
2015-01-08,236.8
2015-01-09,234.93
2015-01-12,232.81
2015-01-13,231.85
2015-01-14,230.36
2015-01-15,227.97
2015-01-16,231.43
2015-01-20,232.08
2015-01-21,232.7
2015-01-22,236.46
2015-01-23,234.86
2015-01-26,235.84
2015-01-27,233.46
2015-01-28,230.57
2015-01-29,233.23
2015-01-30,229.92
2015-02-02,233.02
2015-02-03,236.89
2015-02-04,234.43
2015-02-05,236.69
2015-02-06,235.71
2015-02-09,234.61
2015-02-10,237.23
2015-02-11,237.16
2015-02-12,239.51
2015-02-13,240.7
2015-02-17,241.42
2015-02-18,241.35
2015-02-19,240.74
2015-02-20,242.73
2015-02-23,242.91
2015-02-24,243.83
2015-02-25,243.25
2015-02-26,242.26
2015-02-27,241.63
2015-03-02,242.87
2015-03-03,241.81
2015-03-04,240.51
2015-03-05,240.7
2015-03-06,237.7
2015-03-09,238.6
2015-03-10,234.59
2015-03-11,234.22
2015-03-12,237.45
2015-03-13,235.91
2015-03-16,239.23
2015-03-17,238.47
2015-03-18,240.94
2015-03-19,239.88
2015-03-20,242.22
2015-03-23,241.68
2015-03-24,240.27
2015-03-25,236.32
2015-03-26,236.3
2015-03-27,236.64
2015-03-30,239.75
2015-03-31,237.6
2015-04-01,236.43
2015-04-02,237.37
2015-04-06,239.05
2015-04-07,238.56
2015-04-08,239.17
2015-04-09,240.34
2015-04-10,241.16
2015-04-13,240.56
2015-04-14,240.96
2015-04-15,242.27
2015-04-16,241.91
2015-04-17,238.84
2015-04-20,241.08
2015-04-21,241.15
2015-04-22,242.46
2015-04-23,243.38
2015-04-24,243.24
2015-04-27,242.31
2015-04-28,243.23
2015-04-29,242.19
2015-04-30,239.71
2015-05-01,242.79
2015-05-04,243.75
2015-05-05,240.81
2015-05-06,239.99
2015-05-07,240.44
2015-05-08,243.52
2015-05-11,242.39
2015-05-12,242.22
2015-05-13,242.49
2015-05-14,245.22
2015-05-15,245.47
2015-05-18,246.36
2015-05-19,245.99
2015-05-20,246.02
2015-05-21,246.79
2015-05-22,246.35
2015-05-26,243.5
2015-05-27,246.35
2015-05-28,245.9
2015-05-29,244.06
2015-06-01,244.63
2015-06-02,244.42
2015-06-03,245.51
2015-06-04,243.4
2015-06-05,243.18
2015-06-08,241.97
2015-06-09,242.01
2015-06-10,245.25
2015-06-11,245.67
2015-06-12,243.88
2015-06-15,242.86
2015-06-16,244.17
2015-06-17,244.47
2015-06-18,246.85
2015-06-19,245.66
2015-06-22,246.99
2015-06-23,246.88
2015-06-24,245.1
2015-06-25,244.08
2015-06-26,244.5
2015-06-29,239.46
2015-06-30,240
2015-07-01,241.97
2015-07-02,241.85
2015-07-06,240.96
2015-07-07,242.4
2015-07-08,238.56
2015-07-09,238.68
2015-07-10,241.58
2015-07-13,243.92
2015-07-14,244.6
2015-07-15,244.2
2015-07-16,245.73
2015-07-17,245.04
2015-07-20,245.46
2015-07-21,243.54
2015-07-22,242.82
2015-07-23,241.85
2015-07-24,239.61
2015-07-27,238.08
2015-07-28,240.95
2015-07-29,242.66
2015-07-30,243.1
2015-07-31,242.49
2015-08-03,241.46
2015-08-04,240.31
2015-08-05,241.39
2015-08-06,240.17
2015-08-07,239.21
2015-08-10,242.4
2015-08-11,239.75
2015-08-12,240.04
2015-08-13,239.79
2015-08-14,240.62
2015-08-17,241.97
2015-08-18,241.51
2015-08-19,239.36
2015-08-20,234.83
2015-08-21,228.01
2015-08-24,219.31
2015-08-25,216
2015-08-26,224.36
2015-08-27,229.47
2015-08-28,229.45
2015-08-31,227.64
2015-09-01,220.87
2015-09-02,224.38
2015-09-03,224.77
2015-09-04,221.06
2015-09-08,226.77
2015-09-09,223.46
2015-09-10,224.6
2015-09-11,225.92
2015-09-14,225.18
2015-09-15,227.84
2015-09-16,229.95
2015-09-17,228.89
2015-09-18,225.14
2015-09-21,226.28
2015-09-22,223.62
2015-09-23,223.12
2015-09-24,222.46
2015-09-25,223.14
2015-09-28,218.13
2015-09-29,219.12
2015-09-30,222.71
2015-10-01,222.06
2015-10-02,224.59
2015-10-05,228.71
2015-10-06,228.1
2015-10-07,229.98
2015-10-08,232.19
2015-10-09,232.28
2015-10-12,232.53
2015-10-13,231.17
2015-10-14,230.09
2015-10-15,232.68
2015-10-16,233.65
2015-10-19,233.58
2015-10-20,233.34
2015-10-21,232.51
2015-10-22,238.05
2015-10-23,239.35
2015-10-26,238.13
2015-10-27,237.26
2015-10-28,240.51
2015-10-29,240.44
2015-10-30,239.37
2015-11-02,241.84
2015-11-03,242.87
2015-11-04,242.1
2015-11-05,242.16
2015-11-06,241.7
2015-11-09,239.46
2015-11-10,240.23
2015-11-11,239.59
2015-11-12,236.17
2015-11-13,233.71
2015-11-16,237.41
2015-11-17,237.14
2015-11-18,240.82
2015-11-19,240.98
2015-11-20,242.05
2015-11-23,241.65
2015-11-24,242.02
2015-11-25,241.96
2015-11-27,242.23
2015-11-30,241.33
2015-12-01,243.24
2015-12-02,240.5
2015-12-03,237.37
2015-12-04,242.32
2015-12-07,240.84
2015-12-08,238.88
2015-12-09,237.15
2015-12-10,237.59
2015-12-11,232.99
2015-12-14,234.21
2015-12-15,236.57
2015-12-16,239.48
2015-12-17,236.07
2015-12-18,231.93
2015-12-21,233.56
2015-12-22,235.83
2015-12-23,238.7
2015-12-24,238.29
2015-12-28,237.62
2015-12-29,240.16
2015-12-30,238.26
2015-12-31,235.91
2016-01-04,232.47
2016-01-05,233.27
2016-01-06,230.61
2016-01-07,225.23
2016-01-08,222.49
2016-01-11,222.98
2016-01-12,224.41
2016-01-13,219.3
2016-01-14,222.33
2016-01-15,217.71
2016-01-19,217.6
2016-01-20,214.2
2016-01-21,215.58
2016-01-22,219.81
2016-01-25,216.69
2016-01-26,220.62
2016-01-27,218.62
2016-01-28,218.89
2016-01-29,224.52
2016-02-01,224.54
2016-02-02,220.73
2016-02-03,223.04
2016-02-04,223.97
2016-02-05,220.67
2016-02-08,218.41
2016-02-09,218.19
2016-02-10,217.81
2016-02-11,215.1
2016-02-12,219.37
2016-02-16,223.09
2016-02-17,226.23
2016-02-18,226.12
2016-02-19,226.14
2016-02-22,228.77
2016-02-23,226.24
2016-02-24,227.29
2016-02-25,229.8
2016-02-26,229.17
2016-02-29,227.38
2016-03-01,232.8
2016-03-02,233.57
2016-03-03,234.42
2016-03-04,235.31
2016-03-07,236.31
2016-03-08,233.86
2016-03-09,234.42
2016-03-10,234.54
2016-03-11,238.11
2016-03-14,238.03
2016-03-15,238.14
2016-03-16,239.48
2016-03-17,241.54
2016-03-18,242.75
2016-03-21,243.09
2016-03-22,242.91
2016-03-23,241.49
2016-03-24,241.66
2016-03-28,242.27
2016-03-29,244.12
2016-03-30,245.26
2016-03-31,244.95
2016-04-01,246.47
2016-04-04,245.72
2016-04-05,243.72
2016-04-06,245.72
2016-04-07,242.42
2016-04-08,243.3
2016-04-11,243.01
2016-04-12,245.33
2016-04-13,247.99
2016-04-14,248.29
2016-04-15,248.33
2016-04-18,249.55
2016-04-19,249.63
2016-04-20,249.94
2016-04-21,248.69
2016-04-22,249.29
2016-04-25,248.92
2016-04-26,249.51
2016-04-27,249.69
2016-04-28,246.57
2016-04-29,244.29
2016-05-02,245.91
2016-05-03,243.86
2016-05-04,242.69
2016-05-05,243.12
2016-05-06,243.99
2016-05-09,244.08
2016-05-10,246.71
2016-05-11,243.93
2016-05-12,243.83
2016-05-13,241.3
2016-05-16,244.05
2016-05-17,242.09
2016-05-18,241.81
2016-05-19,241.23
2016-05-20,242.69
2016-05-23,242.46
2016-05-24,246.04
2016-05-25,247.77
2016-05-26,247.72
2016-05-27,248.92
2016-05-31,248.55
2016-06-01,248.77
2016-06-02,249.44
2016-06-03,248.46
2016-06-06,249.87
2016-06-07,250.3
2016-06-08,251.1
2016-06-09,250.51
2016-06-10,248.5
2016-06-13,246.4
2016-06-14,246
2016-06-15,245.73
2016-06-16,246.77
2016-06-17,246.06
2016-06-20,247.48
2016-06-21,247.97
2016-06-22,247.63
2016-06-23,250.81
2016-06-24,241.58
2016-06-27,237.27
2016-06-28,241.62
2016-06-29,246.11
2016-06-30,249.66
2016-07-01,249.99
2016-07-05,248.55
2016-07-06,249.81
2016-07-07,249.84
2016-07-08,253.47
2016-07-11,254.12
2016-07-12,256.09
2016-07-13,255.89
2016-07-14,257.72
2016-07-15,257.69
2016-07-18,258.27
2016-07-19,258.14
2016-07-20,258.74
2016-07-21,257.78
2016-07-22,258.78
2016-07-25,258.1
2016-07-26,257.9
2016-07-27,257.68
2016-07-28,257.97
2016-07-29,257.62
2016-08-01,257.33
2016-08-02,255.04
2016-08-03,256.03
2016-08-04,256.11
2016-08-05,258.54
2016-08-08,258.53
2016-08-09,258.47
2016-08-10,257.96
2016-08-11,259.12
2016-08-12,258.69
2016-08-15,259.59
2016-08-16,258.19
2016-08-17,259.05
2016-08-18,259.3
2016-08-19,258.83
2016-08-22,258.72
2016-08-23,259.13
2016-08-24,258.23
2016-08-25,257.73
2016-08-26,257.27
2016-08-29,258.35
2016-08-30,258.11
2016-08-31,257.68
2016-09-01,257.65
2016-09-02,258.71
2016-09-06,259.16
2016-09-07,259.44
2016-09-08,258.59
2016-09-09,252.64
2016-09-12,256.12
2016-09-13,252.55
2016-09-14,252.48
2016-09-15,255.19
2016-09-16,254.04
2016-09-19,254.02
2016-09-20,254.02
2016-09-21,256.16
2016-09-22,257.8
2016-09-23,256.28
2016-09-26,253.85
2016-09-27,255.64
2016-09-28,257.24
2016-09-29,254.57
2016-09-30,257.22
2016-10-03,256.45
2016-10-04,255.49
2016-10-05,256.56
2016-10-06,256.82
2016-10-07,255.7
2016-10-10,256.84
2016-10-11,253.83
2016-10-12,254.11
2016-10-13,253.37
2016-10-14,253.81
2016-10-17,253.2
2016-10-18,253.6
2016-10-19,254.54
2016-10-20,253.91
2016-10-21,253.22
2016-10-24,254.35
2016-10-25,253.39
2016-10-26,253.44
2016-10-27,252.63
2016-10-28,251.36
2016-10-31,251.3
2016-11-01,249.12
2016-11-02,247.94
2016-11-03,247.08
2016-11-04,246.96
2016-11-07,252.21
2016-11-08,253.42
2016-11-09,256.59
2016-11-10,257.58
2016-11-11,257.26
2016-11-14,256.89
2016-11-15,258.68
2016-11-16,258.83
2016-11-17,259.99
2016-11-18,259.35
2016-11-21,260.78
2016-11-22,261.6
2016-11-23,261.61
2016-11-25,262.88
2016-11-28,261.3
2016-11-29,261.22
2016-11-30,260.3
2016-12-01,259.7
2016-12-02,259.69
2016-12-05,260.86
2016-12-06,261.71
2016-12-07,265.58
2016-12-08,266.61
2016-12-09,268.03
2016-12-12,268.43
2016-12-13,270.34
2016-12-14,268.06
2016-12-15,269.2
2016-12-16,268.98
2016-12-19,269.24
2016-12-20,270.43
2016-12-21,269.76
2016-12-22,269.1
2016-12-23,269.54
2016-12-27,270.16
2016-12-28,267.88
2016-12-29,267.98
2016-12-30,267
2017-01-03,268.84
2017-01-04,270.51
2017-01-05,269.78
2017-01-06,270.8
2017-01-09,269.86
2017-01-10,269.85
2017-01-11,270.56
2017-01-12,269.76
2017-01-13,269.97
2017-01-17,269.53
2017-01-18,269.84
2017-01-19,268.44
2017-01-20,269.3
2017-01-23,268.16
2017-01-24,269.91
2017-01-25,271.86
2017-01-26,271.66
2017-01-27,271.37
2017-01-30,270.14
2017-01-31,269.81
2017-02-01,270.41
2017-02-02,270.51
2017-02-03,272.53
2017-02-06,272.1
2017-02-07,272.38
2017-02-08,272.46
2017-02-09,274.5
2017-02-10,275.52
2017-02-13,276.98
2017-02-14,278.4
2017-02-15,280.14
2017-02-16,279.67
2017-02-17,279.95
2017-02-21,281.97
2017-02-22,282.04
2017-02-23,282.07
2017-02-24,283.06
2017-02-27,282.7
2017-02-28,282.01
2017-03-01,285.81
2017-03-02,284.54
2017-03-03,284.43
2017-03-06,283.49
2017-03-07,282.77
2017-03-08,282.39
2017-03-09,282.66
2017-03-10,283.75
2017-03-13,284.05
2017-03-14,283.27
2017-03-15,285.76
2017-03-16,285.32
2017-03-17,284.88
2017-03-20,284.18
2017-03-21,280.8
2017-03-22,281.22
2017-03-23,281.26
2017-03-24,280.91
2017-03-27,280.63
2017-03-28,282.71
2017-03-29,282.43
2017-03-30,283.49
2017-03-31,282.43
2017-04-03,282.07
2017-04-04,281.82
2017-04-05,281.31
2017-04-06,281.74
2017-04-07,281.49
2017-04-10,281.63
2017-04-11,281.41
2017-04-12,280.72
2017-04-13,278.93
2017-04-17,280.83
2017-04-18,280.13
2017-04-19,279.33
2017-04-20,281.7
2017-04-21,280.5
2017-04-24,283.55
2017-04-25,284.52
2017-04-26,284.17
2017-04-27,283.91
2017-04-28,283.01
2017-05-01,282.85
2017-05-02,283.33
2017-05-03,283.14
2017-05-04,283.35
2017-05-05,284.29
2017-05-08,284.07
2017-05-09,284.16
2017-05-10,284.74
2017-05-11,284.58
2017-05-12,284.18
2017-05-15,285.93
2017-05-16,285.49
2017-05-17,280.2
2017-05-18,281.34
2017-05-19,283.46
2017-05-22,284.55
2017-05-23,285.24
2017-05-24,285.81
2017-05-25,286.75
2017-05-26,286.76
2017-05-30,286.41
2017-05-31,286.48
2017-06-01,288.79
2017-06-02,289.42
2017-06-05,289.41
2017-06-06,288.77
2017-06-07,289.58
2017-06-08,290.06
2017-06-09,290.52
2017-06-12,290.66
2017-06-13,291.5
2017-06-14,291.57
2017-06-15,291.29
2017-06-16,291.07
2017-06-19,293.26
2017-06-20,291.4
2017-06-21,291.18
2017-06-22,291.13
2017-06-23,291.37
2017-06-26,291.66
2017-06-27,289.73
2017-06-28,292.05
2017-06-29,289.4
2017-06-30,289.98
2017-07-03,291.22
2017-07-05,290.93
2017-07-06,287.98
2017-07-07,289.74
2017-07-10,289.39
2017-07-11,289.18
2017-07-12,291.26
2017-07-13,291.72
2017-07-14,293.12
2017-07-17,293.09
2017-07-18,292.9
2017-07-19,293.8
2017-07-20,293.59
2017-07-21,292.99
2017-07-24,292.46
2017-07-25,293.83
2017-07-26,294.21
2017-07-27,294.12
2017-07-28,293.13
2017-07-31,293.87
2017-08-01,294.92
2017-08-02,295.05
2017-08-03,294.96
2017-08-04,295.12
2017-08-07,295.93
2017-08-08,295.31
2017-08-09,295.27
2017-08-10,291.46
2017-08-11,292.07
2017-08-14,294.77
2017-08-15,294.5
2017-08-16,295.26
2017-08-17,290.79
2017-08-18,289.93
2017-08-21,290.6
2017-08-22,293.18
2017-08-23,292.2
2017-08-24,291.27
2017-08-25,292.36
2017-08-28,292.79
2017-08-29,292.51
2017-08-30,293.7
2017-08-31,294.78
2017-09-01,295.85
2017-09-05,294.08
2017-09-06,295.27
2017-09-07,295.15
2017-09-08,295.42
2017-09-11,298.71
2017-09-12,299.85
2017-09-13,299.82
2017-09-14,299.89
2017-09-15,300.84
2017-09-18,301.66
2017-09-19,301.8
2017-09-20,301.41
2017-09-21,300.52
2017-09-22,300.92
2017-09-25,300.75
2017-09-26,300.78
2017-09-27,301.45
2017-09-28,301.85
2017-09-29,302.63
2017-10-02,304.11
2017-10-03,305.24
2017-10-04,305.63
2017-10-05,306.93
2017-10-06,306.78
2017-10-09,305.59
2017-10-10,306.72
2017-10-11,306.87
2017-10-12,306.36
2017-10-13,306.58
2017-10-16,306.74
2017-10-17,306.66
2017-10-18,308.03
2017-10-19,308.96
2017-10-20,310.39
2017-10-23,309.12
2017-10-24,309.59
2017-10-25,308.45
2017-10-26,308.92
2017-10-27,309.23
2017-10-30,307.24
2017-10-31,307.56
2017-11-01,307.58
2017-11-02,307.59
2017-11-03,308.86
2017-11-06,308.53
2017-11-07,308.48
2017-11-08,309.56
2017-11-09,308.83
2017-11-10,309.02
2017-11-13,308.63
2017-11-14,308.15
2017-11-15,306.19
2017-11-16,309.76
2017-11-17,309.03
2017-11-20,309.8
2017-11-21,311.47
2017-11-22,311.12
2017-11-24,311.69
2017-11-27,311.5
2017-11-28,314.72
2017-11-29,315.25
2017-11-30,317.67
2017-12-01,316.98
2017-12-04,317.34
2017-12-05,315.81
2017-12-06,315.19
2017-12-07,316.31
2017-12-08,317.7
2017-12-11,318.98
2017-12-12,319.32
2017-12-13,319.38
2017-12-14,318.26
2017-12-15,320.86
2017-12-18,322.26
2017-12-19,320.78
2017-12-20,320.47
2017-12-21,320.54
2017-12-22,320.36
2017-12-26,320.2
2017-12-27,320.28
2017-12-28,321.13
2017-12-29,319.51
2018-01-02,321.71
2018-01-03,323.71
2018-01-04,325.38
2018-01-05,327.47
2018-01-08,327.66
2018-01-09,328.57
2018-01-10,328.04
2018-01-11,330.19
2018-01-12,332.83
2018-01-16,331.94
2018-01-17,335.95
2018-01-18,334.91
2018-01-19,336.23
2018-01-22,338.06
2018-01-23,338.87
2018-01-24,337.35
2018-01-25,337.1
2018-01-26,340.62
2018-01-29,338.18
2018-01-30,333.94
2018-01-31,333.8
2018-02-01,334.38
2018-02-02,327.26
2018-02-05,314.51
2018-02-06,319.22
2018-02-07,318.16
2018-02-08,307.18
2018-02-09,311.98
2018-02-12,315.54
2018-02-13,316.56
2018-02-14,320.86
2018-02-15,324.93
2018-02-16,325.65
2018-02-20,323.23
2018-02-21,321.1
2018-02-22,321.49
2018-02-23,326.4
2018-02-26,330.37
2018-02-27,325.8
2018-02-28,322.05
2018-03-01,318.32
2018-03-02,320.25
2018-03-05,323.38
2018-03-06,324.27
2018-03-07,323.42
2018-03-08,324.41
2018-03-09,329.84
2018-03-12,329.47
2018-03-13,327.34
2018-03-14,325.26
2018-03-15,325.48
2018-03-16,326.75
2018-03-19,322.58
2018-03-20,323.55
2018-03-21,322.98
2018-03-22,315.29
2018-03-23,308.46
2018-03-26,316.58
2018-03-27,312.04
2018-03-28,311.97
2018-03-29,315.61
2018-04-02,308.88
2018-04-03,312.67
2018-04-04,316.58
2018-04-05,318.06
2018-04-06,311.11
2018-04-09,312.1
2018-04-10,316.98
2018-04-11,315.18
2018-04-12,317.91
2018-04-13,317.01
2018-04-16,319
2018-04-17,321.58
2018-04-18,321.16
2018-04-19,318.81
2018-04-20,316.26
2018-04-23,316.3
2018-04-24,313.11
2018-04-25,314.13
2018-04-26,316.74
2018-04-27,316.23
2018-04-30,314.24
2018-05-01,314.78
2018-05-02,313.37
2018-05-03,312.65
2018-05-04,316.84
2018-05-07,317.11
2018-05-08,317.58
2018-05-09,320.15
2018-05-10,323.29
2018-05-11,324.41
2018-05-14,324.7
2018-05-15,322.9
2018-05-16,324.62
2018-05-17,324.24
2018-05-18,323.01
2018-05-21,324.92
2018-05-22,324.15
2018-05-23,324.39
2018-05-24,324.1
2018-05-25,323.44
2018-05-29,319.51
2018-05-30,323.66
2018-05-31,321.46
2018-06-01,324.92
2018-06-04,326.82
2018-06-05,327.24
2018-06-06,330.16
2018-06-07,329.88
2018-06-08,331.2
2018-06-11,331.22
2018-06-12,331.67
2018-06-13,330.14
2018-06-14,330.29
2018-06-15,330.76
2018-06-18,329.89
2018-06-19,328.38
2018-06-20,328.49
2018-06-21,326.1
2018-06-22,326.66
2018-06-25,322.71
2018-06-26,323
2018-06-27,320.26
2018-06-28,321.54
2018-06-29,322.67
2018-07-02,323.29
2018-07-03,322.01
2018-07-05,324.41
2018-07-06,327.29
2018-07-09,330.07
2018-07-10,331.07
2018-07-11,328.98
2018-07-12,331.75
2018-07-13,332.49
2018-07-16,331.55
2018-07-17,332.88
2018-07-18,333.92
2018-07-19,333.22
2018-07-20,332.53
2018-07-23,333.01
2018-07-24,333.61
2018-07-25,336.8
2018-07-26,337.78
2018-07-27,335.51
2018-07-30,333.7
2018-07-31,335.49
2018-08-01,335.34
2018-08-02,337.03
2018-08-03,338.98
2018-08-06,339.95
2018-08-07,341.28
2018-08-08,341.36
2018-08-09,340.74
2018-08-10,339.03
2018-08-13,338.03
2018-08-14,340.91
2018-08-15,338.72
2018-08-16,341.84
2018-08-17,343.27
2018-08-20,344.63
2018-08-21,344.95
2018-08-22,345.36
2018-08-23,345.65
2018-08-24,348.06
2018-08-27,349.55
2018-08-28,349.66
2018-08-29,351.7
2018-08-30,349.93
2018-08-31,350.6
2018-09-04,350.77
2018-09-05,349.96
2018-09-06,349.52
2018-09-07,348.59
2018-09-10,349.37
2018-09-11,350.38
2018-09-12,350.08
2018-09-13,351.8
2018-09-14,352.12
2018-09-17,350.33
2018-09-18,351.99
2018-09-19,351.39
2018-09-20,353.84
2018-09-21,354.29
2018-09-24,352.86
2018-09-25,352.51
2018-09-26,351.55
2018-09-27,352.23
2018-09-28,352.83
2018-10-01,354.36
2018-10-02,354.07
2018-10-03,354.77
2018-10-04,352.14
2018-10-05,349.87
2018-10-08,349.72
2018-10-09,349.47
2018-10-10,337.69
2018-10-11,330.36
2018-10-12,336.13
2018-10-15,334.01
2018-10-16,340.66
2018-10-17,340.33
2018-10-18,335.67
2018-10-19,334.72
2018-10-22,333.75
2018-10-23,331.4
2018-10-24,321.64
2018-10-25,327.24
2018-10-26,322.57
2018-10-29,322.76
2018-10-30,327.81
2018-10-31,330.69
2018-11-01,334.5
2018-11-02,331.63
2018-11-05,333.21
2018-11-06,335.24
2018-11-07,341.61
2018-11-08,340.59
2018-11-09,338.31
2018-11-12,332.73
2018-11-13,332.38
2018-11-14,329.72
2018-11-15,333.25
2018-11-16,332.65
2018-11-19,327.03
2018-11-20,320.39
2018-11-21,321.4
2018-11-23,319.14
2018-11-26,324.03
2018-11-27,325.28
2018-11-28,332.2
2018-11-29,330.93
2018-11-30,333.79
2018-12-03,336.92
2018-12-04,326.73
2018-12-06,326.77
2018-12-07,318.55
2018-12-10,318.7
2018-12-11,318.06
2018-12-12,319.56
2018-12-13,319.69
2018-12-14,313.71
2018-12-17,307.7
2018-12-18,307.38
2018-12-19,302.97
2018-12-20,298.71
2018-12-21,293.7
2018-12-24,285.94
2018-12-26,299.68
2018-12-27,302.58
2018-12-28,302.03
2018-12-31,305.04
2019-01-02,304.93
2019-01-03,297.1
2019-01-04,306.77
2019-01-07,308.47
2019-01-08,311.45
2019-01-09,313.02
2019-01-10,314.55
2019-01-11,314.67
2019-01-14,313.31
2019-01-15,315.02
2019-01-16,315.6
2019-01-17,317.94
2019-01-18,322.06
2019-01-22,318.4
2019-01-23,319.18
2019-01-24,318.84
2019-01-25,321.55
2019-01-28,318.08
2019-01-29,318.15
2019-01-30,322.06
2019-01-31,325.73
2019-02-01,326.25
2019-02-04,328.09
2019-02-05,329.27
2019-02-06,328.6
2019-02-07,325.83
2019-02-08,326.44
2019-02-11,326.48
2019-02-12,330.34
2019-02-13,332.23
2019-02-14,332.31
2019-02-15,336.45
2019-02-19,336.57
2019-02-20,337.56
2019-02-21,336.19
2019-02-22,338.43
2019-02-25,337.86
2019-02-26,337.54
2019-02-27,337.58
2019-02-28,336.78
2019-03-01,339.18
2019-03-04,337.66
2019-03-05,336.71
2019-03-06,334.68
2019-03-07,332.14
2019-03-08,331.11
2019-03-11,336.15
2019-03-12,337.1
2019-03-13,339.69
2019-03-14,339.51
2019-03-15,341.41
2019-03-18,342.45
2019-03-19,341.88
2019-03-20,339.82
2019-03-21,343.09
2019-03-22,336.73
2019-03-25,336.53
2019-03-26,339.97
2019-03-27,339.15
2019-03-28,340.6
2019-03-29,342.11
2019-04-01,345.53
2019-04-02,344.99
2019-04-03,346.22
2019-04-04,347.33
2019-04-05,349.06
2019-04-08,349.9
2019-04-09,347.66
2019-04-10,349.27
2019-04-11,348.79
2019-04-12,351.07
2019-04-15,351.18
2019-04-16,350.58
2019-04-17,349.98
2019-04-18,350.52
2019-04-22,350.12
2019-04-23,352.42
2019-04-24,352.51
2019-04-25,351.34
2019-04-26,352.65
2019-04-29,352.79
2019-04-30,354.15
2019-05-01,351.97
2019-05-02,351.42
2019-05-03,353.88
2019-05-06,352.52
2019-05-07,346.5
2019-05-08,346.32
2019-05-09,345.43
2019-05-10,347.04
2019-05-13,338.89
2019-05-14,342.28
2019-05-15,343.76
2019-05-16,347.01
2019-05-17,345.38
2019-05-20,343.08
2019-05-21,346.44
2019-05-22,345.03
2019-05-23,340.64
2019-05-24,341.3
2019-05-28,338.17
2019-05-29,336.25
2019-05-30,336.79
2019-05-31,333.01
2019-06-03,334.01
2019-06-04,341.19
2019-06-05,344.22
2019-06-06,345.82
2019-06-07,349.25
2019-06-10,350.51
2019-06-11,350.08
2019-06-12,349.7
2019-06-13,351.27
2019-06-14,350.94
2019-06-17,350.19
2019-06-18,353.07
2019-06-19,354.47
2019-06-20,358.39
2019-06-21,357.97
2019-06-24,357.52
2019-06-25,354.6
2019-06-26,354.4
2019-06-27,355.5
2019-06-28,357.19
2019-07-01,360.17
2019-07-02,360.87
2019-07-03,363.56
2019-07-05,362.58
2019-07-08,360.57
2019-07-09,360.59
2019-07-10,362.25
2019-07-11,362.94
2019-07-12,364.57
2019-07-15,364.88
2019-07-16,363.92
2019-07-17,362.43
2019-07-18,364.39
2019-07-19,362.38
2019-07-22,363.5
2019-07-23,365.8
2019-07-24,368.11
2019-07-25,366.64
2019-07-26,369.03
2019-07-29,369.51
2019-07-30,369.12
2019-07-31,365.6
2019-08-01,362.53
2019-08-02,359.68
2019-08-05,348.28
2019-08-06,353.49
2019-08-07,352.87
2019-08-08,359.53
2019-08-09,357.4
2019-08-12,353.22
2019-08-13,359.02
2019-08-14,348.48
2019-08-15,348.73
2019-08-16,354.34
2019-08-19,358.67
2019-08-20,356.43
2019-08-21,359.81
2019-08-22,359.94
2019-08-23,350.15
2019-08-26,354.65
2019-08-27,354.51
2019-08-28,357.32
2019-08-29,361.04
2019-08-30,361.43
2019-09-03,359.14
2019-09-04,363.16
2019-09-05,367.8
2019-09-06,368.85
2019-09-09,368.72
2019-09-10,368.32
2019-09-11,370.48
2019-09-12,371.71
2019-09-13,371.66
2019-09-16,370.62
2019-09-17,371.24
2019-09-18,371.59
2019-09-19,371.58
2019-09-20,369.77
2019-09-23,370.24
2019-09-24,367.98
2019-09-25,369.88
2019-09-26,369.29
2019-09-27,367.55
2019-09-30,369.76
2019-10-01,364.75
2019-10-02,357.47
2019-10-03,360.18
2019-10-04,365.94
2019-10-07,364.4
2019-10-08,358.42
2019-10-09,362.15
2019-10-10,364.77
2019-10-11,369.1
2019-10-14,368.39
2019-10-15,370.97
2019-10-16,370.21
2019-10-17,371.48
2019-10-18,370.92
2019-10-21,373.15
2019-10-22,371.89
2019-10-23,372.18
2019-10-24,373.34
2019-10-25,374.62
2019-10-28,376.66
2019-10-29,376.41
2019-10-30,377.48
2019-10-31,376.51
2019-11-01,379.91
2019-11-04,381.14
2019-11-05,380.46
2019-11-06,380.85
2019-11-07,381.37
2019-11-08,382.81
2019-11-11,382.14
2019-11-12,382.77
2019-11-13,384.5
2019-11-14,384.8
2019-11-15,387.88
2019-11-18,387.7
2019-11-19,387.94
2019-11-20,387.27
2019-11-21,386.72
2019-11-22,387.3
2019-11-25,390.58
2019-11-26,391.99
2019-11-27,393.77
2019-11-29,392.63
2019-12-02,389.55
2019-12-03,386.86
2019-12-04,389.45
2019-12-05,390.41
2019-12-06,393.7
2019-12-09,392.39
2019-12-10,392.45
2019-12-11,394.04
2019-12-12,398.11
2019-12-13,398.05
2019-12-16,400.45
2019-12-17,400.5
2019-12-18,399.83
2019-12-19,400.76
2019-12-20,402.93
2019-12-23,402.8
2019-12-24,402.99
2019-12-26,404.63
2019-12-27,404.7
2019-12-30,402.85
2019-12-31,403.92
2020-01-02,407.12
2020-01-03,404.02
2020-01-06,405.04
2020-01-07,403.41
2020-01-08,404.94
2020-01-09,407.8
2020-01-10,406.95
2020-01-13,409.6
2020-01-14,409.17
2020-01-15,409.63
2020-01-16,413.1
2020-01-17,415.21
2020-01-21,413.91
2020-01-22,414.92
2020-01-23,415.43
2020-01-24,411.71
2020-01-27,405.01
2020-01-28,408.88
2020-01-29,408.48
2020-01-30,410.78
2020-01-31,401.77
2020-02-03,406.17
2020-02-04,411.23
2020-02-05,415.52
2020-02-06,417.09
2020-02-07,414.52
2020-02-10,417.19
2020-02-11,417.47
2020-02-12,419.83
2020-02-13,419.04
2020-02-14,420.31
2020-02-18,418.09
2020-02-19,420.32
2020-02-20,419.97
2020-02-21,415.94
2020-02-24,402.55
2020-02-25,389.16
2020-02-26,387.6
2020-02-27,369.62
2020-02-28,366.39
2020-03-02,383.65
2020-03-03,372.56
2020-03-04,386.65
2020-03-05,373.47
2020-03-06,368.07
2020-03-09,339.1
2020-03-10,356.3
2020-03-11,339.55
2020-03-12,307.4
2020-03-13,336.82
2020-03-16,296.87
2020-03-17,314.49
2020-03-18,299.51
2020-03-19,300.26
2020-03-20,285.28
2020-03-23,274.73
2020-03-24,302.25
2020-03-25,307.15
2020-03-26,326.39
2020-03-27,316.4
2020-03-30,326.59
2020-03-31,320.79
2020-04-01,306.85
2020-04-02,315.05
2020-04-03,310.05
2020-04-06,332.58
2020-04-07,331.38
2020-04-08,342.82
2020-04-09,347.13
2020-04-13,342.76
2020-04-14,353.4
2020-04-15,343.55
2020-04-16,344.09
2020-04-17,355.45
2020-04-20,348.57
2020-04-21,338.11
2020-04-22,345.88
2020-04-23,344.68
2020-04-24,349.53
2020-04-27,355.99
2020-04-28,355.55
2020-04-29,366.3
2020-04-30,360.76
2020-05-01,350.9
2020-05-04,351.85
2020-05-05,355.07
2020-05-06,352.25
2020-05-07,357.26
2020-05-08,363.62
2020-05-11,363.61
2020-05-12,354.82
2020-05-13,348.6
2020-05-14,353.39
2020-05-15,354.81
2020-05-18,366.32
2020-05-19,361.24
2020-05-20,367.32
2020-05-21,364.79
2020-05-22,365.06
2020-05-26,370.8
2020-05-27,375.94
2020-05-28,374.94
2020-05-29,376.73
2020-06-01,377.52
2020-06-02,380.29
2020-06-03,385.7
2020-06-04,384.85
2020-06-05,395.75
2020-06-08,399.98
2020-06-09,396.09
2020-06-10,393.32
2020-06-11,370.33
2020-06-12,374.71
2020-06-15,377.01
2020-06-16,384.25
2020-06-17,382.63
2020-06-18,382.34
2020-06-19,380.17
2020-06-22,382.48
2020-06-23,384.13
2020-06-24,374.16
2020-06-25,378.49
2020-06-26,370.48
2020-06-29,375.88
2020-06-30,381.59
2020-07-01,383.14
2020-07-02,385.64
2020-07-06,390.53
2020-07-07,386.58
2020-07-08,389.22
2020-07-09,387.68
2020-07-10,391
2020-07-13,387.79
2020-07-14,393.26
2020-07-15,397.29
2020-07-16,396.04
2020-07-17,398.27
2020-07-20,400.37
2020-07-21,401.13
2020-07-22,403.67
2020-07-23,398.91
2020-07-24,396.78
2020-07-27,400.39
2020-07-28,397.84
2020-07-29,402.3
2020-07-30,400.54
2020-07-31,402.79
2020-08-03,406.8
2020-08-04,407.89
2020-08-05,409.96
2020-08-06,412.61
2020-08-07,412.82
2020-08-10,413.74
2020-08-11,411.14
2020-08-12,417.65
2020-08-13,416.93
2020-08-14,416.93
2020-08-17,419.77
2020-08-18,420.01
2020-08-19,420.23
2020-08-20,422.04
2020-08-21,424.53
2020-08-24,428.44
2020-08-25,429.87
2020-08-26,432.88
2020-08-27,433.64
2020-08-28,436.68
2020-08-31,435.22
2020-09-01,437.66
2020-09-02,444.44
2020-09-03,428.04
2020-09-04,424.29
2020-09-08,412.42
2020-09-09,421.96
2020-09-10,414.74
2020-09-11,415.5
2020-09-14,421.97
2020-09-15,423.53
2020-09-16,420.81
2020-09-17,417.7
2020-09-18,413.34
2020-09-21,408.97
2020-09-22,412.93
2020-09-23,403.84
2020-09-24,405.77
2020-09-25,412.1
2020-09-28,418.5
2020-09-29,416.24
2020-09-30,420.34
2020-10-01,422.27
2020-10-02,417.89
2020-10-05,425.6
2020-10-06,420.16
2020-10-07,426.56
2020-10-08,429.06
2020-10-09,432.72
2020-10-12,438.91
2020-10-13,436.38
2020-10-14,433.83
2020-10-15,432.83
2020-10-16,433.99
2020-10-19,426.54
2020-10-20,429.16
2020-10-21,428.07
2020-10-22,430.39
2020-10-23,431.7
2020-10-26,423.31
2020-10-27,421.6
2020-10-28,407.19
2020-10-29,410.9
2020-10-30,406.91
2020-11-02,413.1
2020-11-03,420.46
2020-11-04,429.11
2020-11-05,436.95
2020-11-06,436.95
2020-11-09,439.47
2020-11-10,438.7
2020-11-11,441.52
2020-11-12,436.92
2020-11-13,443.5
2020-11-16,447.51
2020-11-17,445.16
2020-11-18,440.47
2020-11-19,442.86
2020-11-20,439.79
2020-11-23,442.83
2020-11-24,448.49
2020-11-25,447.97
2020-11-27,449.44
2020-11-30,448.19
2020-12-01,451.9
2020-12-02,452.51
2020-12-03,451.06
2020-12-04,455.16
2020-12-07,453.77
2020-12-08,454.75
2020-12-09,452.43
2020-12-10,451.02
2020-12-11,450.18
2020-12-14,448.72
2020-12-15,454.74
2020-12-16,454.92
2020-12-17,456.94
2020-12-18,455.91
2020-12-21,454.56
2020-12-22,453.58
2020-12-23,453.87
2020-12-24,455.63
2020-12-28,458.78
2020-12-29,457.44
2020-12-30,458.13
2020-12-31,460.84
2021-01-04,454.78
2021-01-05,457.74
2021-01-06,460.51
2021-01-07,467.29
2021-01-08,469.88
2021-01-11,468.42
2021-01-12,468.1
2021-01-13,468.57
2021-01-14,465.71
2021-01-15,462.99
2021-01-19,465.93
2021-01-20,472.56
2021-01-21,472.73
2021-01-22,472.19
2021-01-25,474.15
2021-01-26,473.48
2021-01-27,461.49
2021-01-28,466.46
2021-01-29,458.69
2021-02-01,465.19
2021-02-02,470.92
2021-02-03,472.03
2021-02-04,477.17
2021-02-05,480.93
2021-02-08,484.75
2021-02-09,483.89
2021-02-10,484.37
2021-02-11,485.39
2021-02-12,487.41
2021-02-16,487.12
2021-02-17,487.24
2021-02-18,485.64
2021-02-19,484.46
2021-02-22,480.56
2021-02-23,480.41
2021-02-24,484.33
2021-02-25,473.03
2021-02-26,470.69
2021-03-01,481.15
2021-03-02,477.58
2021-03-03,471.22
2021-03-04,465.08
2021-03-05,474.24
2021-03-08,472.32
2021-03-09,478.43
2021-03-10,480.46
2021-03-11,484.75
2021-03-12,485.32
2021-03-15,488.63
2021-03-16,488.74
2021-03-17,489.4
2021-03-18,483.63
2021-03-19,482.7
2021-03-22,486.45
2021-03-23,483.73
2021-03-24,481.73
2021-03-25,485.51
2021-03-26,495.02
2021-03-29,494.83
2021-03-30,492.48
2021-03-31,493.77
2021-04-01,499.94
2021-04-05,507.22
2021-04-06,506.26
2021-04-07,506.77
2021-04-08,508.26
2021-04-09,512.49
2021-04-12,513.14
2021-04-13,515.12
2021-04-14,514.46
2021-04-15,520.8
2021-04-16,523.07
2021-04-19,520.71
2021-04-20,517.22
2021-04-21,521.55
2021-04-22,517.61
2021-04-23,523.21
2021-04-26,522.58
2021-04-27,522.39
2021-04-28,521.09
2021-04-29,523.8
2021-04-30,519.81
2021-05-03,522.98
2021-05-04,519.68
2021-05-05,520.68
2021-05-06,525.57
2021-05-07,530.17
2021-05-10,526.43
2021-05-11,521.15
2021-05-12,509.75
2021-05-13,516.98
2021-05-14,523.85
2021-05-17,521.94
2021-05-18,517.07
2021-05-19,516.05
2021-05-20,521.92
2021-05-21,522.23
2021-05-24,526.9
2021-05-25,526.18
2021-05-26,526.98
2021-05-27,526.1
2021-05-28,527.77
2021-06-01,526.09
2021-06-02,527.75
2021-06-03,527.35
2021-06-04,532.31
2021-06-07,533.56
2021-06-08,533.78
2021-06-09,532.97
2021-06-10,535.85
2021-06-11,537.8
2021-06-14,538.78
2021-06-15,537.18
2021-06-16,533.66
2021-06-17,533.4
2021-06-18,526.94
2021-06-21,535.87
2021-06-22,538.27
2021-06-23,537.21
2021-06-24,541.33
2021-06-25,543.68
2021-06-28,544.17
2021-06-29,544.33
2021-06-30,545.29
2021-07-01,548.25
2021-07-02,552.09
2021-07-06,549.52
2021-07-07,551.39
2021-07-08,546.8
2021-07-09,553.45
2021-07-12,555.45
2021-07-13,553.67
2021-07-14,554.45
2021-07-15,552.57
2021-07-16,549.78
2021-07-19,540.53
2021-07-20,549.5
2021-07-21,554.55
2021-07-22,554.56
2021-07-23,559.96
2021-07-26,561.01
2021-07-27,557.11
2021-07-28,555.9
2021-07-29,559.92
2021-07-30,558.28
2021-08-02,557.82
2021-08-03,562.82
2021-08-04,560.01
2021-08-05,562.02
2021-08-06,563.24
2021-08-09,562.83
2021-08-10,565.38
2021-08-11,566.33
2021-08-12,567.3
2021-08-13,568.3
2021-08-16,570.03
2021-08-17,566.58
2021-08-18,560.71
2021-08-19,561.01
2021-08-20,564.59
2021-08-23,568.95
2021-08-24,569.54
2021-08-25,570.86
2021-08-26,567.36
2021-08-27,571.86
2021-08-30,572.62
2021-08-31,571.41
2021-09-01,571.09
2021-09-02,572.94
2021-09-03,572.32
2021-09-07,569.46
2021-09-08,569
2021-09-09,566.27
2021-09-10,562.66
2021-09-13,564.84
2021-09-14,561.13
2021-09-15,566.27
2021-09-16,565.73
2021-09-17,560.96
2021-09-20,552.01
2021-09-21,551.27
2021-09-22,556.99
2021-09-23,564.55
2021-09-24,565.97
2021-09-27,565.46
2021-09-28,555.29
2021-09-29,556.56
2021-09-30,548.31
2021-10-01,554.86
2021-10-04,548.83
2021-10-05,554.09
2021-10-06,555.06
2021-10-07,560.54
2021-10-08,561.21
2021-10-11,558.24
2021-10-12,556.86
2021-10-13,557.75
2021-10-14,567.56
2021-10-15,571.25
2021-10-18,573.32
2021-10-19,577.38
2021-10-20,580.3
2021-10-21,581.03
2021-10-22,583.57
2021-10-25,586.62
2021-10-26,587.57
2021-10-27,583.13
2021-10-28,588
2021-10-29,589.79
2021-11-01,590.82
2021-11-02,592.18
2021-11-03,594.22
2021-11-04,596.62
2021-11-05,600.72
2021-11-08,599.79
2021-11-09,597.44
2021-11-10,595.82
2021-11-11,596.65
2021-11-12,600.37
2021-11-15,600.25
2021-11-16,602.94
2021-11-17,600.82
2021-11-18,600.97
2021-11-19,597.63
2021-11-22,596.15
2021-11-23,598.4
2021-11-24,599.61
2021-11-26,585.92
2021-11-29,591.12
2021-11-30,580.4
2021-12-01,575.54
2021-12-02,583.03
2021-12-03,579.85
