Date,S&P 500 Volatility - Highest Quintile Index TR
2011-11-30,751.14
2011-12-01,747.81
2011-12-02,750.13
2011-12-05,766.1
2011-12-06,762.51
2011-12-07,762.04
2011-12-08,733.03
2011-12-09,751.63
2011-12-12,732.13
2011-12-13,713.26
2011-12-14,695.84
2011-12-15,696.38
2011-12-16,700.88
2011-12-19,681.09
2011-12-20,716.05
2011-12-21,717.57
2011-12-22,736.45
2011-12-23,739.59
2011-12-27,734.53
2011-12-28,718.8
2011-12-29,730.29
2011-12-30,730.5
2012-01-03,753.86
2012-01-04,754.64
2012-01-05,760.51
2012-01-06,760.4
2012-01-09,767.33
2012-01-10,781.43
2012-01-11,786.6
2012-01-12,787.49
2012-01-13,775.93
2012-01-17,776.43
2012-01-18,797.26
2012-01-19,807.17
2012-01-20,805.59
2012-01-23,807.03
2012-01-24,811.22
2012-01-25,821.82
2012-01-26,812.76
2012-01-27,818.61
2012-01-30,810.84
2012-01-31,807.31
2012-02-01,822.43
2012-02-02,825.9
2012-02-03,851.04
2012-02-06,852.24
2012-02-07,853.05
2012-02-08,857.1
2012-02-09,861.88
2012-02-10,849.72
2012-02-13,856.19
2012-02-14,850.84
2012-02-15,851.64
2012-02-16,865.95
2012-02-17,868.77
2012-02-21,865.64
2012-02-22,856.85
2012-02-23,866.95
2012-02-24,868.45
2012-02-27,867.03
2012-02-28,866.18
2012-02-29,854.96
2012-03-01,863.56
2012-03-02,855.63
2012-03-05,839.65
2012-03-06,817.07
2012-03-07,828.65
2012-03-08,844.01
2012-03-09,852.35
2012-03-12,843.01
2012-03-13,866.06
2012-03-14,862.79
2012-03-15,878.47
2012-03-16,881.79
2012-03-19,885.08
2012-03-20,876.95
2012-03-21,875.2
2012-03-22,858.19
2012-03-23,863.11
2012-03-26,873.68
2012-03-27,868.84
2012-03-28,857.71
2012-03-29,854.91
2012-03-30,855.93
2012-04-02,863.94
2012-04-03,855.72
2012-04-04,840.21
2012-04-05,834.99
2012-04-09,818.42
2012-04-10,799.15
2012-04-11,809.36
2012-04-12,832.28
2012-04-13,813.36
2012-04-16,810.24
2012-04-17,826.22
2012-04-18,817.54
2012-04-19,815.56
2012-04-20,809.32
2012-04-23,799.83
2012-04-24,801.78
2012-04-25,817.01
2012-04-26,823.05
2012-04-27,823.54
2012-04-30,820.08
2012-05-01,831.45
2012-05-02,825.39
2012-05-03,808.7
2012-05-04,789.04
2012-05-07,788.32
2012-05-08,779.47
2012-05-09,778.47
2012-05-10,774.42
2012-05-11,772.3
2012-05-14,757.83
2012-05-15,745.24
2012-05-16,730.81
2012-05-17,713.39
2012-05-18,704.83
2012-05-21,725.98
2012-05-22,724.47
2012-05-23,731.69
2012-05-24,725.43
2012-05-25,727.52
2012-05-29,742.46
2012-05-30,718.29
2012-05-31,711.65
2012-06-01,682.09
2012-06-04,675.86
2012-06-05,689.16
2012-06-06,713.09
2012-06-07,708.32
2012-06-08,713.75
2012-06-11,691.1
2012-06-12,705.12
2012-06-13,692.31
2012-06-14,699.27
2012-06-15,714.68
2012-06-18,712.94
2012-06-19,731.39
2012-06-20,733.01
2012-06-21,704.35
2012-06-22,712.05
2012-06-25,691.07
2012-06-26,698.02
2012-06-27,712.22
2012-06-28,716.3
2012-06-29,744.34
2012-07-02,744.59
2012-07-03,759.25
2012-07-05,753.82
2012-07-06,740.33
2012-07-09,730.87
2012-07-10,714.53
2012-07-11,716.22
2012-07-12,709.53
2012-07-13,724.87
2012-07-16,721.33
2012-07-17,727.07
2012-07-18,733.45
2012-07-19,737.65
2012-07-20,726.27
2012-07-23,716.67
2012-07-24,703.52
2012-07-25,699.37
2012-07-26,720.59
2012-07-27,744.92
2012-07-30,739.19
2012-07-31,736.76
2012-08-01,731.96
2012-08-02,724.26
2012-08-03,745.95
2012-08-06,755.4
2012-08-07,773.74
2012-08-08,777.17
2012-08-09,786.59
2012-08-10,787.32
2012-08-13,784.81
2012-08-14,781.46
2012-08-15,787.7
2012-08-16,799.93
2012-08-17,802.7
2012-08-20,802.06
2012-08-21,804.32
2012-08-22,804.01
2012-08-23,791.28
2012-08-24,794.92
2012-08-27,792.01
2012-08-28,790.11
2012-08-29,790.85
2012-08-30,776.72
2012-08-31,783.03
2012-09-04,776.7
2012-09-05,776.37
2012-09-06,800.62
2012-09-07,817.61
2012-09-10,811.57
2012-09-11,825.5
2012-09-12,832.45
2012-09-13,851.03
2012-09-14,870.68
2012-09-17,854.86
2012-09-18,847.08
2012-09-19,851.97
2012-09-20,844.22
2012-09-21,840.79
2012-09-24,833.42
2012-09-25,813.21
2012-09-26,805.42
2012-09-27,820.66
2012-09-28,813.49
2012-10-01,813.89
2012-10-02,817.85
2012-10-03,816.88
2012-10-04,830.14
2012-10-05,827.5
2012-10-08,826.65
2012-10-09,820.2
2012-10-10,812.27
2012-10-11,821.35
2012-10-12,812.12
2012-10-15,820.31
2012-10-16,832.95
2012-10-17,842.6
2012-10-18,841.29
2012-10-19,822.47
2012-10-22,824.25
2012-10-23,812.16
2012-10-24,801.64
2012-10-25,805.36
2012-10-26,803.55
2012-10-31,804.58
2012-11-01,824.24
2012-11-02,809.06
2012-11-05,817.05
2012-11-06,828.1
2012-11-07,802.58
2012-11-08,790.13
2012-11-09,791.43
2012-11-12,789.96
2012-11-13,784.99
2012-11-14,772.49
2012-11-15,773.66
2012-11-16,779.04
2012-11-19,797.12
2012-11-20,794.09
2012-11-21,799.95
2012-11-23,811.56
2012-11-26,807.63
2012-11-27,804.34
2012-11-28,813.67
2012-11-29,817.94
2012-11-30,818.64
2012-12-03,815.09
2012-12-04,819.03
2012-12-05,823.1
2012-12-06,829.11
2012-12-07,833.81
2012-12-10,837.05
2012-12-11,845.96
2012-12-12,848.98
2012-12-13,845.69
2012-12-14,846.38
2012-12-17,856.22
2012-12-18,873.9
2012-12-19,871.86
2012-12-20,874.93
2012-12-21,864.43
2012-12-24,859.13
2012-12-26,855.83
2012-12-27,853.98
2012-12-28,843.33
2012-12-31,866.91
2013-01-02,890.36
2013-01-03,891.36
2013-01-04,901.46
2013-01-07,896.95
2013-01-08,888.57
2013-01-09,888.51
2013-01-10,895.97
2013-01-11,896.38
2013-01-14,895.86
2013-01-15,903.83
2013-01-16,903.82
2013-01-17,912.17
2013-01-18,914.24
2013-01-22,922.38
2013-01-23,920.84
2013-01-24,931.65
2013-01-25,945.87
2013-01-28,940.03
2013-01-29,942.21
2013-01-30,937.16
2013-01-31,940.64
2013-02-01,949.39
2013-02-04,940.15
2013-02-05,951
2013-02-06,956.28
2013-02-07,950.13
2013-02-08,953.85
2013-02-11,954.78
2013-02-12,963.57
2013-02-13,962.32
2013-02-14,970.64
2013-02-15,966.39
2013-02-19,975.11
2013-02-20,948.76
2013-02-21,938.01
2013-02-22,946.48
2013-02-25,920.96
2013-02-26,926.57
2013-02-27,938.31
2013-02-28,935.07
2013-03-01,936.21
2013-03-04,937.21
2013-03-05,948.73
2013-03-06,953.41
2013-03-07,961.55
2013-03-08,969.91
2013-03-11,972.58
2013-03-12,971.59
2013-03-13,975.33
2013-03-14,982.26
2013-03-15,979.48
2013-03-18,975.26
2013-03-19,964.56
2013-03-20,975.29
2013-03-21,961.16
2013-03-22,963.84
2013-03-25,961
2013-03-26,967.25
2013-03-27,966.28
2013-03-28,968.64
2013-04-01,955.85
2013-04-02,949.02
2013-04-03,933.87
2013-04-04,940.11
2013-04-05,939.52
2013-04-08,950.47
2013-04-09,963.2
2013-04-10,974.44
2013-04-11,976.53
2013-04-12,970.43
2013-04-15,934.16
2013-04-16,951.7
2013-04-17,931.61
2013-04-18,925.23
2013-04-19,929.89
2013-04-22,935.07
2013-04-23,953.97
2013-04-24,960.95
2013-04-25,972.44
2013-04-26,969.07
2013-04-29,977.18
2013-04-30,981.27
2013-05-01,970.53
2013-05-02,986.83
2013-05-03,1005.68
2013-05-06,1012.02
2013-05-07,1014.44
2013-05-08,1026.79
2013-05-09,1026.87
2013-05-10,1039.12
2013-05-13,1037.52
2013-05-14,1054.74
2013-05-15,1059.32
2013-05-16,1048.52
2013-05-17,1065.84
2013-05-20,1071.22
2013-05-21,1069.39
2013-05-22,1052.35
2013-05-23,1055.5
2013-05-24,1049.27
2013-05-28,1056.64
2013-05-29,1051.55
2013-05-30,1062.28
2013-05-31,1047.77
2013-06-03,1045.59
2013-06-04,1040.13
2013-06-05,1025.11
2013-06-06,1036.69
2013-06-07,1053.01
2013-06-10,1053.26
2013-06-11,1034.87
2013-06-12,1022.56
2013-06-13,1044.53
2013-06-14,1034.18
2013-06-17,1046.56
2013-06-18,1055.6
2013-06-19,1043.11
2013-06-20,1009.85
2013-06-21,1004.36
2013-06-24,985.66
2013-06-25,1001.82
2013-06-26,1009.96
2013-06-27,1023.16
2013-06-28,1019.2
2013-07-01,1031.31
2013-07-02,1027.94
2013-07-03,1027.04
2013-07-05,1038.19
2013-07-08,1041.38
2013-07-09,1048.51
2013-07-10,1048.15
2013-07-11,1068.08
2013-07-12,1073.85
2013-07-15,1075.04
2013-07-16,1070.21
2013-07-17,1074.19
2013-07-18,1084.99
2013-07-19,1084.13
2013-07-22,1084.63
2013-07-23,1080.69
2013-07-24,1070.69
2013-07-25,1078.36
2013-07-26,1075.91
2013-07-29,1070.06
2013-07-30,1078.29
2013-07-31,1080.86
2013-08-01,1099.47
2013-08-02,1102.67
2013-08-05,1104.4
2013-08-06,1095.53
2013-08-07,1084.12
2013-08-08,1096.29
2013-08-09,1100.28
2013-08-12,1101.13
2013-08-13,1102.43
2013-08-14,1096.73
2013-08-15,1079.4
2013-08-16,1075.83
2013-08-19,1061.3
2013-08-20,1078.86
2013-08-21,1067.93
2013-08-22,1082.16
2013-08-23,1086.02
2013-08-26,1082.89
2013-08-27,1056.42
2013-08-28,1061.83
2013-08-29,1065.14
2013-08-30,1057.83
2013-09-03,1066.83
2013-09-04,1080.79
2013-09-05,1086.75
2013-09-06,1088.11
2013-09-09,1105.9
2013-09-10,1114.99
2013-09-11,1118.75
2013-09-12,1108.65
2013-09-13,1112.82
2013-09-16,1117.62
2013-09-17,1125.21
2013-09-18,1142.04
2013-09-19,1136.89
2013-09-20,1124.05
2013-09-23,1113.68
2013-09-24,1117.1
2013-09-25,1115.13
2013-09-26,1117.95
2013-09-27,1109.55
2013-09-30,1105.13
2013-10-01,1118.52
2013-10-02,1124.99
2013-10-03,1116.06
2013-10-04,1127.18
2013-10-07,1112.83
2013-10-08,1089.96
2013-10-09,1088.16
2013-10-10,1113.84
2013-10-11,1122.38
2013-10-14,1128.95
2013-10-15,1120.57
2013-10-16,1137.37
2013-10-17,1148.27
2013-10-18,1160.56
2013-10-21,1163.47
2013-10-22,1171.14
2013-10-23,1160.9
2013-10-24,1168.91
2013-10-25,1171.61
2013-10-28,1169.18
2013-10-29,1181.03
2013-10-30,1173.31
2013-10-31,1166.87
2013-11-01,1178.76
2013-11-04,1193.98
2013-11-05,1189.47
2013-11-06,1179.14
2013-11-07,1157.36
2013-11-08,1177.3
2013-11-11,1183.47
2013-11-12,1181.02
2013-11-13,1195.98
2013-11-14,1201.4
2013-11-15,1205.64
2013-11-18,1192.15
2013-11-19,1183.89
2013-11-20,1184.73
2013-11-21,1197.6
2013-11-22,1202.41
2013-11-25,1199.79
2013-11-26,1202.76
2013-11-27,1213.1
2013-11-29,1213.87
2013-12-02,1210.27
2013-12-03,1206.51
2013-12-04,1207.87
2013-12-05,1201.68
2013-12-06,1209.68
2013-12-09,1210.93
2013-12-10,1212.08
2013-12-11,1188.81
2013-12-12,1186.78
2013-12-13,1189.76
2013-12-16,1202.23
2013-12-17,1203.65
2013-12-18,1216.46
2013-12-19,1220.18
2013-12-20,1232.8
2013-12-23,1243.94
2013-12-24,1248.79
2013-12-26,1253.53
2013-12-27,1253.15
2013-12-30,1253.24
2013-12-31,1260.27
2014-01-02,1249.57
2014-01-03,1249.17
2014-01-06,1240.84
2014-01-07,1248.37
2014-01-08,1255.8
2014-01-09,1252.85
2014-01-10,1261.96
2014-01-13,1240.44
2014-01-14,1261.32
2014-01-15,1265.82
2014-01-16,1262.38
2014-01-17,1257.62
2014-01-21,1262.64
2014-01-22,1265.16
2014-01-23,1258.14
2014-01-24,1224.37
2014-01-27,1216.38
2014-01-28,1231.49
2014-01-29,1221.18
2014-01-30,1239.77
2014-01-31,1232.49
2014-02-03,1199.74
2014-02-04,1214.43
2014-02-05,1207.04
2014-02-06,1229.43
2014-02-07,1250.17
2014-02-10,1252.44
2014-02-11,1268.76
2014-02-12,1269.52
2014-02-13,1281.5
2014-02-14,1285.92
2014-02-18,1294.17
2014-02-19,1288.92
2014-02-20,1299.85
2014-02-21,1299.96
2014-02-24,1310.16
2014-02-25,1309.59
2014-02-26,1308.86
2014-02-27,1314.83
2014-02-28,1311.07
2014-03-03,1302.87
2014-03-04,1323.59
2014-03-05,1326.74
2014-03-06,1327.26
2014-03-07,1320.47
2014-03-10,1315.8
2014-03-11,1306.34
2014-03-12,1308.87
2014-03-13,1286.91
2014-03-14,1289.48
2014-03-17,1300.4
2014-03-18,1316.28
2014-03-19,1316.52
2014-03-20,1318.41
2014-03-21,1311.17
2014-03-24,1297.15
2014-03-25,1301.55
2014-03-26,1282.7
2014-03-27,1281.37
2014-03-28,1286.29
2014-03-31,1301.39
2014-04-01,1320.5
2014-04-02,1327.63
2014-04-03,1318.59
2014-04-04,1296.81
2014-04-07,1275.27
2014-04-08,1284.67
2014-04-09,1303.41
2014-04-10,1266.13
2014-04-11,1245.11
2014-04-14,1260.68
2014-04-15,1267.53
2014-04-16,1285.3
2014-04-17,1290.66
2014-04-21,1298.9
2014-04-22,1314.32
2014-04-23,1305.23
2014-04-24,1309.74
2014-04-25,1289.3
2014-04-28,1283.14
2014-04-29,1295.01
2014-04-30,1304.69
2014-05-01,1307.37
2014-05-02,1307.34
2014-05-05,1309.8
2014-05-06,1294.45
2014-05-07,1292.24
2014-05-08,1285.36
2014-05-09,1288.79
2014-05-12,1314.73
2014-05-13,1315.06
2014-05-14,1306.28
2014-05-15,1290.79
2014-05-16,1296.26
2014-05-19,1307.46
2014-05-20,1292.78
2014-05-21,1303.58
2014-05-22,1310.65
2014-05-23,1323.59
2014-05-27,1333.07
2014-05-28,1330.34
2014-05-29,1339.91
2014-05-30,1334.88
2014-06-02,1337.83
2014-06-03,1336.38
2014-06-04,1341.71
2014-06-05,1350.84
2014-06-06,1362.34
2014-06-09,1361.07
2014-06-10,1362.38
2014-06-11,1363.23
2014-06-12,1353.44
2014-06-13,1362.37
2014-06-16,1365.46
2014-06-17,1377.93
2014-06-18,1388.71
2014-06-19,1385.81
2014-06-20,1389.43
2014-06-23,1389.95
2014-06-24,1385.05
2014-06-25,1394.08
2014-06-26,1396.95
2014-06-27,1402.12
2014-06-30,1403.47
2014-07-01,1418.09
2014-07-02,1418.67
2014-07-03,1427.27
2014-07-07,1408.69
2014-07-08,1389.64
2014-07-09,1400.02
2014-07-10,1393.01
2014-07-11,1396.32
2014-07-14,1400.96
2014-07-15,1393.24
2014-07-16,1399.12
2014-07-17,1375.08
2014-07-18,1393.94
2014-07-21,1390.64
2014-07-22,1403.23
2014-07-23,1409.95
2014-07-24,1410.82
2014-07-25,1405.37
2014-07-28,1401.79
2014-07-29,1401.98
2014-07-30,1405.24
2014-07-31,1376.16
2014-08-01,1371.2
2014-08-04,1385.2
2014-08-05,1376.36
2014-08-06,1378.15
2014-08-07,1367.96
2014-08-08,1383
2014-08-11,1390.22
2014-08-12,1383.44
2014-08-13,1396.72
2014-08-14,1404.96
2014-08-15,1409.46
2014-08-18,1425.3
2014-08-19,1435.14
2014-08-20,1440.17
2014-08-21,1439.17
2014-08-22,1446.41
2014-08-25,1451.6
2014-08-26,1455.36
2014-08-27,1453.29
2014-08-28,1450.47
2014-08-29,1457.62
2014-09-02,1459.47
2014-09-03,1454.98
2014-09-04,1448.59
2014-09-05,1453.63
2014-09-08,1452.33
2014-09-09,1438.92
2014-09-10,1447.66
2014-09-11,1450.29
2014-09-12,1440.55
2014-09-15,1428.3
2014-09-16,1443.3
2014-09-17,1444.88
2014-09-18,1451.05
2014-09-19,1442.61
2014-09-22,1420.31
2014-09-23,1414.37
2014-09-24,1431.48
2014-09-25,1404.85
2014-09-26,1415.95
2014-09-29,1414.46
2014-09-30,1405.85
2014-10-01,1381.39
2014-10-02,1384.03
2014-10-03,1401.95
2014-10-06,1395.78
2014-10-07,1369.31
2014-10-08,1395.09
2014-10-09,1357.74
2014-10-10,1325.62
2014-10-13,1295.19
2014-10-14,1301.44
2014-10-15,1304.23
2014-10-16,1311.83
2014-10-17,1326.2
2014-10-20,1346.37
2014-10-21,1381.32
2014-10-22,1363.61
2014-10-23,1384.84
2014-10-24,1395.99
2014-10-27,1392.46
2014-10-28,1416.04
2014-10-29,1410.28
2014-10-30,1418.52
2014-10-31,1440.92
2014-11-03,1443.15
2014-11-04,1431.09
2014-11-05,1431.84
2014-11-06,1443.51
2014-11-07,1445.56
2014-11-10,1449.98
2014-11-11,1451.09
2014-11-12,1454.08
2014-11-13,1449.58
2014-11-14,1454.4
2014-11-17,1452.43
2014-11-18,1466.16
2014-11-19,1461.59
2014-11-20,1467.45
2014-11-21,1472.48
2014-11-24,1478.8
2014-11-25,1476.75
2014-11-26,1473.65
2014-11-28,1455.34
2014-12-01,1432.76
2014-12-02,1441.48
2014-12-03,1454.16
2014-12-04,1451.43
2014-12-05,1452.03
2014-12-08,1428.92
2014-12-09,1438.79
2014-12-10,1408.85
2014-12-11,1417.87
2014-12-12,1398.86
2014-12-15,1391.22
2014-12-16,1377.53
2014-12-17,1413.79
2014-12-18,1445.39
2014-12-19,1465.61
2014-12-22,1460.23
2014-12-23,1459.06
2014-12-24,1459.55
2014-12-26,1465.72
2014-12-29,1470.08
2014-12-30,1460.39
2014-12-31,1451.61
2015-01-02,1450.78
2015-01-05,1417.26
2015-01-06,1396.74
2015-01-07,1413.25
2015-01-08,1442.36
2015-01-09,1432.24
2015-01-12,1410.79
2015-01-13,1403.12
2015-01-14,1396.15
2015-01-15,1369.99
2015-01-16,1399.24
2015-01-20,1402.67
2015-01-21,1420.87
2015-01-22,1438.19
2015-01-23,1439.64
2015-01-26,1452.02
2015-01-27,1440.1
2015-01-28,1417.36
2015-01-29,1431.64
2015-01-30,1421.01
2015-02-02,1439.68
2015-02-03,1466.13
2015-02-04,1453.84
2015-02-05,1465.72
2015-02-06,1460.39
2015-02-09,1454.74
2015-02-10,1471.36
2015-02-11,1470.16
2015-02-12,1496.26
2015-02-13,1510.44
2015-02-17,1515.37
2015-02-18,1515.17
2015-02-19,1521.92
2015-02-20,1530.16
2015-02-23,1522.04
2015-02-24,1520.55
2015-02-25,1526.86
2015-02-26,1513.92
2015-02-27,1512.55
2015-03-02,1518.12
2015-03-03,1515.75
2015-03-04,1512.61
2015-03-05,1515.47
2015-03-06,1489.89
2015-03-09,1482.74
2015-03-10,1456.06
2015-03-11,1462.44
2015-03-12,1470.42
2015-03-13,1459.91
2015-03-16,1478.36
2015-03-17,1477.59
2015-03-18,1508.5
2015-03-19,1498.27
2015-03-20,1515.84
2015-03-23,1513.63
2015-03-24,1507.98
2015-03-25,1488.57
2015-03-26,1482.83
2015-03-27,1485.27
2015-03-30,1501.65
2015-03-31,1488.59
2015-04-01,1485.43
2015-04-02,1496.14
2015-04-06,1514.12
2015-04-07,1512.64
2015-04-08,1521.63
2015-04-09,1539.66
2015-04-10,1543.07
2015-04-13,1535.49
2015-04-14,1546.71
2015-04-15,1571.86
2015-04-16,1567.67
2015-04-17,1548.69
2015-04-20,1555.78
2015-04-21,1553.22
2015-04-22,1559.13
2015-04-23,1565.17
2015-04-24,1562.4
2015-04-27,1553.22
2015-04-28,1556.74
2015-04-29,1560.06
2015-04-30,1549.95
2015-05-01,1567.61
2015-05-04,1567.19
2015-05-05,1547.31
2015-05-06,1536.57
2015-05-07,1532.89
2015-05-08,1556.67
2015-05-11,1548.71
2015-05-12,1546.09
2015-05-13,1545.7
2015-05-14,1549.72
2015-05-15,1551.18
2015-05-18,1558.7
2015-05-19,1537.88
2015-05-20,1536.2
2015-05-21,1550
2015-05-22,1547.43
2015-05-26,1520.62
2015-05-27,1530.55
2015-05-28,1520.07
2015-05-29,1516.34
2015-06-01,1516.11
2015-06-02,1523.27
2015-06-03,1517.78
2015-06-04,1503.23
2015-06-05,1512.92
2015-06-08,1496.45
2015-06-09,1495.55
2015-06-10,1512.28
2015-06-11,1506.11
2015-06-12,1495.04
2015-06-15,1489.44
2015-06-16,1498.98
2015-06-17,1501.72
2015-06-18,1509.57
2015-06-19,1502.1
2015-06-22,1514.85
2015-06-23,1521.06
2015-06-24,1507.99
2015-06-25,1499.17
2015-06-26,1494.76
2015-06-29,1456.87
2015-06-30,1464.78
2015-07-01,1458.69
2015-07-02,1463.67
2015-07-06,1449.15
2015-07-07,1462.54
2015-07-08,1428.2
2015-07-09,1436.51
2015-07-10,1448.52
2015-07-13,1468.66
2015-07-14,1479.38
2015-07-15,1460.01
2015-07-16,1471.77
2015-07-17,1453.85
2015-07-20,1437.24
2015-07-21,1437.84
2015-07-22,1429.36
2015-07-23,1430.57
2015-07-24,1398.58
2015-07-27,1379.83
2015-07-28,1405.46
2015-07-29,1415.47
2015-07-30,1413.2
2015-07-31,1409.9
2015-08-03,1394.42
2015-08-04,1395.01
2015-08-05,1389.59
2015-08-06,1385.11
2015-08-07,1372.98
2015-08-10,1407.58
2015-08-11,1392.9
2015-08-12,1402.94
2015-08-13,1387.96
2015-08-14,1386.03
2015-08-17,1396.35
2015-08-18,1387.78
2015-08-19,1366.93
2015-08-20,1327.64
2015-08-21,1286
2015-08-24,1230.88
2015-08-25,1222.52
2015-08-26,1268.17
2015-08-27,1327.94
2015-08-28,1343.63
2015-08-31,1346.74
2015-09-01,1301.71
2015-09-02,1320.93
2015-09-03,1322.91
2015-09-04,1302.46
2015-09-08,1336.87
2015-09-09,1317.7
2015-09-10,1325.45
2015-09-11,1321.61
2015-09-14,1315
2015-09-15,1333.06
2015-09-16,1362.81
2015-09-17,1358.68
2015-09-18,1322.43
2015-09-21,1317.53
2015-09-22,1293.79
2015-09-23,1275.37
2015-09-24,1272.96
2015-09-25,1263.91
2015-09-28,1207.56
2015-09-29,1207.4
2015-09-30,1236.15
2015-10-01,1236.53
2015-10-02,1281.07
2015-10-05,1315.83
2015-10-06,1326.2
2015-10-07,1349.42
2015-10-08,1370.87
2015-10-09,1366.35
2015-10-12,1349.16
2015-10-13,1331.46
2015-10-14,1344.7
2015-10-15,1366.36
2015-10-16,1357.24
2015-10-19,1345.58
2015-10-20,1347.91
2015-10-21,1330.56
2015-10-22,1344.28
2015-10-23,1353.13
2015-10-26,1332.91
2015-10-27,1319.11
2015-10-28,1341.52
2015-10-29,1339.75
2015-10-30,1349.12
2015-11-02,1374.39
2015-11-03,1389.65
2015-11-04,1382.15
2015-11-05,1373.14
2015-11-06,1378.75
2015-11-09,1365.28
2015-11-10,1361.47
2015-11-11,1336.2
2015-11-12,1310.6
2015-11-13,1298.58
2015-11-16,1323.81
2015-11-17,1313.6
2015-11-18,1339.55
2015-11-19,1326.87
2015-11-20,1322.44
2015-11-23,1324.89
2015-11-24,1345.3
2015-11-25,1345.42
2015-11-27,1333.26
2015-11-30,1337.03
2015-12-01,1356.23
2015-12-02,1331.4
2015-12-03,1313.52
2015-12-04,1313.27
2015-12-07,1289.61
2015-12-08,1279.98
2015-12-09,1279.83
2015-12-10,1288.2
2015-12-11,1245.5
2015-12-14,1235.45
2015-12-15,1255.15
2015-12-16,1265.61
2015-12-17,1236.26
2015-12-18,1221.97
2015-12-21,1236.11
2015-12-22,1250.78
2015-12-23,1290.7
2015-12-24,1289.3
2015-12-28,1267.73
2015-12-29,1284.08
2015-12-30,1265.87
2015-12-31,1266.96
2016-01-04,1263.87
2016-01-05,1260.58
2016-01-06,1216.34
2016-01-07,1183.86
2016-01-08,1170.32
2016-01-11,1146.12
2016-01-12,1143.32
2016-01-13,1099.41
2016-01-14,1121.83
2016-01-15,1092.01
2016-01-19,1074.52
2016-01-20,1074.09
2016-01-21,1099.15
2016-01-22,1123.77
2016-01-25,1086.86
2016-01-26,1118
2016-01-27,1111.82
2016-01-28,1114.46
2016-01-29,1151.46
2016-02-01,1149.6
2016-02-02,1113.51
2016-02-03,1142.02
2016-02-04,1152.86
2016-02-05,1124.6
2016-02-08,1087.47
2016-02-09,1063.78
2016-02-10,1062.11
2016-02-11,1048.66
2016-02-12,1077.18
2016-02-16,1100.89
2016-02-17,1138.69
2016-02-18,1126.58
2016-02-19,1115.99
2016-02-22,1156.03
2016-02-23,1123.05
2016-02-24,1141.25
2016-02-25,1147.22
2016-02-26,1164.55
2016-02-29,1159.69
2016-03-01,1189.68
2016-03-02,1227.04
2016-03-03,1265.47
2016-03-04,1294.75
2016-03-07,1315.95
2016-03-08,1246.79
2016-03-09,1262.02
2016-03-10,1264.03
2016-03-11,1302.92
2016-03-14,1293.62
2016-03-15,1272.69
2016-03-16,1301.32
2016-03-17,1317.2
2016-03-18,1325.44
2016-03-21,1323.9
2016-03-22,1324.09
2016-03-23,1274
2016-03-24,1277.86
2016-03-28,1274.41
2016-03-29,1287.02
2016-03-30,1288.45
2016-03-31,1298.38
2016-04-01,1285.64
2016-04-04,1273.94
2016-04-05,1258.83
2016-04-06,1282.39
2016-04-07,1268.4
2016-04-08,1281.78
2016-04-11,1289.32
2016-04-12,1338.52
2016-04-13,1355.36
2016-04-14,1347.46
2016-04-15,1341.07
2016-04-18,1354.09
2016-04-19,1372.92
2016-04-20,1385.43
2016-04-21,1377.57
2016-04-22,1401.16
2016-04-25,1377.7
2016-04-26,1400.49
2016-04-27,1430.67
2016-04-28,1403.37
2016-04-29,1401.74
2016-05-02,1395.58
2016-05-03,1355.41
2016-05-04,1334.79
2016-05-05,1339.57
2016-05-06,1328.95
2016-05-09,1306.27
2016-05-10,1335.42
2016-05-11,1327.13
2016-05-12,1312.48
2016-05-13,1299.18
2016-05-16,1319.57
2016-05-17,1328.39
2016-05-18,1313.97
2016-05-19,1313.84
2016-05-20,1330.49
2016-05-23,1332.5
2016-05-24,1349
2016-05-25,1374.61
2016-05-26,1369.2
2016-05-27,1374.99
2016-05-31,1385.79
2016-06-01,1392.69
2016-06-02,1402.8
2016-06-03,1397.33
2016-06-06,1431.51
2016-06-07,1444.18
2016-06-08,1441.26
2016-06-09,1431.61
2016-06-10,1382.41
2016-06-13,1369.24
2016-06-14,1364.71
2016-06-15,1367.03
2016-06-16,1358.82
2016-06-17,1375.91
2016-06-20,1392.83
2016-06-21,1398.61
2016-06-22,1390.89
2016-06-23,1421.73
2016-06-24,1343.78
2016-06-27,1282.46
2016-06-28,1329.76
2016-06-29,1360.85
2016-06-30,1372.59
2016-07-01,1389.61
2016-07-05,1348.2
2016-07-06,1358.93
2016-07-07,1360.01
2016-07-08,1389.34
2016-07-11,1393.98
2016-07-12,1443.39
2016-07-13,1431.67
2016-07-14,1440.87
2016-07-15,1440.18
2016-07-18,1450.95
2016-07-19,1434.1
2016-07-20,1447.9
2016-07-21,1443.99
2016-07-22,1451.25
2016-07-25,1440.16
2016-07-26,1456.05
2016-07-27,1444.07
2016-07-28,1444.82
2016-07-29,1451.01
2016-08-01,1425.43
2016-08-02,1416.67
2016-08-03,1443.14
2016-08-04,1438.25
2016-08-05,1453.61
2016-08-08,1462.17
2016-08-09,1454.07
2016-08-10,1440.37
2016-08-11,1466.69
2016-08-12,1469
2016-08-15,1489.19
2016-08-16,1486.41
2016-08-17,1484.58
2016-08-18,1510.69
2016-08-19,1507.03
2016-08-22,1495.68
2016-08-23,1514.58
2016-08-24,1488.13
2016-08-25,1485.28
2016-08-26,1485.93
2016-08-29,1493.55
2016-08-30,1489.86
2016-08-31,1470.39
2016-09-01,1467.1
2016-09-02,1476.39
2016-09-06,1486.92
2016-09-07,1500.47
2016-09-08,1522.14
2016-09-09,1472.88
2016-09-12,1502.24
2016-09-13,1459.1
2016-09-14,1448.9
2016-09-15,1469.75
2016-09-16,1463.75
2016-09-19,1457.25
2016-09-20,1447.37
2016-09-21,1476.94
2016-09-22,1488.55
2016-09-23,1475.29
2016-09-26,1461.52
2016-09-27,1463.32
2016-09-28,1497.11
2016-09-29,1485.98
2016-09-30,1504.89
2016-10-03,1502.86
2016-10-04,1492.89
2016-10-05,1517.91
2016-10-06,1511.25
2016-10-07,1502.31
2016-10-10,1516.28
2016-10-11,1483.36
2016-10-12,1475.73
2016-10-13,1467.51
2016-10-14,1459.08
2016-10-17,1446.53
2016-10-18,1466.34
2016-10-19,1486.81
2016-10-20,1492.03
2016-10-21,1483.49
2016-10-24,1480.46
2016-10-25,1469.03
2016-10-26,1474.27
2016-10-27,1468.56
2016-10-28,1462.93
2016-10-31,1451.47
2016-11-01,1443.92
2016-11-02,1422.02
2016-11-03,1413.89
2016-11-04,1414.5
2016-11-07,1450.02
2016-11-08,1450.55
2016-11-09,1492.12
2016-11-10,1510.12
2016-11-11,1504.41
2016-11-14,1527.78
2016-11-15,1555.48
2016-11-16,1541.39
2016-11-17,1545.23
2016-11-18,1542.75
2016-11-21,1575.26
2016-11-22,1572.87
2016-11-23,1585.34
2016-11-25,1579.31
2016-11-28,1560.5
2016-11-29,1546.06
2016-11-30,1589.93
2016-12-01,1583.37
2016-12-02,1587.67
2016-12-05,1611.21
2016-12-06,1622.74
2016-12-07,1641.06
2016-12-08,1652.21
2016-12-09,1653.53
2016-12-12,1627.24
2016-12-13,1637.47
2016-12-14,1607.28
2016-12-15,1610.11
2016-12-16,1605.18
2016-12-19,1602.57
2016-12-20,1604.21
2016-12-21,1604.57
2016-12-22,1597.96
2016-12-23,1605.28
2016-12-27,1616.2
2016-12-28,1590.3
2016-12-29,1585.53
2016-12-30,1576.7
2017-01-03,1597.13
2017-01-04,1619.05
2017-01-05,1616.51
2017-01-06,1616.64
2017-01-09,1601.9
2017-01-10,1606.77
2017-01-11,1611.1
2017-01-12,1602.76
2017-01-13,1599.86
2017-01-17,1596.97
2017-01-18,1599.31
2017-01-19,1588.8
2017-01-20,1599.61
2017-01-23,1589.04
2017-01-24,1614.2
2017-01-25,1629.73
2017-01-26,1625.01
2017-01-27,1616.75
2017-01-30,1591.74
2017-01-31,1597.07
2017-02-01,1595.71
2017-02-02,1596.66
2017-02-03,1609.83
2017-02-06,1599.91
2017-02-07,1584.95
2017-02-08,1586.86
2017-02-09,1602.71
2017-02-10,1612.01
2017-02-13,1614.17
2017-02-14,1626
2017-02-15,1629.28
2017-02-16,1607.05
2017-02-17,1608.81
2017-02-21,1618.26
2017-02-22,1599.23
2017-02-23,1592.46
2017-02-24,1585.47
2017-02-27,1596.98
2017-02-28,1576.79
2017-03-01,1596.87
2017-03-02,1581.28
2017-03-03,1578.72
2017-03-06,1570.7
2017-03-07,1554.05
2017-03-08,1540.51
2017-03-09,1543.05
2017-03-10,1547.81
2017-03-13,1551.07
2017-03-14,1534.79
2017-03-15,1562.21
2017-03-16,1556.56
2017-03-17,1551.72
2017-03-20,1546.92
2017-03-21,1515.85
2017-03-22,1518.39
2017-03-23,1519.6
2017-03-24,1524.64
2017-03-27,1528.85
2017-03-28,1549.71
2017-03-29,1575
2017-03-30,1576.03
2017-03-31,1575.58
2017-04-03,1564.49
2017-04-04,1564.78
2017-04-05,1555.27
2017-04-06,1574.61
2017-04-07,1570.15
2017-04-10,1579.64
2017-04-11,1579.03
2017-04-12,1562.99
2017-04-13,1545.4
2017-04-17,1554.38
2017-04-18,1541.45
2017-04-19,1533.99
2017-04-20,1547.94
2017-04-21,1534.98
2017-04-24,1547.46
2017-04-25,1563.75
2017-04-26,1565.29
2017-04-27,1556.35
2017-04-28,1549.99
2017-05-01,1548.12
2017-05-02,1548.7
2017-05-03,1540.92
2017-05-04,1526.85
2017-05-05,1548.39
2017-05-08,1544.35
2017-05-09,1545.32
2017-05-10,1563.65
2017-05-11,1548.87
2017-05-12,1538.49
2017-05-15,1548.6
2017-05-16,1541.24
2017-05-17,1506.82
2017-05-18,1509.5
2017-05-19,1531.86
2017-05-22,1538.35
2017-05-23,1536.94
2017-05-24,1534.17
2017-05-25,1531.59
2017-05-26,1531.48
2017-05-30,1523.06
2017-05-31,1520.85
2017-06-01,1541.67
2017-06-02,1534.15
2017-06-05,1528.6
2017-06-06,1526.45
2017-06-07,1520.48
2017-06-08,1527.6
2017-06-09,1540.88
2017-06-12,1544.97
2017-06-13,1557.56
2017-06-14,1543.26
2017-06-15,1532.06
2017-06-16,1531.79
2017-06-19,1544.13
2017-06-20,1526.53
2017-06-21,1525.22
2017-06-22,1535.39
2017-06-23,1544.54
2017-06-26,1548.29
2017-06-27,1535.05
2017-06-28,1553.07
2017-06-29,1550.68
2017-06-30,1552.94
2017-07-03,1566.82
2017-07-05,1560.13
2017-07-06,1533.35
2017-07-07,1542.55
2017-07-10,1545.2
2017-07-11,1546.58
2017-07-12,1559.96
2017-07-13,1570.23
2017-07-14,1577.6
2017-07-17,1578.99
2017-07-18,1573.01
2017-07-19,1591.35
2017-07-20,1588.97
2017-07-21,1587.77
2017-07-24,1585.94
2017-07-25,1599.9
2017-07-26,1593.46
2017-07-27,1590.4
2017-07-28,1587.92
2017-07-31,1583.98
2017-08-01,1579.29
2017-08-02,1569.55
2017-08-03,1559.33
2017-08-04,1564.2
2017-08-07,1562.67
2017-08-08,1564.88
2017-08-09,1560.12
2017-08-10,1525.34
2017-08-11,1526.77
2017-08-14,1537.65
2017-08-15,1534.86
2017-08-16,1534.42
2017-08-17,1504.91
2017-08-18,1502.19
2017-08-21,1497.35
2017-08-22,1515.82
2017-08-23,1513.99
2017-08-24,1515.26
2017-08-25,1522.23
2017-08-28,1521.53
2017-08-29,1517.66
2017-08-30,1527.11
2017-08-31,1537.44
2017-09-01,1552.73
2017-09-05,1543.88
2017-09-06,1558.26
2017-09-07,1557.18
2017-09-08,1543.58
2017-09-11,1558.96
2017-09-12,1574.58
2017-09-13,1587.38
2017-09-14,1583.82
2017-09-15,1587.86
2017-09-18,1585.73
2017-09-19,1579.63
2017-09-20,1585.21
2017-09-21,1581.96
2017-09-22,1593.02
2017-09-25,1598.73
2017-09-26,1602.84
2017-09-27,1617.71
2017-09-28,1613.04
2017-09-29,1620.21
2017-10-02,1625.03
2017-10-03,1627.82
2017-10-04,1631.34
2017-10-05,1636.72
2017-10-06,1627.72
2017-10-09,1619.01
2017-10-10,1621.46
2017-10-11,1618.73
2017-10-12,1612.08
2017-10-13,1614.64
2017-10-16,1617.75
2017-10-17,1617.76
2017-10-18,1613.36
2017-10-19,1613.84
2017-10-20,1628.21
2017-10-23,1614.48
2017-10-24,1618.05
2017-10-25,1595.96
2017-10-26,1596.83
2017-10-27,1600.62
2017-10-30,1599.26
2017-10-31,1601.79
2017-11-01,1602.61
2017-11-02,1594.17
2017-11-03,1598.45
2017-11-06,1623.29
2017-11-07,1610.31
2017-11-08,1614.01
2017-11-09,1618.57
2017-11-10,1621.01
2017-11-13,1616.54
2017-11-14,1606.43
2017-11-15,1597.44
2017-11-16,1615.09
2017-11-17,1630.2
2017-11-20,1626.82
2017-11-21,1625.26
2017-11-22,1633.12
2017-11-24,1630.9
2017-11-27,1621.72
2017-11-28,1642.18
2017-11-29,1654.81
2017-11-30,1666.24
2017-12-01,1663.06
2017-12-04,1670.22
2017-12-05,1652.1
2017-12-06,1637.82
2017-12-07,1651.07
2017-12-08,1671.86
2017-12-11,1678.45
2017-12-12,1678.97
2017-12-13,1684.27
2017-12-14,1670.89
2017-12-15,1686.08
2017-12-18,1712.79
2017-12-19,1709.68
2017-12-20,1718.18
2017-12-21,1736.72
2017-12-22,1738.3
2017-12-26,1753.28
2017-12-27,1745.47
2017-12-28,1748.13
2017-12-29,1734.59
2018-01-02,1774.73
2018-01-03,1784.29
2018-01-04,1788.5
2018-01-05,1793.85
2018-01-08,1799.87
2018-01-09,1789.74
2018-01-10,1791.63
2018-01-11,1825.85
2018-01-12,1846.51
2018-01-16,1819.81
2018-01-17,1831.18
2018-01-18,1829.64
2018-01-19,1844.21
2018-01-22,1865.14
2018-01-23,1877.6
2018-01-24,1875.5
2018-01-25,1866.41
2018-01-26,1883.69
2018-01-29,1868.19
2018-01-30,1835.87
2018-01-31,1828.61
2018-02-01,1822.36
2018-02-02,1772.98
2018-02-05,1702.87
2018-02-06,1740.92
2018-02-07,1735.79
2018-02-08,1674.92
2018-02-09,1686.69
2018-02-12,1708.22
2018-02-13,1715.14
2018-02-14,1758.07
2018-02-15,1775.07
2018-02-16,1766.93
2018-02-20,1761.36
2018-02-21,1746.14
2018-02-22,1753.62
2018-02-23,1788.52
2018-02-26,1797.96
2018-02-27,1766.26
2018-02-28,1746.98
2018-03-01,1737.96
2018-03-02,1760.88
2018-03-05,1788.45
2018-03-06,1797.72
2018-03-07,1793.44
2018-03-08,1792.3
2018-03-09,1818.01
2018-03-12,1822.31
2018-03-13,1811.38
2018-03-14,1791.92
2018-03-15,1780.08
2018-03-16,1791.92
2018-03-19,1763.21
2018-03-20,1763.42
2018-03-21,1777.1
2018-03-22,1733.38
2018-03-23,1703.63
2018-03-26,1743.31
2018-03-27,1707.8
2018-03-28,1699.43
2018-03-29,1729.32
2018-04-02,1680.58
2018-04-03,1705.51
2018-04-04,1732.74
2018-04-05,1749.49
2018-04-06,1703.41
2018-04-09,1702.99
2018-04-10,1742.45
2018-04-11,1737.49
2018-04-12,1750.14
2018-04-13,1742.99
2018-04-16,1754.21
2018-04-17,1771.79
2018-04-18,1782.68
2018-04-19,1761.22
2018-04-20,1744.88
2018-04-23,1753.49
2018-04-24,1732.77
2018-04-25,1736.58
2018-04-26,1770.61
2018-04-27,1774.27
2018-04-30,1755.99
2018-05-01,1750.2
2018-05-02,1743.49
2018-05-03,1733.05
2018-05-04,1757.69
2018-05-07,1762.13
2018-05-08,1766.82
2018-05-09,1791.57
2018-05-10,1806.49
2018-05-11,1808.56
2018-05-14,1815.64
2018-05-15,1818.02
2018-05-16,1843.95
2018-05-17,1850.97
2018-05-18,1837.28
2018-05-21,1851.59
2018-05-22,1838.76
2018-05-23,1846.44
2018-05-24,1846.79
2018-05-25,1843.23
2018-05-29,1829.55
2018-05-30,1855.18
2018-05-31,1832.42
2018-06-01,1857.29
2018-06-04,1850.45
2018-06-05,1867.45
2018-06-06,1887.68
2018-06-07,1885.7
2018-06-08,1895.42
2018-06-11,1906.99
2018-06-12,1915.76
2018-06-13,1906.33
2018-06-14,1910.12
2018-06-15,1904.94
2018-06-18,1912.8
2018-06-19,1905.34
2018-06-20,1919.91
2018-06-21,1908.41
2018-06-22,1906.56
2018-06-25,1868.27
2018-06-26,1877.54
2018-06-27,1860.61
2018-06-28,1866.64
2018-06-29,1865.81
2018-07-02,1861.3
2018-07-03,1859.82
2018-07-05,1873.97
2018-07-06,1897.55
2018-07-09,1920.37
2018-07-10,1923.82
2018-07-11,1893.58
2018-07-12,1901.65
2018-07-13,1902.47
2018-07-16,1896.83
2018-07-17,1904.22
2018-07-18,1908.75
2018-07-19,1909.2
2018-07-20,1894.42
2018-07-23,1898.65
2018-07-24,1884.17
2018-07-25,1899.15
2018-07-26,1914.6
2018-07-27,1898.99
2018-07-30,1895.94
2018-07-31,1900.57
2018-08-01,1874.38
2018-08-02,1889.88
2018-08-03,1892.56
2018-08-06,1896.03
2018-08-07,1901.04
2018-08-08,1902.95
2018-08-09,1901.62
2018-08-10,1896.25
2018-08-13,1885.78
2018-08-14,1912.01
2018-08-15,1870.82
2018-08-16,1882.35
2018-08-17,1892.95
2018-08-20,1910.34
2018-08-21,1927.54
2018-08-22,1928.45
2018-08-23,1925.87
2018-08-24,1936.57
2018-08-27,1951.83
2018-08-28,1953.78
2018-08-29,1963.96
2018-08-30,1950.63
2018-08-31,1950.54
2018-09-04,1946.06
2018-09-05,1933.85
2018-09-06,1903.9
2018-09-07,1900
2018-09-10,1915.18
2018-09-11,1918.78
2018-09-12,1926.41
2018-09-13,1926.92
2018-09-14,1931.76
2018-09-17,1918.08
2018-09-18,1937.51
2018-09-19,1942.41
2018-09-20,1955.15
2018-09-21,1957.86
2018-09-24,1954.52
2018-09-25,1950.22
2018-09-26,1949.56
2018-09-27,1955.12
2018-09-28,1953.99
2018-10-01,1952.35
2018-10-02,1934.5
2018-10-03,1945.24
2018-10-04,1914.89
2018-10-05,1895.27
2018-10-08,1893.11
2018-10-09,1887.5
2018-10-10,1818.24
2018-10-11,1785.83
2018-10-12,1816.05
2018-10-15,1815.24
2018-10-16,1857.72
2018-10-17,1845.72
2018-10-18,1811.41
2018-10-19,1790.49
2018-10-22,1780.68
2018-10-23,1761.72
2018-10-24,1683.17
2018-10-25,1705.5
2018-10-26,1674.39
2018-10-29,1660.53
2018-10-30,1711.66
2018-10-31,1725.6
2018-11-01,1777.07
2018-11-02,1773.09
2018-11-05,1785.19
2018-11-06,1797.57
2018-11-07,1823.06
2018-11-08,1807.89
2018-11-09,1774.52
2018-11-12,1731.61
2018-11-13,1731.42
2018-11-14,1718.3
2018-11-15,1736.72
2018-11-16,1730.12
2018-11-19,1684.79
2018-11-20,1647.63
2018-11-21,1675.11
2018-11-23,1664.28
2018-11-26,1703.33
2018-11-27,1702.49
2018-11-28,1737.63
2018-11-29,1731.89
2018-11-30,1733.89
2018-12-03,1769.65
2018-12-04,1692.94
2018-12-06,1686.99
2018-12-07,1635.12
2018-12-10,1629.79
2018-12-11,1627.63
2018-12-12,1645.86
2018-12-13,1625.29
2018-12-14,1595.18
2018-12-17,1559.17
2018-12-18,1560.89
2018-12-19,1520.03
2018-12-20,1487.11
2018-12-21,1444.59
2018-12-24,1407.55
2018-12-26,1495.85
2018-12-27,1502.19
2018-12-28,1498.48
2018-12-31,1509.97
2019-01-02,1529.4
2019-01-03,1489.26
2019-01-04,1557.38
2019-01-07,1598.45
2019-01-08,1617.06
2019-01-09,1639.68
2019-01-10,1643.54
2019-01-11,1644.35
2019-01-14,1630.58
2019-01-15,1646.77
2019-01-16,1644.21
2019-01-17,1665.73
2019-01-18,1696.22
2019-01-22,1652.29
2019-01-23,1639.77
2019-01-24,1664.12
2019-01-25,1698.09
2019-01-28,1681.08
2019-01-29,1670.08
2019-01-30,1696.06
2019-01-31,1711.99
2019-02-01,1720.48
2019-02-04,1726.89
2019-02-05,1737.34
2019-02-06,1734.11
2019-02-07,1709.24
2019-02-08,1720.48
2019-02-11,1730.65
2019-02-12,1758.61
2019-02-13,1768.31
2019-02-14,1770.57
2019-02-15,1775.7
2019-02-19,1784.69
2019-02-20,1789.24
2019-02-21,1770.78
2019-02-22,1784.87
2019-02-25,1793.54
2019-02-26,1786.43
2019-02-27,1784.43
2019-02-28,1774.98
2019-03-01,1791.93
2019-03-04,1779.42
2019-03-05,1766.14
2019-03-06,1738.16
2019-03-07,1721.21
2019-03-08,1710.83
2019-03-11,1743.2
2019-03-12,1752.12
2019-03-13,1765.68
2019-03-14,1759.51
2019-03-15,1769.31
2019-03-18,1781.2
2019-03-19,1786.45
2019-03-20,1779.06
2019-03-21,1809.98
2019-03-22,1751.05
2019-03-25,1752.42
2019-03-26,1769.35
2019-03-27,1758.82
2019-03-28,1765.32
2019-03-29,1778.15
2019-04-01,1810.01
2019-04-02,1810.15
2019-04-03,1822.51
2019-04-04,1832.99
2019-04-05,1849.61
2019-04-08,1852.14
2019-04-09,1824.53
2019-04-10,1843.74
2019-04-11,1839.25
2019-04-12,1860.76
2019-04-15,1851.42
2019-04-16,1863.42
2019-04-17,1851.29
2019-04-18,1855.51
2019-04-22,1852.78
2019-04-23,1869.97
2019-04-24,1871.09
2019-04-25,1850.19
2019-04-26,1857.73
2019-04-29,1860.06
2019-04-30,1859.55
2019-05-01,1835.55
2019-05-02,1832.39
2019-05-03,1851.42
2019-05-06,1837.94
2019-05-07,1797.1
2019-05-08,1797.24
2019-05-09,1794
2019-05-10,1788.18
2019-05-13,1717.34
2019-05-14,1747.86
2019-05-15,1759.79
2019-05-16,1763.79
2019-05-17,1745.24
2019-05-20,1720.79
2019-05-21,1749.01
2019-05-22,1725.11
2019-05-23,1684.64
2019-05-24,1682.39
2019-05-28,1666.51
2019-05-29,1647.16
2019-05-30,1637.7
2019-05-31,1604.8
2019-06-03,1610.99
2019-06-04,1668.53
2019-06-05,1666.57
2019-06-06,1672.28
2019-06-07,1685.7
2019-06-10,1698.82
2019-06-11,1701.15
2019-06-12,1681.5
2019-06-13,1703.21
2019-06-14,1684.2
2019-06-17,1690.89
2019-06-18,1724.71
2019-06-19,1730.33
2019-06-20,1751.64
2019-06-21,1751.18
2019-06-24,1737.56
2019-06-25,1721.75
2019-06-26,1741.63
2019-06-27,1758.56
2019-06-28,1778.64
2019-07-01,1794
2019-07-02,1778.68
2019-07-03,1792.37
2019-07-05,1789.92
2019-07-08,1777.11
2019-07-09,1778.88
2019-07-10,1785.41
2019-07-11,1785.13
2019-07-12,1802.54
2019-07-15,1797.4
2019-07-16,1786.77
2019-07-17,1770.16
2019-07-18,1772.32
2019-07-19,1769.31
2019-07-22,1776.35
2019-07-23,1794.26
2019-07-24,1818.26
2019-07-25,1787.91
2019-07-26,1792.86
2019-07-29,1781.63
2019-07-30,1789.18
2019-07-31,1767.62
2019-08-01,1723.52
2019-08-02,1701.61
2019-08-05,1642.76
2019-08-06,1654.67
2019-08-07,1655.55
2019-08-08,1689.99
2019-08-09,1649.55
2019-08-12,1620.72
2019-08-13,1648.65
2019-08-14,1581.21
2019-08-15,1560.8
2019-08-16,1593.28
2019-08-19,1623.83
2019-08-20,1606.56
2019-08-21,1623.2
2019-08-22,1626.5
2019-08-23,1565.95
2019-08-26,1577.34
2019-08-27,1562.93
2019-08-28,1583.39
2019-08-29,1612.31
2019-08-30,1617
2019-09-03,1591.28
2019-09-04,1624.67
2019-09-05,1667.65
2019-09-06,1669.72
2019-09-09,1704.61
2019-09-10,1732.34
2019-09-11,1753.86
2019-09-12,1744.77
2019-09-13,1750.08
2019-09-16,1772.63
2019-09-17,1749.01
2019-09-18,1738.74
2019-09-19,1725.6
2019-09-20,1715.12
2019-09-23,1716.76
2019-09-24,1686.44
2019-09-25,1702.66
2019-09-26,1688.47
2019-09-27,1674.02
2019-09-30,1684.17
2019-10-01,1651.72
2019-10-02,1612.03
2019-10-03,1632.41
2019-10-04,1646.26
2019-10-07,1638.27
2019-10-08,1599.75
2019-10-09,1616.5
2019-10-10,1634.45
2019-10-11,1674.89
2019-10-14,1670.55
2019-10-15,1692.7
2019-10-16,1682.3
2019-10-17,1688.77
2019-10-18,1671.52
2019-10-21,1697.82
2019-10-22,1713.55
2019-10-23,1719.24
2019-10-24,1719.96
2019-10-25,1738.67
2019-10-28,1749.63
2019-10-29,1744.26
2019-10-30,1738.43
2019-10-31,1728.94
2019-11-01,1771
2019-11-04,1803.01
2019-11-05,1807.59
2019-11-06,1791.35
2019-11-07,1807.52
2019-11-08,1817.14
2019-11-11,1806.2
2019-11-12,1808.29
2019-11-13,1795.3
2019-11-14,1797.21
2019-11-15,1818.54
2019-11-18,1805.69
2019-11-19,1788.21
2019-11-20,1781.06
2019-11-21,1780.59
2019-11-22,1792.24
2019-11-25,1823.16
2019-11-26,1812.48
2019-11-27,1829.15
2019-11-29,1814.73
2019-12-02,1798.21
2019-12-03,1769.77
2019-12-04,1794.78
2019-12-05,1795.28
2019-12-06,1825.63
2019-12-09,1819.23
2019-12-10,1820.04
2019-12-11,1832.32
2019-12-12,1876.14
2019-12-13,1859.07
2019-12-16,1876.88
2019-12-17,1884
2019-12-18,1895.51
2019-12-19,1907.89
2019-12-20,1918.65
2019-12-23,1934.2
2019-12-24,1935.28
2019-12-26,1937.92
2019-12-27,1928.31
2019-12-30,1917.96
2019-12-31,1931.47
2020-01-02,1941.12
2020-01-03,1922.27
2020-01-06,1930.86
2020-01-07,1945.62
2020-01-08,1943.17
2020-01-09,1947.45
2020-01-10,1936.26
2020-01-13,1949.51
2020-01-14,1960.54
2020-01-15,1950.71
2020-01-16,1973.7
2020-01-17,1973.91
2020-01-21,1954.65
2020-01-22,1945.07
2020-01-23,1950.43
2020-01-24,1918.97
2020-01-27,1863.85
2020-01-28,1890.26
2020-01-29,1874.62
2020-01-30,1873.24
2020-01-31,1826.57
2020-02-03,1837.49
2020-02-04,1879.19
2020-02-05,1927.75
2020-02-06,1924.26
2020-02-07,1892.63
2020-02-10,1895.46
2020-02-11,1913.99
2020-02-12,1940.49
2020-02-13,1924.42
2020-02-14,1915.16
2020-02-18,1901.85
2020-02-19,1923.65
2020-02-20,1926.14
2020-02-21,1889.49
2020-02-24,1804.34
2020-02-25,1734.78
2020-02-26,1702.29
2020-02-27,1638.89
2020-02-28,1646.81
2020-03-02,1690.46
2020-03-03,1635.12
2020-03-04,1684.83
2020-03-05,1616.68
2020-03-06,1554.22
2020-03-09,1365.77
2020-03-10,1437.47
2020-03-11,1339.93
2020-03-12,1181.96
2020-03-13,1292.24
2020-03-16,1127.24
2020-03-17,1177.23
2020-03-18,1089.19
2020-03-19,1122.08
2020-03-20,1086.6
2020-03-23,1071.4
2020-03-24,1201.19
2020-03-25,1217.72
2020-03-26,1278.04
2020-03-27,1211.71
2020-03-30,1229.89
2020-03-31,1217.41
2020-04-01,1151.55
2020-04-02,1166.8
2020-04-03,1157.21
2020-04-06,1256.26
2020-04-07,1277.12
2020-04-08,1339.53
2020-04-09,1358.47
2020-04-13,1338.36
2020-04-14,1369.54
2020-04-15,1324.43
2020-04-16,1319.83
2020-04-17,1373.18
2020-04-20,1348.87
2020-04-21,1308.23
2020-04-22,1335.44
2020-04-23,1350.47
2020-04-24,1372.28
2020-04-27,1405.66
2020-04-28,1426.57
2020-04-29,1492.03
2020-04-30,1455.14
2020-05-01,1388.24
2020-05-04,1400.9
2020-05-05,1409.27
2020-05-06,1396.37
2020-05-07,1419.95
2020-05-08,1466.82
2020-05-11,1452.9
2020-05-12,1417.5
2020-05-13,1370.7
2020-05-14,1386.86
2020-05-15,1389.24
2020-05-18,1531.04
2020-05-19,1491.88
2020-05-20,1535.66
2020-05-21,1541.25
2020-05-22,1537.22
2020-05-26,1641.36
2020-05-27,1712.5
2020-05-28,1645.48
2020-05-29,1609.54
2020-06-01,1661.65
2020-06-02,1698.53
2020-06-03,1795.73
2020-06-04,1848.94
2020-06-05,1977.88
2020-06-08,2101.46
2020-06-09,1992.82
2020-06-10,1877.93
2020-06-11,1677.31
2020-06-12,1764.55
2020-06-15,1784.45
2020-06-16,1837.05
2020-06-17,1781.56
2020-06-18,1784.9
2020-06-19,1744.48
2020-06-22,1741.5
2020-06-23,1754.42
2020-06-24,1645.9
2020-06-25,1677.44
2020-06-26,1619.79
2020-06-29,1677.92
2020-06-30,1700.43
2020-07-01,1670.14
2020-07-02,1681.86
2020-07-06,1707.79
2020-07-07,1646.64
2020-07-08,1663.8
2020-07-09,1597.8
2020-07-10,1652.34
2020-07-13,1642.21
2020-07-14,1666.78
2020-07-15,1757.3
2020-07-16,1737.32
2020-07-17,1720.65
2020-07-20,1697.17
2020-07-21,1748.22
2020-07-22,1751.27
2020-07-23,1753.56
2020-07-24,1737.7
2020-07-27,1736.55
2020-07-28,1721.59
2020-07-29,1774.07
2020-07-30,1743.23
2020-07-31,1724.72
2020-08-03,1728.54
2020-08-04,1752.37
2020-08-05,1795.19
2020-08-06,1789.45
2020-08-07,1813.44
2020-08-10,1880.98
2020-08-11,1885.4
2020-08-12,1887.36
2020-08-13,1866.12
2020-08-14,1885.91
2020-08-17,1871.01
2020-08-18,1841.86
2020-08-19,1837.04
2020-08-20,1811.91
2020-08-21,1801.76
2020-08-24,1871.81
2020-08-25,1870.18
2020-08-26,1842.51
2020-08-27,1873.81
2020-08-28,1914.18
2020-08-31,1868.22
2020-09-01,1880.46
2020-09-02,1904.35
2020-09-03,1883.38
2020-09-04,1902.73
2020-09-08,1850.38
2020-09-09,1853.58
2020-09-10,1821.13
2020-09-11,1827.54
2020-09-14,1874.1
2020-09-15,1859.08
2020-09-16,1906.7
2020-09-17,1896.56
2020-09-18,1863.56
2020-09-21,1773.17
2020-09-22,1775.71
2020-09-23,1722.56
2020-09-24,1721.25
2020-09-25,1745.3
2020-09-28,1797.53
2020-09-29,1763.7
2020-09-30,1774.29
2020-10-01,1778.13
2020-10-02,1809.04
2020-10-05,1852.86
2020-10-06,1820.9
2020-10-07,1868.95
2020-10-08,1913.09
2020-10-09,1899.14
2020-10-12,1899.26
2020-10-13,1855.65
2020-10-14,1859.26
2020-10-15,1877.77
2020-10-16,1863.35
2020-10-19,1844.14
2020-10-20,1870.16
2020-10-21,1849.4
2020-10-22,1914.86
2020-10-23,1930.05
2020-10-26,1852.82
2020-10-27,1811.37
2020-10-28,1740.98
2020-10-29,1786.66
2020-10-30,1793.48
2020-11-02,1852.39
2020-11-03,1888.18
2020-11-04,1861.61
2020-11-05,1908
2020-11-06,1874.46
2020-11-09,2113.91
2020-11-10,2123.3
2020-11-11,2083.57
2020-11-12,2023.8
2020-11-13,2108.38
2020-11-16,2201.55
2020-11-17,2215.91
2020-11-18,2189.47
2020-11-19,2220.29
2020-11-20,2199.21
2020-11-23,2297.11
2020-11-24,2401.64
2020-11-25,2369.52
2020-11-27,2357.19
2020-11-30,2274.63
2020-12-01,2301.86
2020-12-02,2340.91
2020-12-03,2398.23
2020-12-04,2478.23
2020-12-07,2449.05
2020-12-08,2462.67
2020-12-09,2464.46
2020-12-10,2498.77
2020-12-11,2457.9
2020-12-14,2403.3
2020-12-15,2459.58
2020-12-16,2445.99
2020-12-17,2454.47
2020-12-18,2423.33
2020-12-21,2398.2
2020-12-22,2367.07
2020-12-23,2424.47
2020-12-24,2416.01
2020-12-28,2420.71
2020-12-29,2400.87
2020-12-30,2442.88
2020-12-31,2442.34
2021-01-04,2402.92
2021-01-05,2469.54
2021-01-06,2554.7
2021-01-07,2594.4
2021-01-08,2579.41
2021-01-11,2583.53
2021-01-12,2660.27
2021-01-13,2630.61
2021-01-14,2693.43
2021-01-15,2629.14
2021-01-19,2653.37
2021-01-20,2658.61
2021-01-21,2618.3
2021-01-22,2606.41
2021-01-25,2568.63
2021-01-26,2536.21
2021-01-27,2474.21
2021-01-28,2530.94
2021-01-29,2448.99
2021-02-01,2481.71
2021-02-02,2526.74
2021-02-03,2592.61
2021-02-04,2650.01
2021-02-05,2668.48
2021-02-08,2739.14
2021-02-09,2721.68
2021-02-10,2754.07
2021-02-11,2741.83
2021-02-12,2770.84
2021-02-16,2825.84
2021-02-17,2826.5
2021-02-18,2777.99
2021-02-19,2862.91
2021-02-22,2930.3
2021-02-23,2964.26
2021-02-24,3065.24
2021-02-25,2954.61
2021-02-26,2943.16
2021-03-01,3014.48
2021-03-02,3000.58
2021-03-03,3029.8
2021-03-04,2993.94
2021-03-05,3064.85
2021-03-08,3103.54
2021-03-09,3066.5
2021-03-10,3116.23
2021-03-11,3151.87
2021-03-12,3186.65
2021-03-15,3216.86
2021-03-16,3126.27
2021-03-17,3176.94
2021-03-18,3105.69
2021-03-19,3105.86
2021-03-22,3062.99
2021-03-23,2952.22
2021-03-24,2942.93
2021-03-25,3007.72
2021-03-26,3055.43
2021-03-29,2991.26
2021-03-30,3044.69
2021-03-31,3034.13
2021-04-01,3091.39
2021-04-05,3091.03
2021-04-06,3103.99
2021-04-07,3100.81
2021-04-08,3091.17
2021-04-09,3102.62
2021-04-12,3094.74
2021-04-13,3075.99
2021-04-14,3110.53
2021-04-15,3096.34
2021-04-16,3098.28
2021-04-19,3075.9
2021-04-20,2990.28
2021-04-21,3064.7
2021-04-22,3029.85
2021-04-23,3089.48
2021-04-26,3121.18
2021-04-27,3149.21
2021-04-28,3183.47
2021-04-29,3202.78
2021-04-30,3169.34
2021-05-03,3209.52
2021-05-04,3186.73
2021-05-05,3221.48
2021-05-06,3222.85
2021-05-07,3286.71
2021-05-10,3261.72
2021-05-11,3206.81
2021-05-12,3125.26
2021-05-13,3158.55
2021-05-14,3264.78
2021-05-17,3297.64
2021-05-18,3259.7
2021-05-19,3211.32
2021-05-20,3207.56
2021-05-21,3213.03
2021-05-24,3249.87
2021-05-25,3225.39
2021-05-26,3275.9
2021-05-27,3325.28
2021-05-28,3311.79
2021-06-01,3379.45
2021-06-02,3395.38
2021-06-03,3364.63
2021-06-04,3368.41
2021-06-07,3389.06
2021-06-08,3406.45
2021-06-09,3363.56
2021-06-10,3338.31
2021-06-11,3357.37
2021-06-14,3320.04
2021-06-15,3325.92
2021-06-16,3323.94
2021-06-17,3229.14
2021-06-18,3171.2
2021-06-21,3262.73
2021-06-22,3265.27
2021-06-23,3283.27
2021-06-24,3312.15
2021-06-25,3342.59
2021-06-28,3275.61
2021-06-29,3264.97
2021-06-30,3296.7
2021-07-01,3331.74
2021-07-02,3317.39
2021-07-06,3235.39
2021-07-07,3190.33
2021-07-08,3158.32
2021-07-09,3248.4
2021-07-12,3267.25
2021-07-13,3208.32
2021-07-14,3159.83
2021-07-15,3122.42
2021-07-16,3042.85
2021-07-19,2948.93
2021-07-20,3054.51
2021-07-21,3145.64
2021-07-22,3108.62
2021-07-23,3107.42
2021-07-26,3159.2
2021-07-27,3127.22
2021-07-28,3149.1
2021-07-29,3177.05
2021-07-30,3143.13
2021-08-02,3126.76
2021-08-03,3168.78
2021-08-04,3108.87
2021-08-05,3176.38
2021-08-06,3204.94
2021-08-09,3178.44
2021-08-10,3224.07
2021-08-11,3263.9
2021-08-12,3251.59
2021-08-13,3213.77
2021-08-16,3163.81
2021-08-17,3096.56
2021-08-18,3071.46
2021-08-19,3023.02
2021-08-20,3054.79
2021-08-23,3135.65
2021-08-24,3193.18
2021-08-25,3228.59
2021-08-26,3187.28
2021-08-27,3261.4
2021-08-30,3226.61
2021-08-31,3232.57
2021-09-01,3217.69
2021-09-02,3249.32
2021-09-03,3228.22
2021-09-07,3225.37
2021-09-08,3174.66
2021-09-09,3196.14
2021-09-10,3166.27
2021-09-13,3213.76
2021-09-14,3169.14
2021-09-15,3229.68
2021-09-16,3231.72
2021-09-17,3213.64
2021-09-20,3129.34
2021-09-21,3120
2021-09-22,3200.73
2021-09-23,3293.72
2021-09-24,3307.6
2021-09-27,3368.21
2021-09-28,3316.39
2021-09-29,3294.25
2021-09-30,3245.21
2021-10-01,3325.3
2021-10-04,3308.92
2021-10-05,3334.66
2021-10-06,3313.25
2021-10-07,3349.05
2021-10-08,3353.12
2021-10-11,3340.85
2021-10-12,3360.75
2021-10-13,3351.04
2021-10-14,3399.62
2021-10-15,3402.24
2021-10-18,3422.49
2021-10-19,3429.48
2021-10-20,3451.89
2021-10-21,3440.22
2021-10-22,3442.82
2021-10-25,3477.39
2021-10-26,3468.71
2021-10-27,3404.96
2021-10-28,3457.68
2021-10-29,3442.09
2021-11-01,3527.25
2021-11-02,3518.61
2021-11-03,3553.93
2021-11-04,3538.43
2021-11-05,3601.72
2021-11-08,3612.21
2021-11-09,3588.97
2021-11-10,3512.18
2021-11-11,3550.03
2021-11-12,3554.5
2021-11-15,3559.13
2021-11-16,3554.63
2021-11-17,3515.62
2021-11-18,3506.4
2021-11-19,3456.34
2021-11-22,3475.8
2021-11-23,3494.28
2021-11-24,3499.46
2021-11-26,3363.15
2021-11-29,3404.02
2021-11-30,3313.13
2021-12-01,3220.07
2021-12-02,3305.12
2021-12-03,3251.2
