Date,S&P 500 High Rate-Sensitivity 100 Index (USD) TR
2011-11-30,4674.49
2011-12-01,4661.99
2011-12-02,4665.97
2011-12-05,4751.91
2011-12-06,4745.49
2011-12-07,4730.37
2011-12-08,4567.15
2011-12-09,4679.36
2011-12-12,4559.7
2011-12-13,4458.68
2011-12-14,4360.11
2011-12-15,4369.05
2011-12-16,4395.83
2011-12-19,4286.46
2011-12-20,4489.96
2011-12-21,4490.04
2011-12-22,4583.23
2011-12-23,4610.53
2011-12-27,4587.4
2011-12-28,4497.74
2011-12-29,4552.95
2011-12-30,4553.91
2012-01-03,4687.02
2012-01-04,4688.09
2012-01-05,4714.69
2012-01-06,4715.79
2012-01-09,4751.89
2012-01-10,4826.46
2012-01-11,4842.56
2012-01-12,4863.05
2012-01-13,4789.97
2012-01-17,4799.34
2012-01-18,4920.32
2012-01-19,4995.42
2012-01-20,4985.89
2012-01-23,5006.4
2012-01-24,5030.61
2012-01-25,5084.28
2012-01-26,5018.97
2012-01-27,5030.72
2012-01-30,4993.22
2012-01-31,4983.59
2012-02-01,5052.85
2012-02-02,5082.29
2012-02-03,5215.67
2012-02-06,5229.28
2012-02-07,5225.8
2012-02-08,5233.59
2012-02-09,5246.4
2012-02-10,5174.16
2012-02-13,5213.15
2012-02-14,5193.47
2012-02-15,5196.96
2012-02-16,5291.88
2012-02-17,5293.37
2012-02-21,5285.77
2012-02-22,5256.05
2012-02-23,5319.58
2012-02-24,5338.68
2012-02-27,5336.02
2012-02-28,5337.51
2012-02-29,5274.61
2012-03-01,5329.76
2012-03-02,5281.36
2012-03-05,5190
2012-03-06,5066.76
2012-03-07,5125.8
2012-03-08,5210.85
2012-03-09,5256.68
2012-03-12,5205.24
2012-03-13,5330.02
2012-03-14,5294.08
2012-03-15,5364.59
2012-03-16,5400.74
2012-03-19,5422.08
2012-03-20,5359.58
2012-03-21,5337.32
2012-03-22,5247.29
2012-03-23,5279.97
2012-03-26,5349.92
2012-03-27,5321.96
2012-03-28,5246.29
2012-03-29,5237.99
2012-03-30,5254.06
2012-04-02,5305.85
2012-04-03,5267.37
2012-04-04,5169.76
2012-04-05,5143.81
2012-04-09,5057.37
2012-04-10,4939.47
2012-04-11,4991.64
2012-04-12,5122.28
2012-04-13,5021.18
2012-04-16,4990.73
2012-04-17,5082.8
2012-04-18,5040.61
2012-04-19,5036.88
2012-04-20,5003.23
2012-04-23,4951.56
2012-04-24,4958.86
2012-04-25,5056.29
2012-04-26,5092
2012-04-27,5089.17
2012-04-30,5094.1
2012-05-01,5159.78
2012-05-02,5111.82
2012-05-03,5005.22
2012-05-04,4883.56
2012-05-07,4873.15
2012-05-08,4835.02
2012-05-09,4835.99
2012-05-10,4820.59
2012-05-11,4800.67
2012-05-14,4726.98
2012-05-15,4648.79
2012-05-16,4578.46
2012-05-17,4483.3
2012-05-18,4424.84
2012-05-21,4561.48
2012-05-22,4552.82
2012-05-23,4585.39
2012-05-24,4549.72
2012-05-25,4564.89
2012-05-29,4660.88
2012-05-30,4527.58
2012-05-31,4482
2012-06-01,4322.06
2012-06-04,4305.91
2012-06-05,4375.83
2012-06-06,4519.25
2012-06-07,4486.13
2012-06-08,4519.51
2012-06-11,4406.44
2012-06-12,4486.87
2012-06-13,4412.21
2012-06-14,4453.74
2012-06-15,4535.63
2012-06-18,4523.7
2012-06-19,4619.97
2012-06-20,4625.92
2012-06-21,4451.46
2012-06-22,4485.1
2012-06-25,4356.28
2012-06-26,4390.66
2012-06-27,4474.77
2012-06-28,4493.92
2012-06-29,4653.13
2012-07-02,4652.72
2012-07-03,4749.54
2012-07-05,4709.33
2012-07-06,4631.01
2012-07-09,4581.27
2012-07-10,4492.5
2012-07-11,4488.81
2012-07-12,4438.34
2012-07-13,4520.19
2012-07-16,4505.81
2012-07-17,4545.05
2012-07-18,4607.52
2012-07-19,4637.39
2012-07-20,4584.35
2012-07-23,4529.02
2012-07-24,4450.84
2012-07-25,4456.97
2012-07-26,4596.03
2012-07-27,4741.91
2012-07-30,4721.94
2012-07-31,4701.34
2012-08-01,4692.95
2012-08-02,4625.05
2012-08-03,4760.93
2012-08-06,4805.97
2012-08-07,4898.7
2012-08-08,4931.61
2012-08-09,4977.9
2012-08-10,4986.07
2012-08-13,4967.67
2012-08-14,4936.01
2012-08-15,4960.8
2012-08-16,5028.21
2012-08-17,5036.79
2012-08-20,5022.79
2012-08-21,5034.17
2012-08-22,5021.26
2012-08-23,4936.57
2012-08-24,4954.09
2012-08-27,4931.45
2012-08-28,4920.51
2012-08-29,4928.36
2012-08-30,4849.28
2012-08-31,4889.88
2012-09-04,4856.52
2012-09-05,4852.52
2012-09-06,4993.12
2012-09-07,5077.72
2012-09-10,5041.99
2012-09-11,5106.74
2012-09-12,5135.1
2012-09-13,5238.89
2012-09-14,5322.86
2012-09-17,5248.24
2012-09-18,5201.94
2012-09-19,5211.24
2012-09-20,5173.79
2012-09-21,5158.85
2012-09-24,5115.06
2012-09-25,5003.88
2012-09-26,4950.3
2012-09-27,5028.38
2012-09-28,4982.18
2012-10-01,4981.33
2012-10-02,4973.74
2012-10-03,4951.77
2012-10-04,5004
2012-10-05,4995.05
2012-10-08,4980.96
2012-10-09,4956.37
2012-10-10,4903.03
2012-10-11,4964.95
2012-10-12,4926.39
2012-10-15,4971.65
2012-10-16,5059.78
2012-10-17,5101.22
2012-10-18,5093.08
2012-10-19,4987.08
2012-10-22,4999
2012-10-23,4913.76
2012-10-24,4851.72
2012-10-25,4874.24
2012-10-26,4842.07
2012-10-31,4847.55
2012-11-01,4966.22
2012-11-02,4896.76
2012-11-05,4944.54
2012-11-06,5013.31
2012-11-07,4870.36
2012-11-08,4789.91
2012-11-09,4802.81
2012-11-12,4812.78
2012-11-13,4787.35
2012-11-14,4701.44
2012-11-15,4699.8
2012-11-16,4715.47
2012-11-19,4830.58
2012-11-20,4809.26
2012-11-21,4834.49
2012-11-23,4911.98
2012-11-26,4888.57
2012-11-27,4858.93
2012-11-28,4916.07
2012-11-29,4953.65
2012-11-30,4955.07
2012-12-03,4939.8
2012-12-04,4954.51
2012-12-05,4988.27
2012-12-06,5005.29
2012-12-07,5024.05
2012-12-10,5051.97
2012-12-11,5098.1
2012-12-12,5100.11
2012-12-13,5063.54
2012-12-14,5063.55
2012-12-17,5119.53
2012-12-18,5234.24
2012-12-19,5222.58
2012-12-20,5262.11
2012-12-21,5212.57
2012-12-24,5186.62
2012-12-26,5171.85
2012-12-27,5155.42
2012-12-28,5092.67
2012-12-31,5225.75
2013-01-02,5371.51
2013-01-03,5370.32
2013-01-04,5432.58
2013-01-07,5416.45
2013-01-08,5364.58
2013-01-09,5385.19
2013-01-10,5430.27
2013-01-11,5428.47
2013-01-14,5418.59
2013-01-15,5453.82
2013-01-16,5464.6
2013-01-17,5524.13
2013-01-18,5549.72
2013-01-22,5601.67
2013-01-23,5602.06
2013-01-24,5605.57
2013-01-25,5666.13
2013-01-28,5647.43
2013-01-29,5649.84
2013-01-30,5625.01
2013-01-31,5639.88
2013-02-01,5703.08
2013-02-04,5628.29
2013-02-05,5685.22
2013-02-06,5717.59
2013-02-07,5696.69
2013-02-08,5745.1
2013-02-11,5739.39
2013-02-12,5756.49
2013-02-13,5760.21
2013-02-14,5806.56
2013-02-15,5770.53
2013-02-19,5816.96
2013-02-20,5661.96
2013-02-21,5582.98
2013-02-22,5643.61
2013-02-25,5475.77
2013-02-26,5513.29
2013-02-27,5600.47
2013-02-28,5593.38
2013-03-01,5582.65
2013-03-04,5572.14
2013-03-05,5643.62
2013-03-06,5668.8
2013-03-07,5709.76
2013-03-08,5761.79
2013-03-11,5782.75
2013-03-12,5788.54
2013-03-13,5794.42
2013-03-14,5849.09
2013-03-15,5837.85
2013-03-18,5788.69
2013-03-19,5716.1
2013-03-20,5771.64
2013-03-21,5695.77
2013-03-22,5719.08
2013-03-25,5702.05
2013-03-26,5751.18
2013-03-27,5760.58
2013-03-28,5775.24
2013-04-01,5705.13
2013-04-02,5685.38
2013-04-03,5590.73
2013-04-04,5614.6
2013-04-05,5595.27
2013-04-08,5659.87
2013-04-09,5731.41
2013-04-10,5806.71
2013-04-11,5822.55
2013-04-12,5768.24
2013-04-15,5567.37
2013-04-16,5661.62
2013-04-17,5524.48
2013-04-18,5501.38
2013-04-19,5523.15
2013-04-22,5560.1
2013-04-23,5632.17
2013-04-24,5698.82
2013-04-25,5759.64
2013-04-26,5720.58
2013-04-29,5779.27
2013-04-30,5818.63
2013-05-01,5749.65
2013-05-02,5824.67
2013-05-03,5939.95
2013-05-06,5992.2
2013-05-07,6020.72
2013-05-08,6077.61
2013-05-09,6077.8
2013-05-10,6121.52
2013-05-13,6099.8
2013-05-14,6169.73
2013-05-15,6199.18
2013-05-16,6150.77
2013-05-17,6255.67
2013-05-20,6291.65
2013-05-21,6292.67
2013-05-22,6201.21
2013-05-23,6187.58
2013-05-24,6172.78
2013-05-28,6244.6
2013-05-29,6224.07
2013-05-30,6269.99
2013-05-31,6172
2013-06-03,6185.13
2013-06-04,6146.27
2013-06-05,6049.06
2013-06-06,6121.48
2013-06-07,6206.64
2013-06-10,6213.03
2013-06-11,6103.09
2013-06-12,6032.21
2013-06-13,6175.89
2013-06-14,6101.47
2013-06-17,6172.27
2013-06-18,6229.98
2013-06-19,6148.56
2013-06-20,5974.11
2013-06-21,5971.35
2013-06-24,5858.95
2013-06-25,5957.29
2013-06-26,5999.74
2013-06-27,6063.4
2013-06-28,6046.39
2013-07-01,6097.41
2013-07-02,6096.26
2013-07-03,6080.5
2013-07-05,6171.91
2013-07-08,6187.3
2013-07-09,6225.82
2013-07-10,6219.74
2013-07-11,6317.47
2013-07-12,6338.23
2013-07-15,6352.1
2013-07-16,6326.17
2013-07-17,6349.28
2013-07-18,6419.92
2013-07-19,6411.89
2013-07-22,6417.46
2013-07-23,6390.98
2013-07-24,6336.67
2013-07-25,6363.78
2013-07-26,6347.53
2013-07-29,6314.63
2013-07-30,6342.24
2013-07-31,6352.58
2013-08-01,6481.13
2013-08-02,6479.56
2013-08-05,6467.42
2013-08-06,6402.7
2013-08-07,6357.97
2013-08-08,6419.17
2013-08-09,6431.42
2013-08-12,6429.91
2013-08-13,6446.03
2013-08-14,6421.99
2013-08-15,6317.93
2013-08-16,6296.23
2013-08-19,6211.95
2013-08-20,6279.66
2013-08-21,6235.5
2013-08-22,6337.48
2013-08-23,6360.86
2013-08-26,6342.16
2013-08-27,6186.64
2013-08-28,6220.71
2013-08-29,6232.96
2013-08-30,6195.49
2013-09-03,6254.3
2013-09-04,6344.83
2013-09-05,6389.39
2013-09-06,6399.89
2013-09-09,6491.47
2013-09-10,6568.64
2013-09-11,6591.33
2013-09-12,6535.67
2013-09-13,6549.19
2013-09-16,6588.51
2013-09-17,6623.23
2013-09-18,6682.71
2013-09-19,6664.65
2013-09-20,6603.1
2013-09-23,6546.84
2013-09-24,6567.61
2013-09-25,6592.14
2013-09-26,6594.74
2013-09-27,6554.16
2013-09-30,6524.56
2013-10-01,6594.86
2013-10-02,6610.37
2013-10-03,6565.77
2013-10-04,6644.5
2013-10-07,6570.23
2013-10-08,6468.64
2013-10-09,6466.4
2013-10-10,6622.18
2013-10-11,6665.61
2013-10-14,6702.23
2013-10-15,6661.72
2013-10-16,6773.13
2013-10-17,6828.5
2013-10-18,6899.5
2013-10-21,6877.61
2013-10-22,6914.6
2013-10-23,6840.12
2013-10-24,6864.11
2013-10-25,6895.78
2013-10-28,6892.43
2013-10-29,6938.54
2013-10-30,6893.22
2013-10-31,6860.41
2013-11-01,6878.82
2013-11-04,6938.43
2013-11-05,6889.5
2013-11-06,6872.48
2013-11-07,6753.27
2013-11-08,6896.08
2013-11-11,6910.87
2013-11-12,6880.81
2013-11-13,6955.32
2013-11-14,6981.44
2013-11-15,7008.49
2013-11-18,6944.21
2013-11-19,6910.08
2013-11-20,6894.27
2013-11-21,6979.53
2013-11-22,7001.03
2013-11-25,6971.94
2013-11-26,6985.31
2013-11-27,7008.1
2013-11-29,6997.66
2013-12-02,6992.9
2013-12-03,6969.73
2013-12-04,6978.06
2013-12-05,6950
2013-12-06,7005.31
2013-12-09,7025.15
2013-12-10,7016.33
2013-12-11,6904.62
2013-12-12,6892.97
2013-12-13,6921.18
2013-12-16,7006.65
2013-12-17,7009.18
2013-12-18,7077.11
2013-12-19,7082.81
2013-12-20,7129.03
2013-12-23,7163.25
2013-12-24,7201.99
2013-12-26,7223.09
2013-12-27,7233.72
2013-12-30,7230.33
2013-12-31,7271.5
2014-01-02,7206.13
2014-01-03,7208.58
2014-01-06,7195.69
2014-01-07,7240.56
2014-01-08,7275.08
2014-01-09,7259.67
2014-01-10,7297.08
2014-01-13,7181.79
2014-01-14,7296.63
2014-01-15,7327.32
2014-01-16,7320.29
2014-01-17,7312.28
2014-01-21,7336.4
2014-01-22,7369.56
2014-01-23,7273.35
2014-01-24,7081.3
2014-01-27,7050.79
2014-01-28,7105.46
2014-01-29,7055.34
2014-01-30,7125.39
2014-01-31,7072.99
2014-02-03,6893.07
2014-02-04,6975.58
2014-02-05,6938.55
2014-02-06,7047.06
2014-02-07,7119.83
2014-02-10,7118.79
2014-02-11,7205.34
2014-02-12,7217.38
2014-02-13,7268.77
2014-02-14,7301.39
2014-02-18,7341.14
2014-02-19,7333.65
2014-02-20,7384.78
2014-02-21,7368.18
2014-02-24,7432.29
2014-02-25,7392.31
2014-02-26,7391.97
2014-02-27,7422.64
2014-02-28,7434.89
2014-03-03,7381.58
2014-03-04,7492.56
2014-03-05,7494.02
2014-03-06,7538.98
2014-03-07,7522.74
2014-03-10,7486.52
2014-03-11,7416.2
2014-03-12,7406.11
2014-03-13,7287.94
2014-03-14,7296.34
2014-03-17,7352.28
2014-03-18,7442.98
2014-03-19,7422.03
2014-03-20,7462.89
2014-03-21,7492.43
2014-03-24,7428.81
2014-03-25,7467.06
2014-03-26,7376.07
2014-03-27,7377.43
2014-03-28,7443.54
2014-03-31,7514.51
2014-04-01,7591.4
2014-04-02,7631.15
2014-04-03,7621.24
2014-04-04,7528.87
2014-04-07,7389.75
2014-04-08,7455.01
2014-04-09,7525.01
2014-04-10,7364.28
2014-04-11,7272.01
2014-04-14,7367.4
2014-04-15,7428.32
2014-04-16,7523.73
2014-04-17,7585.72
2014-04-21,7597.77
2014-04-22,7656.38
2014-04-23,7644.22
2014-04-24,7659.01
2014-04-25,7559.96
2014-04-28,7509.6
2014-04-29,7548.88
2014-04-30,7604.01
2014-05-01,7603.57
2014-05-02,7624.32
2014-05-05,7607.48
2014-05-06,7544.11
2014-05-07,7592.78
2014-05-08,7587.96
2014-05-09,7583.26
2014-05-12,7712.72
2014-05-13,7713.81
2014-05-14,7636.09
2014-05-15,7530.93
2014-05-16,7550.28
2014-05-19,7610.62
2014-05-20,7534.22
2014-05-21,7599.75
2014-05-22,7625.09
2014-05-23,7672.08
2014-05-27,7729.99
2014-05-28,7729.53
2014-05-29,7769.97
2014-05-30,7755.7
2014-06-02,7789.57
2014-06-03,7795.81
2014-06-04,7835.22
2014-06-05,7907.76
2014-06-06,7984.36
2014-06-09,8000.14
2014-06-10,7988.18
2014-06-11,7966.72
2014-06-12,7917.61
2014-06-13,7967.91
2014-06-16,7980.98
2014-06-17,8053.56
2014-06-18,8100.12
2014-06-19,8093.88
2014-06-20,8129.63
2014-06-23,8130.94
2014-06-24,8042.93
2014-06-25,8093.31
2014-06-26,8090.44
2014-06-27,8111.2
2014-06-30,8134.38
2014-07-01,8183.17
2014-07-02,8187.35
2014-07-03,8255.28
2014-07-07,8173.1
2014-07-08,8104.47
2014-07-09,8158.86
2014-07-10,8098.87
2014-07-11,8107.59
2014-07-14,8144.28
2014-07-15,8128.49
2014-07-16,8190.9
2014-07-17,8060.26
2014-07-18,8135.41
2014-07-21,8122
2014-07-22,8184.74
2014-07-23,8177.15
2014-07-24,8186.01
2014-07-25,8160.06
2014-07-28,8134.74
2014-07-29,8099.61
2014-07-30,8083.02
2014-07-31,7924.54
2014-08-01,7883.53
2014-08-04,7965.52
2014-08-05,7890.34
2014-08-06,7915.25
2014-08-07,7849.82
2014-08-08,7963.72
2014-08-11,7992.93
2014-08-12,7961.47
2014-08-13,8015.34
2014-08-14,8046.67
2014-08-15,8040.42
2014-08-18,8141.47
2014-08-19,8185.78
2014-08-20,8221.79
2014-08-21,8240.52
2014-08-22,8230.96
2014-08-25,8282.67
2014-08-26,8303.51
2014-08-27,8302.51
2014-08-28,8289.99
2014-08-29,8335.44
2014-09-02,8323.06
2014-09-03,8316.08
2014-09-04,8287.85
2014-09-05,8310.88
2014-09-08,8292.69
2014-09-09,8218.51
2014-09-10,8241.69
2014-09-11,8259.74
2014-09-12,8210.37
2014-09-15,8170.02
2014-09-16,8224.59
2014-09-17,8239.01
2014-09-18,8274.11
2014-09-19,8225.55
2014-09-22,8101.83
2014-09-23,8045.37
2014-09-24,8092.83
2014-09-25,7950.91
2014-09-26,8020.66
2014-09-29,7985.96
2014-09-30,7920.33
2014-10-01,7771.46
2014-10-02,7776.28
2014-10-03,7837.83
2014-10-06,7811.43
2014-10-07,7653.63
2014-10-08,7787.63
2014-10-09,7554.95
2014-10-10,7380.23
2014-10-13,7208.44
2014-10-14,7252.05
2014-10-15,7233.38
2014-10-16,7314.53
2014-10-17,7398.99
2014-10-20,7474.24
2014-10-21,7690.61
2014-10-22,7573.06
2014-10-23,7709.01
2014-10-24,7752.01
2014-10-27,7715.49
2014-10-28,7870.77
2014-10-29,7863.9
2014-10-30,7884.57
2014-10-31,8038.4
2014-11-03,8044.08
2014-11-04,7967.89
2014-11-05,8027.82
2014-11-06,8034.98
2014-11-07,8041.47
2014-11-10,8044.57
2014-11-11,8048.58
2014-11-12,8056.82
2014-11-13,8016.6
2014-11-14,8040.95
2014-11-17,8012.07
2014-11-18,8071.47
2014-11-19,8055.39
2014-11-20,8120.95
2014-11-21,8211.94
2014-11-24,8248.84
2014-11-25,8234.48
2014-11-26,8211.81
2014-11-28,8089.71
2014-12-01,7989.1
2014-12-02,8052.22
2014-12-03,8166.84
2014-12-04,8147.07
2014-12-05,8181.13
2014-12-08,8064.7
2014-12-09,8095.07
2014-12-10,7912.87
2014-12-11,7932.84
2014-12-12,7756.23
2014-12-15,7717.01
2014-12-16,7659.35
2014-12-17,7877.4
2014-12-18,8068.28
2014-12-19,8176.39
2014-12-22,8185.32
2014-12-23,8252.93
2014-12-24,8238.14
2014-12-26,8250.96
2014-12-29,8280.33
2014-12-30,8248.32
2014-12-31,8171.81
2015-01-02,8154.48
2015-01-05,7917.37
2015-01-06,7797.71
2015-01-07,7868.85
2015-01-08,8044.44
2015-01-09,7969.12
2015-01-12,7825.62
2015-01-13,7765.06
2015-01-14,7676.45
2015-01-15,7535.04
2015-01-16,7650.5
2015-01-20,7623.13
2015-01-21,7727.84
2015-01-22,7858.21
2015-01-23,7800.45
2015-01-26,7855.32
2015-01-27,7772.2
2015-01-28,7596.31
2015-01-29,7679.94
2015-01-30,7611.57
2015-02-02,7768.76
2015-02-03,7994.21
2015-02-04,7932.52
2015-02-05,8031.79
2015-02-06,8059.1
2015-02-09,8054.6
2015-02-10,8102.31
2015-02-11,8100.72
2015-02-12,8216.3
2015-02-13,8294.61
2015-02-17,8337.2
2015-02-18,8290.45
2015-02-19,8309.29
2015-02-20,8345.72
2015-02-23,8304.45
2015-02-24,8340.86
2015-02-25,8334.5
2015-02-26,8283.93
2015-02-27,8267.31
2015-03-02,8320.74
2015-03-03,8290.47
2015-03-04,8247.15
2015-03-05,8243.38
2015-03-06,8137.04
2015-03-09,8130.37
2015-03-10,7951.87
2015-03-11,7994.76
2015-03-12,8081.95
2015-03-13,8018.73
2015-03-16,8112.56
2015-03-17,8079.63
2015-03-18,8205.25
2015-03-19,8108.96
2015-03-20,8221.8
2015-03-23,8216.26
2015-03-24,8174.8
2015-03-25,8044.11
2015-03-26,8023.64
2015-03-27,8013.73
2015-03-30,8126.92
2015-03-31,8078.35
2015-04-01,8067.06
2015-04-02,8109.85
2015-04-06,8179.87
2015-04-07,8148.36
2015-04-08,8173.15
2015-04-09,8230.28
2015-04-10,8238.46
2015-04-13,8204.69
2015-04-14,8236.63
2015-04-15,8348.92
2015-04-16,8317.3
2015-04-17,8225.31
2015-04-20,8258.72
2015-04-21,8240.15
2015-04-22,8296.76
2015-04-23,8310.15
2015-04-24,8278.85
2015-04-27,8247.38
2015-04-28,8287.46
2015-04-29,8327.94
2015-04-30,8273.85
2015-05-01,8346.19
2015-05-04,8385.74
2015-05-05,8309.23
2015-05-06,8258.31
2015-05-07,8261.93
2015-05-08,8357
2015-05-11,8354.22
2015-05-12,8305.48
2015-05-13,8340.5
2015-05-14,8387.73
2015-05-15,8353.44
2015-05-18,8405.93
2015-05-19,8368.1
2015-05-20,8374.41
2015-05-21,8409.47
2015-05-22,8390.09
2015-05-26,8275.51
2015-05-27,8354.12
2015-05-28,8329.44
2015-05-29,8249.96
2015-06-01,8245.11
2015-06-02,8314.32
2015-06-03,8353.77
2015-06-04,8258.98
2015-06-05,8321.39
2015-06-08,8256.09
2015-06-09,8267.6
2015-06-10,8389.29
2015-06-11,8393.26
2015-06-12,8342.98
2015-06-15,8288.6
2015-06-16,8327.14
2015-06-17,8312.62
2015-06-18,8365.04
2015-06-19,8309.67
2015-06-22,8372.35
2015-06-23,8408.67
2015-06-24,8330.6
2015-06-25,8280.56
2015-06-26,8276.3
2015-06-29,8058.86
2015-06-30,8084.27
2015-07-01,8125.87
2015-07-02,8115.55
2015-07-06,8029.27
2015-07-07,8047.01
2015-07-08,7852.86
2015-07-09,7907.84
2015-07-10,8000.5
2015-07-13,8103.99
2015-07-14,8149.01
2015-07-15,8105.14
2015-07-16,8161.65
2015-07-17,8090.45
2015-07-20,8048.22
2015-07-21,8044.29
2015-07-22,8051.38
2015-07-23,8006.57
2015-07-24,7884.45
2015-07-27,7786.98
2015-07-28,7918.84
2015-07-29,8009
2015-07-30,8022.19
2015-07-31,7972.29
2015-08-03,7919.88
2015-08-04,7916.96
2015-08-05,7925.65
2015-08-06,7913.29
2015-08-07,7850.03
2015-08-10,8047.83
2015-08-11,7908.91
2015-08-12,7901.33
2015-08-13,7866.98
2015-08-14,7905.71
2015-08-17,7932.73
2015-08-18,7908.93
2015-08-19,7793.86
2015-08-20,7596.42
2015-08-21,7362.77
2015-08-24,7027.11
2015-08-25,6922.31
2015-08-26,7155.48
2015-08-27,7423.87
2015-08-28,7459.77
2015-08-31,7470.51
2015-09-01,7196.65
2015-09-02,7309.53
2015-09-03,7338.07
2015-09-04,7211.07
2015-09-08,7423.06
2015-09-09,7326.26
2015-09-10,7351.82
2015-09-11,7342.98
2015-09-14,7304.5
2015-09-15,7416.88
2015-09-16,7509.24
2015-09-17,7428.87
2015-09-18,7219.14
2015-09-21,7263.39
2015-09-22,7126.69
2015-09-23,7067.4
2015-09-24,7032.31
2015-09-25,7057.26
2015-09-28,6822.61
2015-09-29,6837.7
2015-09-30,7001.97
2015-10-01,6997.57
2015-10-02,7105.72
2015-10-05,7315.91
2015-10-06,7354.32
2015-10-07,7471.21
2015-10-08,7579.31
2015-10-09,7554.78
2015-10-12,7511.07
2015-10-13,7430.73
2015-10-14,7396.56
2015-10-15,7496.14
2015-10-16,7465.15
2015-10-19,7408.28
2015-10-20,7450.66
2015-10-21,7342.68
2015-10-22,7467.81
2015-10-23,7555.38
2015-10-26,7487.98
2015-10-27,7373.06
2015-10-28,7585.8
2015-10-29,7547.76
2015-10-30,7557.38
2015-11-02,7700.35
2015-11-03,7762.66
2015-11-04,7726.75
2015-11-05,7739.67
2015-11-06,7799.12
2015-11-09,7708.3
2015-11-10,7695.65
2015-11-11,7609.07
2015-11-12,7448.01
2015-11-13,7361.17
2015-11-16,7483.99
2015-11-17,7456.73
2015-11-18,7596.23
2015-11-19,7555.26
2015-11-20,7556.03
2015-11-23,7557.76
2015-11-24,7626.21
2015-11-25,7625.07
2015-11-27,7611.1
2015-11-30,7628.41
2015-12-01,7715.03
2015-12-02,7584.35
2015-12-03,7469.57
2015-12-04,7560.45
2015-12-07,7386.17
2015-12-08,7288.73
2015-12-09,7238.18
2015-12-10,7275.24
2015-12-11,7056.88
2015-12-14,7015.83
2015-12-15,7160.36
2015-12-16,7251.27
2015-12-17,7091.01
2015-12-18,6954.52
2015-12-21,7016.77
2015-12-22,7107.8
2015-12-23,7286.48
2015-12-24,7275.8
2015-12-28,7194.47
2015-12-29,7280.01
2015-12-30,7207.17
2015-12-31,7161.37
2016-01-04,7074.75
2016-01-05,7043.95
2016-01-06,6834.01
2016-01-07,6604.12
2016-01-08,6493.38
2016-01-11,6428.06
2016-01-12,6451.95
2016-01-13,6218.84
2016-01-14,6315.34
2016-01-15,6136.43
2016-01-19,6045.62
2016-01-20,5971.97
2016-01-21,6036.34
2016-01-22,6163.79
2016-01-25,5957.13
2016-01-26,6117.96
2016-01-27,6091.65
2016-01-28,6093.18
2016-01-29,6314.3
2016-02-01,6282.15
2016-02-02,6040.32
2016-02-03,6133.18
2016-02-04,6238.78
2016-02-05,6111.3
2016-02-08,5893.92
2016-02-09,5851.15
2016-02-10,5834.97
2016-02-11,5691.49
2016-02-12,5904.77
2016-02-16,6061.87
2016-02-17,6240.18
2016-02-18,6179.34
2016-02-19,6144.65
2016-02-22,6329.22
2016-02-23,6164.78
2016-02-24,6196.09
2016-02-25,6251.29
2016-02-26,6356.42
2016-02-29,6308.88
2016-03-01,6508.55
2016-03-02,6642.95
2016-03-03,6783.72
2016-03-04,6888.76
2016-03-07,6957.42
2016-03-08,6689.48
2016-03-09,6742.84
2016-03-10,6760.48
2016-03-11,6968.91
2016-03-14,6946.23
2016-03-15,6878.85
2016-03-16,6975.45
2016-03-17,7095.59
2016-03-18,7150.52
2016-03-21,7156.3
2016-03-22,7142.5
2016-03-23,6966.2
2016-03-24,6955.3
2016-03-28,6960.16
2016-03-29,6995.32
2016-03-30,7030.98
2016-03-31,7045.96
2016-04-01,7028.71
2016-04-04,6944.18
2016-04-05,6864.92
2016-04-06,6947.29
2016-04-07,6808.25
2016-04-08,6878.75
2016-04-11,6921.75
2016-04-12,7075.51
2016-04-13,7256.4
2016-04-14,7247.9
2016-04-15,7218.24
2016-04-18,7280.64
2016-04-19,7360.09
2016-04-20,7444.49
2016-04-21,7423.99
2016-04-22,7506.15
2016-04-25,7426.82
2016-04-26,7531.51
2016-04-27,7612.25
2016-04-28,7489.72
2016-04-29,7418.12
2016-05-02,7431.91
2016-05-03,7261.39
2016-05-04,7136.96
2016-05-05,7118.02
2016-05-06,7133.68
2016-05-09,7061.98
2016-05-10,7209.36
2016-05-11,7178.6
2016-05-12,7137.53
2016-05-13,7044.87
2016-05-16,7136.1
2016-05-17,7147.12
2016-05-18,7213.59
2016-05-19,7151.82
2016-05-20,7235.81
2016-05-23,7234.71
2016-05-24,7343.17
2016-05-25,7461.2
2016-05-26,7413.97
2016-05-27,7465.16
2016-05-31,7474.94
2016-06-01,7479.35
2016-06-02,7509.57
2016-06-03,7421.55
2016-06-06,7550.37
2016-06-07,7600.93
2016-06-08,7608.93
2016-06-09,7520.15
2016-06-10,7342.8
2016-06-13,7267.77
2016-06-14,7197.13
2016-06-15,7209.08
2016-06-16,7174.08
2016-06-17,7236.3
2016-06-20,7332.09
2016-06-21,7357.43
2016-06-22,7343.29
2016-06-23,7533.35
2016-06-24,7008.42
2016-06-27,6638.64
2016-06-28,6830.61
2016-06-29,7014.83
2016-06-30,7123.61
2016-07-01,7140.63
2016-07-05,6923.75
2016-07-06,6962.23
2016-07-07,6990.93
2016-07-08,7160.31
2016-07-11,7197.88
2016-07-12,7414.06
2016-07-13,7380.29
2016-07-14,7450.46
2016-07-15,7443.04
2016-07-18,7475.68
2016-07-19,7426.46
2016-07-20,7484.79
2016-07-21,7458.64
2016-07-22,7503.66
2016-07-25,7472.44
2016-07-26,7554.8
2016-07-27,7525.03
2016-07-28,7521.27
2016-07-29,7525.39
2016-08-01,7441.75
2016-08-02,7338.79
2016-08-03,7459.47
2016-08-04,7435.96
2016-08-05,7588.69
2016-08-08,7616.52
2016-08-09,7589.16
2016-08-10,7524.96
2016-08-11,7604.91
2016-08-12,7575.73
2016-08-15,7666.11
2016-08-16,7645.45
2016-08-17,7642.03
2016-08-18,7714.36
2016-08-19,7724.16
2016-08-22,7692.91
2016-08-23,7771.31
2016-08-24,7717.6
2016-08-25,7746.16
2016-08-26,7773.12
2016-08-29,7813.11
2016-08-30,7836.5
2016-08-31,7791.25
2016-09-01,7761.17
2016-09-02,7810.08
2016-09-06,7798.35
2016-09-07,7835.73
2016-09-08,7872.36
2016-09-09,7681.04
2016-09-12,7806.53
2016-09-13,7650.27
2016-09-14,7620.8
2016-09-15,7727.67
2016-09-16,7673.7
2016-09-19,7682.68
2016-09-20,7642.45
2016-09-21,7759.12
2016-09-22,7821.69
2016-09-23,7750.52
2016-09-26,7673.22
2016-09-27,7727.24
2016-09-28,7860.33
2016-09-29,7790.29
2016-09-30,7903.42
2016-10-03,7892.6
2016-10-04,7889.14
2016-10-05,8027.37
2016-10-06,8026.7
2016-10-07,7962.24
2016-10-10,8008.57
2016-10-11,7872.32
2016-10-12,7863.44
2016-10-13,7781.36
2016-10-14,7792.84
2016-10-17,7747.13
2016-10-18,7842.03
2016-10-19,7932.5
2016-10-20,7940.33
2016-10-21,7935.65
2016-10-24,7941.26
2016-10-25,7891.05
2016-10-26,7942.35
2016-10-27,7917.94
2016-10-28,7896.58
2016-10-31,7873.05
2016-11-01,7813.81
2016-11-02,7711.53
2016-11-03,7722.96
2016-11-04,7683.55
2016-11-07,7885.6
2016-11-08,7901.76
2016-11-09,8169.21
2016-11-10,8354.26
2016-11-11,8364.75
2016-11-14,8488.53
2016-11-15,8590.88
2016-11-16,8508.26
2016-11-17,8589.76
2016-11-18,8583.54
2016-11-21,8685.78
2016-11-22,8705.74
2016-11-23,8773.01
2016-11-25,8770.73
2016-11-28,8638.8
2016-11-29,8604.74
2016-11-30,8809.18
2016-12-01,8861.44
2016-12-02,8839.2
2016-12-05,8953.15
2016-12-06,9027.8
2016-12-07,9175.64
2016-12-08,9257.48
2016-12-09,9263.25
2016-12-12,9167.9
2016-12-13,9196
2016-12-14,9083.45
2016-12-15,9138.95
2016-12-16,9064.9
2016-12-19,9060.91
2016-12-20,9134.28
2016-12-21,9112.41
2016-12-22,9070.26
2016-12-23,9090.39
2016-12-27,9139.63
2016-12-28,9007.58
2016-12-29,8956.73
2016-12-30,8929.22
2017-01-03,9068.32
2017-01-04,9181.13
2017-01-05,9134.5
2017-01-06,9164.3
2017-01-09,9085.13
2017-01-10,9123.24
2017-01-11,9189.04
2017-01-12,9129.99
2017-01-13,9164.64
2017-01-17,9037.24
2017-01-18,9091.75
2017-01-19,9026.42
2017-01-20,9073.66
2017-01-23,9031.68
2017-01-24,9185.36
2017-01-25,9308.7
2017-01-26,9300.35
2017-01-27,9253.53
2017-01-30,9157.29
2017-01-31,9130.88
2017-02-01,9160.55
2017-02-02,9114.25
2017-02-03,9244.14
2017-02-06,9188.09
2017-02-07,9160.93
2017-02-08,9129.01
2017-02-09,9243.45
2017-02-10,9293.49
2017-02-13,9365.9
2017-02-14,9446.55
2017-02-15,9472.96
2017-02-16,9425.3
2017-02-17,9406.38
2017-02-21,9476.92
2017-02-22,9433.43
2017-02-23,9393.59
2017-02-24,9359.45
2017-02-27,9429.88
2017-02-28,9368.25
2017-03-01,9591.01
2017-03-02,9447.79
2017-03-03,9461.97
2017-03-06,9412.85
2017-03-07,9364.23
2017-03-08,9316.28
2017-03-09,9310.88
2017-03-10,9333.16
2017-03-13,9369.63
2017-03-14,9318.52
2017-03-15,9398.08
2017-03-16,9407.14
2017-03-17,9350.48
2017-03-20,9297.92
2017-03-21,9048.7
2017-03-22,9066.29
2017-03-23,9072.53
2017-03-24,9058.37
2017-03-27,9030.87
2017-03-28,9174.13
2017-03-29,9219.91
2017-03-30,9314.05
2017-03-31,9286.3
2017-04-03,9230.19
2017-04-04,9235.93
2017-04-05,9159.78
2017-04-06,9248.27
2017-04-07,9223.13
2017-04-10,9235.07
2017-04-11,9229.57
2017-04-12,9107.4
2017-04-13,9001.22
2017-04-17,9109.79
2017-04-18,9037.63
2017-04-19,9029.35
2017-04-20,9143.85
2017-04-21,9098.67
2017-04-24,9242
2017-04-25,9305.27
2017-04-26,9306.45
2017-04-27,9265.92
2017-04-28,9203.43
2017-05-01,9222.82
2017-05-02,9187.36
2017-05-03,9209.16
2017-05-04,9173.4
2017-05-05,9242.65
2017-05-08,9246.79
2017-05-09,9226.01
2017-05-10,9286.72
2017-05-11,9231.46
2017-05-12,9171.15
2017-05-15,9260.6
2017-05-16,9271.21
2017-05-17,8956.25
2017-05-18,8992.23
2017-05-19,9114.43
2017-05-22,9138.23
2017-05-23,9173.33
2017-05-24,9152.7
2017-05-25,9155.38
2017-05-26,9151.22
2017-05-30,9102.42
2017-05-31,9062.13
2017-06-01,9182.72
2017-06-02,9138.05
2017-06-05,9136.45
2017-06-06,9128.57
2017-06-07,9139.73
2017-06-08,9231.85
2017-06-09,9330.08
2017-06-12,9352.41
2017-06-13,9420.19
2017-06-14,9340.74
2017-06-15,9275.03
2017-06-16,9288.73
2017-06-19,9378.72
2017-06-20,9270.27
2017-06-21,9211.4
2017-06-22,9197.94
2017-06-23,9201.36
2017-06-26,9239.56
2017-06-27,9220.97
2017-06-28,9361.57
2017-06-29,9367.36
2017-06-30,9378.65
2017-07-03,9482.71
2017-07-05,9474.36
2017-07-06,9385.65
2017-07-07,9441.45
2017-07-10,9494.32
2017-07-11,9489.7
2017-07-12,9527.19
2017-07-13,9576.75
2017-07-14,9604.19
2017-07-17,9604.96
2017-07-18,9580.28
2017-07-19,9661.79
2017-07-20,9631.89
2017-07-21,9614.11
2017-07-24,9628.85
2017-07-25,9752.31
2017-07-26,9701.4
2017-07-27,9670.87
2017-07-28,9660.93
2017-07-31,9662.58
2017-08-01,9667.07
2017-08-02,9652.39
2017-08-03,9615.58
2017-08-04,9672.02
2017-08-07,9652.27
2017-08-08,9641.32
2017-08-09,9587.58
2017-08-10,9367.8
2017-08-11,9354.38
2017-08-14,9446.8
2017-08-15,9430.59
2017-08-16,9409.46
2017-08-17,9217.67
2017-08-18,9216.12
2017-08-21,9180.79
2017-08-22,9295.05
2017-08-23,9296
2017-08-24,9315.65
2017-08-25,9338.42
2017-08-28,9322.08
2017-08-29,9274.23
2017-08-30,9317.17
2017-08-31,9356.28
2017-09-01,9445.7
2017-09-05,9309.45
2017-09-06,9366.13
2017-09-07,9286.39
2017-09-08,9284.91
2017-09-11,9419.24
2017-09-12,9523.5
2017-09-13,9565.61
2017-09-14,9538.78
2017-09-15,9590.11
2017-09-18,9670.6
2017-09-19,9707.71
2017-09-20,9779.28
2017-09-21,9794.68
2017-09-22,9825.44
2017-09-25,9831.05
2017-09-26,9858.24
2017-09-27,9992.04
2017-09-28,9993.92
2017-09-29,10036.59
2017-10-02,10093.79
2017-10-03,10125.9
2017-10-04,10112.14
2017-10-05,10178.4
2017-10-06,10149.08
2017-10-09,10124.03
2017-10-10,10131.35
2017-10-11,10105.66
2017-10-12,10063.59
2017-10-13,10070.55
2017-10-16,10125.25
2017-10-17,10077.33
2017-10-18,10116.54
2017-10-19,10131.04
2017-10-20,10222.02
2017-10-23,10169.72
2017-10-24,10229.59
2017-10-25,10102
2017-10-26,10170.69
2017-10-27,10182.52
2017-10-30,10136.33
2017-10-31,10163.98
2017-11-01,10212.16
2017-11-02,10243.07
2017-11-03,10238.75
2017-11-06,10368.06
2017-11-07,10229.43
2017-11-08,10200.77
2017-11-09,10157.49
2017-11-10,10139.46
2017-11-13,10144.82
2017-11-14,10087.25
2017-11-15,10053.1
2017-11-16,10103.01
2017-11-17,10172.2
2017-11-20,10204.3
2017-11-21,10213.87
2017-11-22,10226.67
2017-11-24,10208.15
2017-11-27,10161.13
2017-11-28,10357.49
2017-11-29,10491.1
2017-11-30,10565.45
2017-12-01,10604.68
2017-12-04,10691.47
2017-12-05,10604.28
2017-12-06,10529.39
2017-12-07,10617.77
2017-12-08,10717.7
2017-12-11,10706.67
2017-12-12,10754.75
2017-12-13,10687.51
2017-12-14,10602.9
2017-12-15,10703.1
2017-12-18,10843.28
2017-12-19,10841.21
2017-12-20,10908
2017-12-21,11034.54
2017-12-22,11036.45
2017-12-26,11068.59
2017-12-27,11036.31
2017-12-28,11077.97
2017-12-29,11003.34
2018-01-02,11132.88
2018-01-03,11205.44
2018-01-04,11307.25
2018-01-05,11339.15
2018-01-08,11372.24
2018-01-09,11405.06
2018-01-10,11462.96
2018-01-11,11653.96
2018-01-12,11770.28
2018-01-16,11642.14
2018-01-17,11731.49
2018-01-18,11699.48
2018-01-19,11791.79
2018-01-22,11917.31
2018-01-23,11941.27
2018-01-24,11968.7
2018-01-25,11883.93
2018-01-26,12012.42
2018-01-29,11936.73
2018-01-30,11721.64
2018-01-31,11708.76
2018-02-01,11770.5
2018-02-02,11445.23
2018-02-05,10954.3
2018-02-06,11179.82
2018-02-07,11121.33
2018-02-08,10635.46
2018-02-09,10736.58
2018-02-12,10910.46
2018-02-13,10923.71
2018-02-14,11221.84
2018-02-15,11259.54
2018-02-16,11247.51
2018-02-20,11243.85
2018-02-21,11202.64
2018-02-22,11188.08
2018-02-23,11385.41
2018-02-26,11462.68
2018-02-27,11317.98
2018-02-28,11156.8
2018-03-01,11044.46
2018-03-02,11133.37
2018-03-05,11304.02
2018-03-06,11392.17
2018-03-07,11366.79
2018-03-08,11376.22
2018-03-09,11615.34
2018-03-12,11571.19
2018-03-13,11477.45
2018-03-14,11361.53
2018-03-15,11305.72
2018-03-16,11396.93
2018-03-19,11276.86
2018-03-20,11309.91
2018-03-21,11424.31
2018-03-22,11039.15
2018-03-23,10745.57
2018-03-26,11062.41
2018-03-27,10839.04
2018-03-28,10777.1
2018-03-29,10980.69
2018-04-02,10701.67
2018-04-03,10865.5
2018-04-04,10983.7
2018-04-05,11106.57
2018-04-06,10804.65
2018-04-09,10833.52
2018-04-10,11101.05
2018-04-11,11049.46
2018-04-12,11203.64
2018-04-13,11132.32
2018-04-16,11211.52
2018-04-17,11242.19
2018-04-18,11327.52
2018-04-19,11355.8
2018-04-20,11322.16
2018-04-23,11347.65
2018-04-24,11227.64
2018-04-25,11219.7
2018-04-26,11276.21
2018-04-27,11290.75
2018-04-30,11186.99
2018-05-01,11166.13
2018-05-02,11088.93
2018-05-03,11024.17
2018-05-04,11143.45
2018-05-07,11194.75
2018-05-08,11256.41
2018-05-09,11444.26
2018-05-10,11549.1
2018-05-11,11528.65
2018-05-14,11545.19
2018-05-15,11581.3
2018-05-16,11668.7
2018-05-17,11727.41
2018-05-18,11658.46
2018-05-21,11726.65
2018-05-22,11720.74
2018-05-23,11694.12
2018-05-24,11660.49
2018-05-25,11556.76
2018-05-29,11291.34
2018-05-30,11503.67
2018-05-31,11401.69
2018-06-01,11566.59
2018-06-04,11568.38
2018-06-05,11596.7
2018-06-06,11779.28
2018-06-07,11774.38
2018-06-08,11815.5
2018-06-11,11837.71
2018-06-12,11820.92
2018-06-13,11786.61
2018-06-14,11757.92
2018-06-15,11695.15
2018-06-18,11755.29
2018-06-19,11665.51
2018-06-20,11706.49
2018-06-21,11609.88
2018-06-22,11606.53
2018-06-25,11379.4
2018-06-26,11390.84
2018-06-27,11279.23
2018-06-28,11312.79
2018-06-29,11296.14
2018-07-02,11312.16
2018-07-03,11247.14
2018-07-05,11292.67
2018-07-06,11387.12
2018-07-09,11628.72
2018-07-10,11622.36
2018-07-11,11456.53
2018-07-12,11479.68
2018-07-13,11453.39
2018-07-16,11463.55
2018-07-17,11513.34
2018-07-18,11615.63
2018-07-19,11515.85
2018-07-20,11470.4
2018-07-23,11548.89
2018-07-24,11569.41
2018-07-25,11628.7
2018-07-26,11685.77
2018-07-27,11671.17
2018-07-30,11671.41
2018-07-31,11659.42
2018-08-01,11577.96
2018-08-02,11613.13
2018-08-03,11638.11
2018-08-06,11695.99
2018-08-07,11743.72
2018-08-08,11730.82
2018-08-09,11673.06
2018-08-10,11583.21
2018-08-13,11485.26
2018-08-14,11608.81
2018-08-15,11403.28
2018-08-16,11513.91
2018-08-17,11566.36
2018-08-20,11647.67
2018-08-21,11741.74
2018-08-22,11757.08
2018-08-23,11698.18
2018-08-24,11784.67
2018-08-27,11939.65
2018-08-28,11913.52
2018-08-29,11941.78
2018-08-30,11844.09
2018-08-31,11826.72
2018-09-04,11849.07
2018-09-05,11821.88
2018-09-06,11698.54
2018-09-07,11654.19
2018-09-10,11703.08
2018-09-11,11743.6
2018-09-12,11732.17
2018-09-13,11695.7
2018-09-14,11804.33
2018-09-17,11744.02
2018-09-18,11796.61
2018-09-19,11917.78
2018-09-20,12000.96
2018-09-21,12008.06
2018-09-24,11951.57
2018-09-25,11941.08
2018-09-26,11833.9
2018-09-27,11799.4
2018-09-28,11745.92
2018-10-01,11799.57
2018-10-02,11747.29
2018-10-03,11874.03
2018-10-04,11844.32
2018-10-05,11740.14
2018-10-08,11739.71
2018-10-09,11693.46
2018-10-10,11272.54
2018-10-11,10978.13
2018-10-12,11033.69
2018-10-15,10983.99
2018-10-16,11174.79
2018-10-17,11151.44
2018-10-18,10925.68
2018-10-19,10847.95
2018-10-22,10710.01
2018-10-23,10573.13
2018-10-24,10116.83
2018-10-25,10319.39
2018-10-26,10152.18
2018-10-29,10154.23
2018-10-30,10383.08
2018-10-31,10524.96
2018-11-01,10694.8
2018-11-02,10684.26
2018-11-05,10777.24
2018-11-06,10864.17
2018-11-07,11029.6
2018-11-08,10966.67
2018-11-09,10831
2018-11-12,10595.7
2018-11-13,10572.13
2018-11-14,10490.67
2018-11-15,10635.47
2018-11-16,10615.42
2018-11-19,10474.33
2018-11-20,10196.31
2018-11-21,10292.26
2018-11-23,10182.66
2018-11-26,10429.4
2018-11-27,10388.14
2018-11-28,10569.14
2018-11-29,10493.64
2018-11-30,10541.93
2018-12-03,10691.87
2018-12-04,10185.34
2018-12-06,10044.55
2018-12-07,9818.72
2018-12-10,9681.03
2018-12-11,9612.84
2018-12-12,9719.65
2018-12-13,9596.64
2018-12-14,9437.37
2018-12-17,9292.57
2018-12-18,9224.77
2018-12-19,9032.9
2018-12-20,8897.09
2018-12-21,8720.67
2018-12-24,8504.26
2018-12-26,8971.33
2018-12-27,9031.57
2018-12-28,8990.82
2018-12-31,9076.52
2019-01-02,9189.66
2019-01-03,9013.93
2019-01-04,9396.71
2019-01-07,9522.85
2019-01-08,9607.06
2019-01-09,9718.44
2019-01-10,9747.28
2019-01-11,9773.27
2019-01-14,9796.68
2019-01-15,9829.25
2019-01-16,9954.58
2019-01-17,10059.08
2019-01-18,10256.7
2019-01-22,10063.99
2019-01-23,10007.15
2019-01-24,10080.92
2019-01-25,10251.92
2019-01-28,10164.75
2019-01-29,10129.36
2019-01-30,10226.66
2019-01-31,10226.7
2019-02-01,10286.5
2019-02-04,10347.32
2019-02-05,10336.46
2019-02-06,10326.14
2019-02-07,10176.08
2019-02-08,10182.42
2019-02-11,10233.08
2019-02-12,10417.28
2019-02-13,10489.42
2019-02-14,10441.12
2019-02-15,10622.22
2019-02-19,10680.71
2019-02-20,10767.69
2019-02-21,10662.28
2019-02-22,10706.95
2019-02-25,10728.2
2019-02-26,10681.57
2019-02-27,10736.65
2019-02-28,10668.46
2019-03-01,10758.92
2019-03-04,10701.04
2019-03-05,10663.61
2019-03-06,10510.52
2019-03-07,10359.91
2019-03-08,10287.29
2019-03-11,10442.21
2019-03-12,10493.66
2019-03-13,10575.25
2019-03-14,10575.33
2019-03-15,10626.86
2019-03-18,10753
2019-03-19,10686.77
2019-03-20,10533.75
2019-03-21,10572.26
2019-03-22,10181.95
2019-03-25,10183.98
2019-03-26,10331.66
2019-03-27,10291.88
2019-03-28,10381.13
2019-03-29,10417.47
2019-04-01,10685.25
2019-04-02,10667.08
2019-04-03,10717.05
2019-04-04,10808.4
2019-04-05,10895.06
2019-04-08,10916.68
2019-04-09,10752.27
2019-04-10,10852.93
2019-04-11,10876.79
2019-04-12,11096.25
2019-04-15,10998.4
2019-04-16,11133.81
2019-04-17,11138.67
2019-04-18,11120.81
2019-04-22,11130.97
2019-04-23,11215.48
2019-04-24,11145.8
2019-04-25,11065.59
2019-04-26,11116.58
2019-04-29,11181.62
2019-04-30,11119.59
2019-05-01,10976.36
2019-05-02,10930.41
2019-05-03,11043.33
2019-05-06,10970.34
2019-05-07,10773.59
2019-05-08,10748.26
2019-05-09,10739.36
2019-05-10,10778.68
2019-05-13,10382.13
2019-05-14,10532.7
2019-05-15,10502.05
2019-05-16,10596.52
2019-05-17,10480.49
2019-05-20,10465.12
2019-05-21,10597.48
2019-05-22,10451.27
2019-05-23,10191.16
2019-05-24,10241.19
2019-05-28,10129.62
2019-05-29,10100.61
2019-05-30,10016.67
2019-05-31,9801.07
2019-06-03,9913.04
2019-06-04,10239.08
2019-06-05,10209.96
2019-06-06,10258.59
2019-06-07,10259.39
2019-06-10,10342.25
2019-06-11,10376.62
2019-06-12,10267.44
2019-06-13,10361.41
2019-06-14,10303.11
2019-06-17,10267.24
2019-06-18,10461.96
2019-06-19,10416.59
2019-06-20,10546.88
2019-06-21,10536.18
2019-06-24,10458.01
2019-06-25,10411.62
2019-06-26,10490.79
2019-06-27,10559.68
2019-06-28,10703.52
2019-07-01,10783.33
2019-07-02,10664.02
2019-07-03,10739.09
2019-07-05,10786.33
2019-07-08,10689.21
2019-07-09,10715.01
2019-07-10,10683.33
2019-07-11,10742
2019-07-12,10844.27
2019-07-15,10772.32
2019-07-16,10750.97
2019-07-17,10604.32
2019-07-18,10641.8
2019-07-19,10696.13
2019-07-22,10698.68
2019-07-23,10841.27
2019-07-24,10992.07
2019-07-25,10861.3
2019-07-26,10925.73
2019-07-29,10818.15
2019-07-30,10919
2019-07-31,10835.99
2019-08-01,10445.92
2019-08-02,10282.2
2019-08-05,9930.28
2019-08-06,9998.74
2019-08-07,9900.3
2019-08-08,10127.4
2019-08-09,9962.4
2019-08-12,9736.06
2019-08-13,9871.03
2019-08-14,9419.81
2019-08-15,9345.96
2019-08-16,9571.58
2019-08-19,9749.56
2019-08-20,9609.59
2019-08-21,9691.25
2019-08-22,9718.23
2019-08-23,9365.04
2019-08-26,9438.68
2019-08-27,9340.26
2019-08-28,9484.73
2019-08-29,9681.34
2019-08-30,9709.83
2019-09-03,9550.6
2019-09-04,9712.82
2019-09-05,9990.92
2019-09-06,9993.37
2019-09-09,10304.43
2019-09-10,10481.98
2019-09-11,10583.37
2019-09-12,10555.04
2019-09-13,10661.21
2019-09-16,10804.79
2019-09-17,10635.52
2019-09-18,10598.97
2019-09-19,10534.08
2019-09-20,10473.52
2019-09-23,10491.88
2019-09-24,10297.08
2019-09-25,10394.37
2019-09-26,10298.15
2019-09-27,10308.3
2019-09-30,10305.6
2019-10-01,10016.2
2019-10-02,9775.11
2019-10-03,9838.84
2019-10-04,9927.01
2019-10-07,9876.11
2019-10-08,9634.66
2019-10-09,9726
2019-10-10,9863.42
2019-10-11,10127.14
2019-10-14,10106.36
2019-10-15,10239.89
2019-10-16,10174.28
2019-10-17,10182.59
2019-10-18,10176.54
2019-10-21,10356.23
2019-10-22,10458.04
2019-10-23,10534.04
2019-10-24,10453.01
2019-10-25,10566.99
2019-10-28,10653.23
2019-10-29,10669.34
2019-10-30,10524.18
2019-10-31,10424.05
2019-11-01,10688.1
2019-11-04,10954.3
2019-11-05,11014.06
2019-11-06,10901.08
2019-11-07,11034.73
2019-11-08,11066.44
2019-11-11,11009.04
2019-11-12,11003.99
2019-11-13,10852.84
2019-11-14,10882.73
2019-11-15,10985.75
2019-11-18,10929.18
2019-11-19,10847.75
2019-11-20,10802.64
2019-11-21,10839.61
2019-11-22,10934.24
2019-11-25,11083.56
2019-11-26,11005.27
2019-11-27,11073.62
2019-11-29,10991.96
2019-12-02,10920.78
2019-12-03,10701.78
2019-12-04,10843.97
2019-12-05,10861.76
2019-12-06,11053.62
2019-12-09,11043.91
2019-12-10,11054.83
2019-12-11,11084.25
2019-12-12,11393.29
2019-12-13,11265.67
2019-12-16,11356.42
2019-12-17,11425.57
2019-12-18,11439.91
2019-12-19,11447.31
2019-12-20,11480.59
2019-12-23,11558.23
2019-12-24,11555.34
2019-12-26,11587.96
2019-12-27,11518.09
2019-12-30,11482.94
2019-12-31,11545.84
2020-01-02,11598.57
2020-01-03,11472.2
2020-01-06,11490.65
2020-01-07,11516.82
2020-01-08,11504.6
2020-01-09,11559.73
2020-01-10,11465.18
2020-01-13,11537.52
2020-01-14,11565.64
2020-01-15,11466.58
2020-01-16,11577.63
2020-01-17,11596.06
2020-01-21,11427.09
2020-01-22,11376.74
2020-01-23,11348.96
2020-01-24,11136
2020-01-27,10833.11
2020-01-28,10952.08
2020-01-29,10881.64
2020-01-30,10942.05
2020-01-31,10673.85
2020-02-03,10722.78
2020-02-04,10962.82
2020-02-05,11279.16
2020-02-06,11186.71
2020-02-07,11069.6
2020-02-10,11058.77
2020-02-11,11190.06
2020-02-12,11305.85
2020-02-13,11233.89
2020-02-14,11165.02
2020-02-18,11062.53
2020-02-19,11188.48
2020-02-20,11265.43
2020-02-21,11083.67
2020-02-24,10572.64
2020-02-25,10095.41
2020-02-26,9901.2
2020-02-27,9479.43
2020-02-28,9429.64
2020-03-02,9722.09
2020-03-03,9326.94
2020-03-04,9529.17
2020-03-05,9025.63
2020-03-06,8621.29
2020-03-09,7347.06
2020-03-10,7819.11
2020-03-11,7272.45
2020-03-12,6342.23
2020-03-13,7095.8
2020-03-16,6023.38
2020-03-17,6256.33
2020-03-18,5713.1
2020-03-19,5943.54
2020-03-20,5711.79
2020-03-23,5438.66
2020-03-24,6233.06
2020-03-25,6441.15
2020-03-26,6827.46
2020-03-27,6488.57
2020-03-30,6547.78
2020-03-31,6430.83
2020-04-01,6013.15
2020-04-02,6127.95
2020-04-03,6005.2
2020-04-06,6557.68
2020-04-07,6718.04
2020-04-08,7098.96
2020-04-09,7349.69
2020-04-13,7147.29
2020-04-14,7175.56
2020-04-15,6775.25
2020-04-16,6613.42
2020-04-17,7077.42
2020-04-20,6903.19
2020-04-21,6713.63
2020-04-22,6834.46
2020-04-23,7007.02
2020-04-24,7098.75
2020-04-27,7405.3
2020-04-28,7670.1
2020-04-29,8284.94
2020-04-30,7953.1
2020-05-01,7462.67
2020-05-04,7500.95
2020-05-05,7382.38
2020-05-06,7194.07
2020-05-07,7426.54
2020-05-08,7781.53
2020-05-11,7519.42
2020-05-12,7286.12
2020-05-13,6891.6
2020-05-14,7068.31
2020-05-15,7057.8
2020-05-18,7753.05
2020-05-19,7520.61
2020-05-20,7762.63
2020-05-21,7755.79
2020-05-22,7690.91
2020-05-26,8239.15
2020-05-27,8598.04
2020-05-28,8268.85
2020-05-29,8066.02
2020-06-01,8309.24
2020-06-02,8491.34
2020-06-03,8927.45
2020-06-04,9218.71
2020-06-05,9859.32
2020-06-08,10430.17
2020-06-09,9944.78
2020-06-10,9353.16
2020-06-11,8367.49
2020-06-12,8780.18
2020-06-15,8870.23
2020-06-16,9122.9
2020-06-17,8845.99
2020-06-18,8866.86
2020-06-19,8711.06
2020-06-22,8674.69
2020-06-23,8716.06
2020-06-24,8178.77
2020-06-25,8382.72
2020-06-26,8016.28
2020-06-29,8249.76
2020-06-30,8389.02
2020-07-01,8187.2
2020-07-02,8260.96
2020-07-06,8396.87
2020-07-07,8089.94
2020-07-08,8164.72
2020-07-09,7818.63
2020-07-10,8148.82
2020-07-13,8155.44
2020-07-14,8258.98
2020-07-15,8649.84
2020-07-16,8584.06
2020-07-17,8446.7
2020-07-20,8343.03
2020-07-21,8638.69
2020-07-22,8613.74
2020-07-23,8655.19
2020-07-24,8596.31
2020-07-27,8542.49
2020-07-28,8447.29
2020-07-29,8688.09
2020-07-30,8507.6
2020-07-31,8468.44
2020-08-03,8488.47
2020-08-04,8559.03
2020-08-05,8772.73
2020-08-06,8727.92
2020-08-07,8908.83
2020-08-10,9208.17
2020-08-11,9276.82
2020-08-12,9261.05
2020-08-13,9136.28
2020-08-14,9240.01
2020-08-17,9122.52
2020-08-18,8978.45
2020-08-19,8961.25
2020-08-20,8811.75
2020-08-21,8748.48
2020-08-24,9083.87
2020-08-25,9072.58
2020-08-26,8956.22
2020-08-27,9096.59
2020-08-28,9240.68
2020-08-31,9048.44
2020-09-01,9098.75
2020-09-02,9203.32
2020-09-03,9099.72
2020-09-04,9220.94
2020-09-08,8927.06
2020-09-09,8963.06
2020-09-10,8778.8
2020-09-11,8845.88
2020-09-14,9053.8
2020-09-15,8948.45
2020-09-16,9152.43
2020-09-17,9121.08
2020-09-18,9016.2
2020-09-21,8579.33
2020-09-22,8535.59
2020-09-23,8293.11
2020-09-24,8290.87
2020-09-25,8372.85
2020-09-28,8627.31
2020-09-29,8468.48
2020-09-30,8539.03
2020-10-01,8510.65
2020-10-02,8658.36
2020-10-05,8905.49
2020-10-06,8763.47
2020-10-07,9021.27
2020-10-08,9203.99
2020-10-09,9141.52
2020-10-12,9174.03
2020-10-13,8966.56
2020-10-14,8951.82
2020-10-15,9062.41
2020-10-16,8991.58
2020-10-19,8881.3
2020-10-20,9007.58
2020-10-21,8901.41
2020-10-22,9205.66
2020-10-23,9260.99
2020-10-26,8912.87
2020-10-27,8706.77
2020-10-28,8380.29
2020-10-29,8599.06
2020-10-30,8666.58
2020-11-02,8950.6
2020-11-03,9127.97
2020-11-04,8890.13
2020-11-05,9164.93
2020-11-06,8980.21
2020-11-09,10171.86
2020-11-10,10250.04
2020-11-11,10070.84
2020-11-12,9790.15
2020-11-13,10164.23
2020-11-16,10638.1
2020-11-17,10690.64
2020-11-18,10590.26
2020-11-19,10692.6
2020-11-20,10578.85
2020-11-23,11051.79
2020-11-24,11612.86
2020-11-25,11443.64
2020-11-27,11369.34
2020-11-30,10969.39
2020-12-01,11137.48
2020-12-02,11351.16
2020-12-03,11553.97
2020-12-04,11935.47
2020-12-07,11781.6
2020-12-08,11836.68
2020-12-09,11848.22
2020-12-10,11973.26
2020-12-11,11787.13
2020-12-14,11545.27
2020-12-15,11781.06
2020-12-16,11739.45
2020-12-17,11739.02
2020-12-18,11595.32
2020-12-21,11555.42
2020-12-22,11392.19
2020-12-23,11690.2
2020-12-24,11631.69
2020-12-28,11666.31
2020-12-29,11579.04
2020-12-30,11771.08
2020-12-31,11791.08
2021-01-04,11652.34
2021-01-05,11971.18
2021-01-06,12530.85
2021-01-07,12750.24
2021-01-08,12658.27
2021-01-11,12737.53
2021-01-12,13092.68
2021-01-13,12937.14
2021-01-14,13250.18
2021-01-15,12905.86
2021-01-19,13009.05
2021-01-20,12977.07
2021-01-21,12805.06
2021-01-22,12761.19
2021-01-25,12580.32
2021-01-26,12413.61
2021-01-27,12072.57
2021-01-28,12327.57
2021-01-29,11957.11
2021-02-01,12108.89
2021-02-02,12323.3
2021-02-03,12619.61
2021-02-04,12894.53
2021-02-05,12967.71
2021-02-08,13296.27
2021-02-09,13219.91
2021-02-10,13323.81
2021-02-11,13258.83
2021-02-12,13419.74
2021-02-16,13751.41
2021-02-17,13763.59
2021-02-18,13518.92
2021-02-19,13927.61
2021-02-22,14308.94
2021-02-23,14446.05
2021-02-24,14905.72
2021-02-25,14415.54
2021-02-26,14269.81
2021-03-01,14651.7
2021-03-02,14621.9
2021-03-03,14787.97
2021-03-04,14641.53
2021-03-05,14988.52
2021-03-08,15223.47
2021-03-09,14968.91
2021-03-10,15280.33
2021-03-11,15417.29
2021-03-12,15618.4
2021-03-15,15693.5
2021-03-16,15299.71
2021-03-17,15518.86
2021-03-18,15309.95
2021-03-19,15281.16
2021-03-22,15027.91
2021-03-23,14481.68
2021-03-24,14412.7
2021-03-25,14705.46
2021-03-26,14874.95
2021-03-29,14577.26
2021-03-30,14856.6
2021-03-31,14779.56
2021-04-01,15008.99
2021-04-05,15031.22
2021-04-06,15055.54
2021-04-07,15046.44
2021-04-08,14979.32
2021-04-09,15064.29
2021-04-12,15067.57
2021-04-13,14912.84
2021-04-14,15145.27
2021-04-15,15045.52
2021-04-16,15044.4
2021-04-19,14951.39
2021-04-20,14503.33
2021-04-21,14853.29
2021-04-22,14675.84
2021-04-23,15007.15
2021-04-26,15147.16
2021-04-27,15299.5
2021-04-28,15501.05
2021-04-29,15622.51
2021-04-30,15436.85
2021-05-03,15615.32
2021-05-04,15606.02
2021-05-05,15884.35
2021-05-06,15971.01
2021-05-07,16253.5
2021-05-10,16153.81
2021-05-11,15884.23
2021-05-12,15542.42
2021-05-13,15725.8
2021-05-14,16198.33
2021-05-17,16376.77
2021-05-18,16137.07
2021-05-19,15873.47
2021-05-20,15809.21
2021-05-21,15904.05
2021-05-24,16028.16
2021-05-25,15837.89
2021-05-26,16059.03
2021-05-27,16316.92
2021-05-28,16255.16
2021-06-01,16641.5
2021-06-02,16690.31
2021-06-03,16664.47
2021-06-04,16657.78
2021-06-07,16610.03
2021-06-08,16667.44
2021-06-09,16422.38
2021-06-10,16220.24
2021-06-11,16321.1
2021-06-14,16076.85
2021-06-15,16178.51
2021-06-16,16167.46
2021-06-17,15506.03
2021-06-18,15140.74
2021-06-21,15655.06
2021-06-22,15655.73
2021-06-23,15716.42
2021-06-24,15892.77
2021-06-25,16062.23
2021-06-28,15679.86
2021-06-29,15612.58
2021-06-30,15774.93
2021-07-01,15979.17
2021-07-02,15910.49
2021-07-06,15434.63
2021-07-07,15286.91
2021-07-08,15061.07
2021-07-09,15558.44
2021-07-12,15651.81
2021-07-13,15384.69
2021-07-14,15166.18
2021-07-15,15067.19
2021-07-16,14660.11
2021-07-19,14158.81
2021-07-20,14635.8
2021-07-21,15059.46
2021-07-22,14856.56
2021-07-23,14861.96
2021-07-26,15137.08
2021-07-27,15008.99
2021-07-28,15079.18
2021-07-29,15218.53
2021-07-30,15040.47
2021-08-02,14946.12
2021-08-03,15184.06
2021-08-04,14842.16
2021-08-05,15175.32
2021-08-06,15421.91
2021-08-09,15328.48
2021-08-10,15621.99
2021-08-11,15854.76
2021-08-12,15831.48
2021-08-13,15643.62
2021-08-16,15463.46
2021-08-17,15139.24
2021-08-18,15002.13
2021-08-19,14712.4
2021-08-20,14844.93
2021-08-23,15170.51
2021-08-24,15488.32
2021-08-25,15665.38
2021-08-26,15453.99
2021-08-27,15809.68
2021-08-30,15532.51
2021-08-31,15560.18
2021-09-01,15413.56
2021-09-02,15563.07
2021-09-03,15423.57
2021-09-07,15381.72
2021-09-08,15167.35
2021-09-09,15302.89
2021-09-10,15181.44
2021-09-13,15459.94
2021-09-14,15180.81
2021-09-15,15504.1
2021-09-16,15460.1
2021-09-17,15360.37
2021-09-20,14922.55
2021-09-21,14852.66
2021-09-22,15226.95
2021-09-23,15740.76
2021-09-24,15858.76
2021-09-27,16294.6
2021-09-28,16154.9
2021-09-29,16095.83
2021-09-30,15767.81
2021-10-01,16219.24
2021-10-04,16229.88
2021-10-05,16406.9
2021-10-06,16258.36
2021-10-07,16416.31
2021-10-08,16527.54
2021-10-11,16455.36
2021-10-12,16502.39
2021-10-13,16391.34
2021-10-14,16646.07
2021-10-15,16725.22
2021-10-18,16754.76
2021-10-19,16793.54
2021-10-20,16954.21
2021-10-21,16847.32
2021-10-22,16920.78
2021-10-25,16998.32
2021-10-26,16957.07
2021-10-27,16530.56
2021-10-28,16743.39
2021-10-29,16633.75
2021-11-01,16997.45
2021-11-02,16956.66
2021-11-03,17164.84
2021-11-04,16982.41
2021-11-05,17272.46
2021-11-08,17343.79
2021-11-09,17293.51
2021-11-10,17042.76
2021-11-11,17169.94
2021-11-12,17116.17
2021-11-15,17171.28
2021-11-16,17089.68
2021-11-17,16862.3
2021-11-18,16787.18
2021-11-19,16463.1
2021-11-22,16673.12
2021-11-23,16844.62
2021-11-24,16796.89
2021-11-26,16018.07
2021-11-29,16094.88
2021-11-30,15615.86
2021-12-01,15234.51
2021-12-02,15813.27
2021-12-03,15568.13
