Date,S&P 500 Low Rate-Sensitivity Index (USD) TR
2011-11-30,5126.46
2011-12-01,5112.78
2011-12-02,5102.14
2011-12-05,5159.87
2011-12-06,5157.26
2011-12-07,5166.45
2011-12-08,5052.74
2011-12-09,5139.69
2011-12-12,5074.04
2011-12-13,5016.83
2011-12-14,4967.58
2011-12-15,4998.88
2011-12-16,5013.04
2011-12-19,4951.52
2011-12-20,5101
2011-12-21,5127.76
2011-12-22,5168.55
2011-12-23,5209.28
2011-12-27,5216.05
2011-12-28,5149.16
2011-12-29,5206.91
2011-12-30,5181.77
2012-01-03,5234.35
2012-01-04,5228.05
2012-01-05,5248.81
2012-01-06,5238.72
2012-01-09,5252.45
2012-01-10,5309.06
2012-01-11,5315.89
2012-01-12,5334.04
2012-01-13,5308.74
2012-01-17,5325.75
2012-01-18,5385.53
2012-01-19,5413
2012-01-20,5407.64
2012-01-23,5409.61
2012-01-24,5410.74
2012-01-25,5462.87
2012-01-26,5436.96
2012-01-27,5429.58
2012-01-30,5404.43
2012-01-31,5402.88
2012-02-01,5464.62
2012-02-02,5468.66
2012-02-03,5548.22
2012-02-06,5534.86
2012-02-07,5546.11
2012-02-08,5559.21
2012-02-09,5568.74
2012-02-10,5530.43
2012-02-13,5561.04
2012-02-14,5559.83
2012-02-15,5543.1
2012-02-16,5603.84
2012-02-17,5616.69
2012-02-21,5597.35
2012-02-22,5574.51
2012-02-23,5601.64
2012-02-24,5607.36
2012-02-27,5612.51
2012-02-28,5618.17
2012-02-29,5594.23
2012-03-01,5624.73
2012-03-02,5603
2012-03-05,5590.09
2012-03-06,5502.24
2012-03-07,5542.13
2012-03-08,5598.79
2012-03-09,5630.25
2012-03-12,5629.24
2012-03-13,5717.68
2012-03-14,5699.23
2012-03-15,5737.03
2012-03-16,5735.8
2012-03-19,5747.01
2012-03-20,5728.53
2012-03-21,5730.55
2012-03-22,5693.16
2012-03-23,5707.43
2012-03-26,5782.99
2012-03-27,5771.91
2012-03-28,5737.26
2012-03-29,5731.26
2012-03-30,5751.17
2012-04-02,5795.14
2012-04-03,5775.19
2012-04-04,5723.64
2012-04-05,5714.2
2012-04-09,5643.76
2012-04-10,5543.13
2012-04-11,5595.56
2012-04-12,5669.76
2012-04-13,5617.66
2012-04-16,5623.44
2012-04-17,5699.29
2012-04-18,5676.83
2012-04-19,5656.38
2012-04-20,5671.74
2012-04-23,5619.29
2012-04-24,5636.97
2012-04-25,5697.9
2012-04-26,5738.04
2012-04-27,5758.72
2012-04-30,5742.79
2012-05-01,5774.09
2012-05-02,5761.57
2012-05-03,5718.51
2012-05-04,5641.28
2012-05-07,5641.38
2012-05-08,5609.92
2012-05-09,5583.72
2012-05-10,5599.71
2012-05-11,5591.14
2012-05-14,5535.77
2012-05-15,5502.58
2012-05-16,5477.56
2012-05-17,5381.22
2012-05-18,5339.01
2012-05-21,5424.66
2012-05-22,5431.23
2012-05-23,5447.3
2012-05-24,5464.16
2012-05-25,5467.44
2012-05-29,5524.87
2012-05-30,5438.11
2012-05-31,5430.01
2012-06-01,5297.2
2012-06-04,5294.08
2012-06-05,5335.15
2012-06-06,5451.74
2012-06-07,5446.73
2012-06-08,5493.09
2012-06-11,5422.14
2012-06-12,5478.07
2012-06-13,5436.27
2012-06-14,5496.25
2012-06-15,5552.91
2012-06-18,5572.9
2012-06-19,5622.61
2012-06-20,5607.68
2012-06-21,5488.4
2012-06-22,5524.16
2012-06-25,5445.24
2012-06-26,5472.13
2012-06-27,5516.45
2012-06-28,5517.38
2012-06-29,5648.38
2012-07-02,5667.17
2012-07-03,5699.7
2012-07-05,5681.94
2012-07-06,5638.76
2012-07-09,5618.09
2012-07-10,5575.74
2012-07-11,5575.32
2012-07-12,5552.73
2012-07-13,5632.87
2012-07-16,5610.74
2012-07-17,5651.63
2012-07-18,5684.64
2012-07-19,5694.66
2012-07-20,5629.38
2012-07-23,5575.31
2012-07-24,5517.8
2012-07-25,5511.39
2012-07-26,5593.35
2012-07-27,5702.27
2012-07-30,5696.57
2012-07-31,5657.7
2012-08-01,5634.59
2012-08-02,5593.49
2012-08-03,5699.82
2012-08-06,5715.56
2012-08-07,5753.43
2012-08-08,5763.51
2012-08-09,5763.39
2012-08-10,5773.52
2012-08-13,5762.47
2012-08-14,5761.9
2012-08-15,5777.21
2012-08-16,5814.81
2012-08-17,5827.96
2012-08-20,5821.25
2012-08-21,5806.34
2012-08-22,5800.45
2012-08-23,5754.17
2012-08-24,5791.53
2012-08-27,5784.54
2012-08-28,5781.7
2012-08-29,5795.03
2012-08-30,5760.42
2012-08-31,5784.75
2012-09-04,5784.55
2012-09-05,5779.75
2012-09-06,5894.76
2012-09-07,5916.99
2012-09-10,5891.57
2012-09-11,5912.19
2012-09-12,5926.17
2012-09-13,6007.28
2012-09-14,6034.67
2012-09-17,6003.51
2012-09-18,5988.35
2012-09-19,6005.07
2012-09-20,5997.79
2012-09-21,5999.52
2012-09-24,5989.57
2012-09-25,5923.5
2012-09-26,5896.59
2012-09-27,5942.76
2012-09-28,5926.46
2012-10-01,5937.98
2012-10-02,5949.45
2012-10-03,5973.57
2012-10-04,6023.89
2012-10-05,6033.4
2012-10-08,6023.83
2012-10-09,5964.04
2012-10-10,5931.87
2012-10-11,5944.44
2012-10-12,5920.26
2012-10-15,5965.21
2012-10-16,6022.38
2012-10-17,6056.67
2012-10-18,6064.05
2012-10-19,5971.24
2012-10-22,5961.82
2012-10-23,5896.28
2012-10-24,5874.97
2012-10-25,5898.59
2012-10-26,5892.51
2012-10-31,5906.42
2012-11-01,5968.6
2012-11-02,5916.47
2012-11-05,5924.49
2012-11-06,5975.88
2012-11-07,5860.88
2012-11-08,5791.73
2012-11-09,5795.04
2012-11-12,5797.88
2012-11-13,5786.63
2012-11-14,5713.6
2012-11-15,5710.98
2012-11-16,5746.26
2012-11-19,5835.74
2012-11-20,5840.58
2012-11-21,5851.46
2012-11-23,5916.65
2012-11-26,5903.06
2012-11-27,5884.79
2012-11-28,5930.97
2012-11-29,5953.02
2012-11-30,5961.07
2012-12-03,5932.13
2012-12-04,5929.22
2012-12-05,5951.18
2012-12-06,5968.01
2012-12-07,5988.82
2012-12-10,5996.65
2012-12-11,6025.2
2012-12-12,6028.24
2012-12-13,5998.2
2012-12-14,5982.77
2012-12-17,6051.37
2012-12-18,6117.87
2012-12-19,6078.65
2012-12-20,6109.16
2012-12-21,6055.08
2012-12-24,6044.4
2012-12-26,6004.38
2012-12-27,6001.06
2012-12-28,5942.68
2012-12-31,6038.64
2013-01-02,6174.97
2013-01-03,6175.23
2013-01-04,6218.46
2013-01-07,6193.31
2013-01-08,6171.08
2013-01-09,6194.2
2013-01-10,6233.37
2013-01-11,6232.82
2013-01-14,6240.1
2013-01-15,6262.3
2013-01-16,6249.19
2013-01-17,6297.57
2013-01-18,6323.65
2013-01-22,6364.69
2013-01-23,6355.79
2013-01-24,6391.12
2013-01-25,6430.84
2013-01-28,6414.55
2013-01-29,6443.89
2013-01-30,6423.52
2013-01-31,6420.56
2013-02-01,6472.82
2013-02-04,6411.53
2013-02-05,6467.63
2013-02-06,6485.52
2013-02-07,6479.17
2013-02-08,6510.36
2013-02-11,6506.54
2013-02-12,6525.73
2013-02-13,6528.65
2013-02-14,6529.68
2013-02-15,6533.03
2013-02-19,6576.86
2013-02-20,6493.24
2013-02-21,6458.32
2013-02-22,6517.07
2013-02-25,6403.11
2013-02-26,6439.78
2013-02-27,6527.62
2013-02-28,6530.76
2013-03-01,6551.72
2013-03-04,6586.26
2013-03-05,6644.93
2013-03-06,6648.89
2013-03-07,6654.52
2013-03-08,6693.45
2013-03-11,6713.9
2013-03-12,6708.71
2013-03-13,6736.87
2013-03-14,6770.94
2013-03-15,6761.1
2013-03-18,6727.99
2013-03-19,6714.03
2013-03-20,6770.58
2013-03-21,6721.25
2013-03-22,6760.41
2013-03-25,6744.24
2013-03-26,6799.58
2013-03-27,6800.37
2013-03-28,6849.5
2013-04-01,6810.57
2013-04-02,6832.68
2013-04-03,6759.23
2013-04-04,6802.92
2013-04-05,6780.5
2013-04-08,6832.93
2013-04-09,6844.4
2013-04-10,6926.15
2013-04-11,6961.99
2013-04-12,6949.61
2013-04-15,6779.59
2013-04-16,6878.03
2013-04-17,6791.62
2013-04-18,6756.55
2013-04-19,6833.03
2013-04-22,6852.6
2013-04-23,6920.76
2013-04-24,6929.34
2013-04-25,6964.43
2013-04-26,6939.77
2013-04-29,6984.27
2013-04-30,7001.81
2013-05-01,6936.86
2013-05-02,6996.29
2013-05-03,7071.83
2013-05-06,7072.13
2013-05-07,7115.28
2013-05-08,7140.28
2013-05-09,7109.38
2013-05-10,7155.76
2013-05-13,7145.96
2013-05-14,7233.75
2013-05-15,7283.14
2013-05-16,7235.18
2013-05-17,7310.66
2013-05-20,7299.74
2013-05-21,7311.86
2013-05-22,7230.65
2013-05-23,7216.58
2013-05-24,7199.09
2013-05-28,7233.04
2013-05-29,7165.59
2013-05-30,7195.46
2013-05-31,7098.83
2013-06-03,7121.98
2013-06-04,7083.35
2013-06-05,6990.76
2013-06-06,7057.97
2013-06-07,7148.09
2013-06-10,7145.75
2013-06-11,7076.7
2013-06-12,7017.67
2013-06-13,7133.63
2013-06-14,7104.4
2013-06-17,7154.05
2013-06-18,7207.18
2013-06-19,7097.93
2013-06-20,6916.91
2013-06-21,6945.99
2013-06-24,6874
2013-06-25,6944.46
2013-06-26,7011.4
2013-06-27,7071.51
2013-06-28,7053.83
2013-07-01,7094.6
2013-07-02,7079.92
2013-07-03,7075.61
2013-07-05,7142.2
2013-07-08,7185.11
2013-07-09,7240.24
2013-07-10,7257.63
2013-07-11,7359.09
2013-07-12,7378.62
2013-07-15,7391.15
2013-07-16,7355.54
2013-07-17,7370.65
2013-07-18,7419.03
2013-07-19,7438.34
2013-07-22,7451.83
2013-07-23,7438.17
2013-07-24,7384.12
2013-07-25,7418.66
2013-07-26,7426.96
2013-07-29,7402.52
2013-07-30,7414.39
2013-07-31,7421.08
2013-08-01,7523.18
2013-08-02,7533.32
2013-08-05,7521.35
2013-08-06,7479.37
2013-08-07,7449.13
2013-08-08,7487.48
2013-08-09,7474.96
2013-08-12,7461.88
2013-08-13,7467.05
2013-08-14,7426.93
2013-08-15,7318.45
2013-08-16,7286.06
2013-08-19,7240.45
2013-08-20,7295.45
2013-08-21,7245.79
2013-08-22,7312.4
2013-08-23,7337.61
2013-08-26,7308.05
2013-08-27,7198.87
2013-08-28,7205.24
2013-08-29,7225.53
2013-08-30,7200.43
2013-09-03,7219.22
2013-09-04,7277.6
2013-09-05,7284.56
2013-09-06,7291.41
2013-09-09,7370.39
2013-09-10,7422.94
2013-09-11,7448.93
2013-09-12,7420.5
2013-09-13,7446.69
2013-09-16,7499.38
2013-09-17,7534.52
2013-09-18,7641.66
2013-09-19,7626.85
2013-09-20,7558.7
2013-09-23,7530.77
2013-09-24,7526.39
2013-09-25,7500.02
2013-09-26,7525.57
2013-09-27,7493.61
2013-09-30,7461.45
2013-10-01,7520.5
2013-10-02,7515.86
2013-10-03,7443.3
2013-10-04,7498.09
2013-10-07,7434.02
2013-10-08,7351.37
2013-10-09,7356.46
2013-10-10,7512.53
2013-10-11,7559.72
2013-10-14,7578.14
2013-10-15,7513.08
2013-10-16,7615.89
2013-10-17,7689.9
2013-10-18,7722.39
2013-10-21,7718.27
2013-10-22,7780.78
2013-10-23,7747.09
2013-10-24,7763.36
2013-10-25,7808.27
2013-10-28,7813.87
2013-10-29,7856.5
2013-10-30,7806.26
2013-10-31,7783.54
2013-11-01,7804.62
2013-11-04,7842.04
2013-11-05,7814.87
2013-11-06,7846.11
2013-11-07,7736.2
2013-11-08,7815.34
2013-11-11,7824.87
2013-11-12,7806.26
2013-11-13,7873.77
2013-11-14,7922.52
2013-11-15,7956.34
2013-11-18,7919.06
2013-11-19,7892.65
2013-11-20,7858.2
2013-11-21,7916.25
2013-11-22,7951.55
2013-11-25,7937.19
2013-11-26,7935.06
2013-11-27,7952.54
2013-11-29,7936.93
2013-12-02,7916.59
2013-12-03,7894.12
2013-12-04,7884.28
2013-12-05,7850.74
2013-12-06,7946.02
2013-12-09,7952.49
2013-12-10,7924.97
2013-12-11,7831.69
2013-12-12,7809.15
2013-12-13,7814.05
2013-12-16,7860.51
2013-12-17,7845.32
2013-12-18,7969.07
2013-12-19,7954.78
2013-12-20,8006.3
2013-12-23,8039.91
2013-12-24,8068.66
2013-12-26,8094.39
2013-12-27,8095.8
2013-12-30,8110.15
2013-12-31,8129.15
2014-01-02,8049.82
2014-01-03,8052.35
2014-01-06,8021.21
2014-01-07,8072.91
2014-01-08,8077.36
2014-01-09,8093.83
2014-01-10,8135.47
2014-01-13,8031.72
2014-01-14,8109.72
2014-01-15,8128.94
2014-01-16,8125.08
2014-01-17,8098
2014-01-21,8124.57
2014-01-22,8138.42
2014-01-23,8065.72
2014-01-24,7900.69
2014-01-27,7871.88
2014-01-28,7939.88
2014-01-29,7862.98
2014-01-30,7957.45
2014-01-31,7916.58
2014-02-03,7735.32
2014-02-04,7794.72
2014-02-05,7777.74
2014-02-06,7883.7
2014-02-07,7978.82
2014-02-10,8003.73
2014-02-11,8082.9
2014-02-12,8084.25
2014-02-13,8141.13
2014-02-14,8178.86
2014-02-18,8206.25
2014-02-19,8171.26
2014-02-20,8229.72
2014-02-21,8233.22
2014-02-24,8275.8
2014-02-25,8274.97
2014-02-26,8284.89
2014-02-27,8316.86
2014-02-28,8345.59
2014-03-03,8292.29
2014-03-04,8412.8
2014-03-05,8401.2
2014-03-06,8405.43
2014-03-07,8411.08
2014-03-10,8400.95
2014-03-11,8367.74
2014-03-12,8381.2
2014-03-13,8299.81
2014-03-14,8303.03
2014-03-17,8366.34
2014-03-18,8413.36
2014-03-19,8352.05
2014-03-20,8384.83
2014-03-21,8366.04
2014-03-24,8314.41
2014-03-25,8334.83
2014-03-26,8284.57
2014-03-27,8277.24
2014-03-28,8318.44
2014-03-31,8395.47
2014-04-01,8448.26
2014-04-02,8474.16
2014-04-03,8464.24
2014-04-04,8379.92
2014-04-07,8292.19
2014-04-08,8334.3
2014-04-09,8410.02
2014-04-10,8247.3
2014-04-11,8165.7
2014-04-14,8230.07
2014-04-15,8281.16
2014-04-16,8366.17
2014-04-17,8364.98
2014-04-21,8388.96
2014-04-22,8426.4
2014-04-23,8415.08
2014-04-24,8423.18
2014-04-25,8370.16
2014-04-28,8390.79
2014-04-29,8419.7
2014-04-30,8461.27
2014-05-01,8468.23
2014-05-02,8449.43
2014-05-05,8469.44
2014-05-06,8401.64
2014-05-07,8451.13
2014-05-08,8435.24
2014-05-09,8446.21
2014-05-12,8519.46
2014-05-13,8516.73
2014-05-14,8486.71
2014-05-15,8417.58
2014-05-16,8456.06
2014-05-19,8470.05
2014-05-20,8409.42
2014-05-21,8458.38
2014-05-22,8486.73
2014-05-23,8520.34
2014-05-27,8565.88
2014-05-28,8560.75
2014-05-29,8605.08
2014-05-30,8629.92
2014-06-02,8637.9
2014-06-03,8636.35
2014-06-04,8661.53
2014-06-05,8714.85
2014-06-06,8749.53
2014-06-09,8750.97
2014-06-10,8732.34
2014-06-11,8696.94
2014-06-12,8650.94
2014-06-13,8676.56
2014-06-16,8693.57
2014-06-17,8715.03
2014-06-18,8793.4
2014-06-19,8815.32
2014-06-20,8833.28
2014-06-23,8824.04
2014-06-24,8791.83
2014-06-25,8820.14
2014-06-26,8820.72
2014-06-27,8836.69
2014-06-30,8846.26
2014-07-01,8889.5
2014-07-02,8873.25
2014-07-03,8910.79
2014-07-07,8873
2014-07-08,8831.55
2014-07-09,8866.34
2014-07-10,8839.88
2014-07-11,8842.24
2014-07-14,8861.67
2014-07-15,8836.18
2014-07-16,8855.66
2014-07-17,8757.86
2014-07-18,8851.09
2014-07-21,8823.22
2014-07-22,8857.36
2014-07-23,8864.61
2014-07-24,8883.6
2014-07-25,8841.29
2014-07-28,8864.83
2014-07-29,8827.6
2014-07-30,8816.35
2014-07-31,8656.53
2014-08-01,8654.78
2014-08-04,8698.65
2014-08-05,8630.47
2014-08-06,8624.64
2014-08-07,8588.72
2014-08-08,8701.64
2014-08-11,8724.62
2014-08-12,8711.72
2014-08-13,8762.2
2014-08-14,8813.38
2014-08-15,8822.1
2014-08-18,8889.2
2014-08-19,8939.28
2014-08-20,8963.43
2014-08-21,8978.73
2014-08-22,8962.57
2014-08-25,9000.21
2014-08-26,8996.31
2014-08-27,9004.45
2014-08-28,9006.97
2014-08-29,9038.06
2014-09-02,9031.88
2014-09-03,9039.67
2014-09-04,9029.61
2014-09-05,9080.63
2014-09-08,9050.62
2014-09-09,8984.05
2014-09-10,8997.23
2014-09-11,9016.07
2014-09-12,8937.37
2014-09-15,8930.74
2014-09-16,8996.99
2014-09-17,8997.29
2014-09-18,9022.41
2014-09-19,9021
2014-09-22,8954.37
2014-09-23,8898.55
2014-09-24,8967.63
2014-09-25,8851.23
2014-09-26,8913.99
2014-09-29,8910.35
2014-09-30,8886.81
2014-10-01,8795.4
2014-10-02,8804.87
2014-10-03,8899.52
2014-10-06,8883.52
2014-10-07,8768.81
2014-10-08,8924.13
2014-10-09,8757.61
2014-10-10,8692.3
2014-10-13,8567.42
2014-10-14,8617
2014-10-15,8559.99
2014-10-16,8565.53
2014-10-17,8656.28
2014-10-20,8754.87
2014-10-21,8914.71
2014-10-22,8860.84
2014-10-23,8952.06
2014-10-24,9017.61
2014-10-27,9009.88
2014-10-28,9103.96
2014-10-29,9076.62
2014-10-30,9155.92
2014-10-31,9242.15
2014-11-03,9252.79
2014-11-04,9220.38
2014-11-05,9287.56
2014-11-06,9310.41
2014-11-07,9326.7
2014-11-10,9359.1
2014-11-11,9358.18
2014-11-12,9346.51
2014-11-13,9337.04
2014-11-14,9324.07
2014-11-17,9353.02
2014-11-18,9406.59
2014-11-19,9396.6
2014-11-20,9413.58
2014-11-21,9461.29
2014-11-24,9482.67
2014-11-25,9477.11
2014-11-26,9503.65
2014-11-28,9517.49
2014-12-01,9457.41
2014-12-02,9509.4
2014-12-03,9542.97
2014-12-04,9528.51
2014-12-05,9531.21
2014-12-08,9487.56
2014-12-09,9500.33
2014-12-10,9356.62
2014-12-11,9413.73
2014-12-12,9279.83
2014-12-15,9229.26
2014-12-16,9171.66
2014-12-17,9352.37
2014-12-18,9548.96
2014-12-19,9579.95
2014-12-22,9617.79
2014-12-23,9636.72
2014-12-24,9653.7
2014-12-26,9689.75
2014-12-29,9719.68
2014-12-30,9660.23
2014-12-31,9558.34
2015-01-02,9568.76
2015-01-05,9423.59
2015-01-06,9359.76
2015-01-07,9485.79
2015-01-08,9630.26
2015-01-09,9554.13
2015-01-12,9494.78
2015-01-13,9477.15
2015-01-14,9451.26
2015-01-15,9398.23
2015-01-16,9518.58
2015-01-20,9524.84
2015-01-21,9579.08
2015-01-22,9698.45
2015-01-23,9658.92
2015-01-26,9693.64
2015-01-27,9627.5
2015-01-28,9507.19
2015-01-29,9590.78
2015-01-30,9457.83
2015-02-02,9557.98
2015-02-03,9689.07
2015-02-04,9643.58
2015-02-05,9746.44
2015-02-06,9663.62
2015-02-09,9617.85
2015-02-10,9723.82
2015-02-11,9700.18
2015-02-12,9785.58
2015-02-13,9803.07
2015-02-17,9814.66
2015-02-18,9848.13
2015-02-19,9828.6
2015-02-20,9885.31
2015-02-23,9892.11
2015-02-24,9900.01
2015-02-25,9895.16
2015-02-26,9864.2
2015-02-27,9855.25
2015-03-02,9892.94
2015-03-03,9859.17
2015-03-04,9809.73
2015-03-05,9841.53
2015-03-06,9675.22
2015-03-09,9710.17
2015-03-10,9580.74
2015-03-11,9565.54
2015-03-12,9699.12
2015-03-13,9637.05
2015-03-16,9770.68
2015-03-17,9738.17
2015-03-18,9872.33
2015-03-19,9830.81
2015-03-20,9929.18
2015-03-23,9915.44
2015-03-24,9856.81
2015-03-25,9726
2015-03-26,9697.03
2015-03-27,9748.17
2015-03-30,9859.38
2015-03-31,9790.25
2015-04-01,9761.27
2015-04-02,9806.75
2015-04-06,9878.22
2015-04-07,9836.47
2015-04-08,9875.07
2015-04-09,9891.31
2015-04-10,9927.01
2015-04-13,9876.97
2015-04-14,9894.93
2015-04-15,9931.08
2015-04-16,9917.22
2015-04-17,9814.94
2015-04-20,9896.48
2015-04-21,9887.67
2015-04-22,9916.61
2015-04-23,9949.14
2015-04-24,9955.95
2015-04-27,9889.07
2015-04-28,9907.6
2015-04-29,9844.05
2015-04-30,9751.49
2015-05-01,9856.34
2015-05-04,9886.76
2015-05-05,9749.97
2015-05-06,9717.69
2015-05-07,9763.35
2015-05-08,9872.34
2015-05-11,9828.65
2015-05-12,9804.49
2015-05-13,9782.35
2015-05-14,9883.84
2015-05-15,9923
2015-05-18,9953.59
2015-05-19,9944.1
2015-05-20,9940.78
2015-05-21,9954.29
2015-05-22,9938.34
2015-05-26,9837.97
2015-05-27,9917.99
2015-05-28,9906.79
2015-05-29,9851.83
2015-06-01,9873.66
2015-06-02,9842.67
2015-06-03,9835.01
2015-06-04,9762.97
2015-06-05,9730.09
2015-06-08,9675.89
2015-06-09,9664.96
2015-06-10,9758.7
2015-06-11,9788.44
2015-06-12,9728.19
2015-06-15,9683.06
2015-06-16,9744.1
2015-06-17,9786.17
2015-06-18,9891.94
2015-06-19,9849.14
2015-06-22,9884.47
2015-06-23,9864.91
2015-06-24,9792.77
2015-06-25,9761.82
2015-06-26,9784.22
2015-06-29,9592.95
2015-06-30,9614.32
2015-07-01,9692.57
2015-07-02,9703.24
2015-07-06,9678.35
2015-07-07,9777.46
2015-07-08,9635.97
2015-07-09,9642.34
2015-07-10,9745.06
2015-07-13,9832.39
2015-07-14,9859.59
2015-07-15,9838.23
2015-07-16,9913.86
2015-07-17,9874.97
2015-07-20,9860.86
2015-07-21,9814.3
2015-07-22,9825.68
2015-07-23,9771.78
2015-07-24,9689.98
2015-07-27,9661.07
2015-07-28,9772.13
2015-07-29,9841.2
2015-07-30,9846.84
2015-07-31,9869.51
2015-08-03,9853.42
2015-08-04,9829.64
2015-08-05,9865.41
2015-08-06,9804.04
2015-08-07,9801.17
2015-08-10,9899.19
2015-08-11,9846.19
2015-08-12,9883.86
2015-08-13,9874.54
2015-08-14,9921.12
2015-08-17,9976.91
2015-08-18,9956.1
2015-08-19,9901.54
2015-08-20,9729.95
2015-08-21,9481.36
2015-08-24,9125.03
2015-08-25,8976.12
2015-08-26,9254.94
2015-08-27,9455.31
2015-08-28,9464.18
2015-08-31,9371.77
2015-09-01,9125.07
2015-09-02,9256.02
2015-09-03,9289.42
2015-09-04,9152.99
2015-09-08,9376.27
2015-09-09,9251.16
2015-09-10,9279.22
2015-09-11,9333.61
2015-09-14,9302.02
2015-09-15,9401.32
2015-09-16,9499.85
2015-09-17,9517.71
2015-09-18,9389.96
2015-09-21,9421.2
2015-09-22,9296.91
2015-09-23,9282.22
2015-09-24,9259.55
2015-09-25,9268.33
2015-09-28,9046.67
2015-09-29,9063.15
2015-09-30,9223.12
2015-10-01,9221.51
2015-10-02,9361.27
2015-10-05,9520.25
2015-10-06,9463.33
2015-10-07,9540.81
2015-10-08,9642.06
2015-10-09,9643.11
2015-10-12,9663.87
2015-10-13,9591.61
2015-10-14,9550.12
2015-10-15,9670.34
2015-10-16,9708.02
2015-10-19,9718.84
2015-10-20,9718.95
2015-10-21,9668.56
2015-10-22,9806.9
2015-10-23,9816.08
2015-10-26,9801.66
2015-10-27,9772.51
2015-10-28,9844.76
2015-10-29,9840.64
2015-10-30,9825.88
2015-11-02,9931.35
2015-11-03,9936.01
2015-11-04,9902.19
2015-11-05,9890.34
2015-11-06,9816.62
2015-11-09,9731.41
2015-11-10,9770.79
2015-11-11,9742.33
2015-11-12,9607.41
2015-11-13,9509.55
2015-11-16,9647.99
2015-11-17,9626.3
2015-11-18,9769.32
2015-11-19,9775.99
2015-11-20,9815.93
2015-11-23,9818.09
2015-11-24,9824.79
2015-11-25,9838.2
2015-11-27,9848.6
2015-11-30,9806.27
2015-12-01,9902.76
2015-12-02,9781.9
2015-12-03,9650.54
2015-12-04,9827.91
2015-12-07,9790.74
2015-12-08,9742.19
2015-12-09,9674.35
2015-12-10,9670.16
2015-12-11,9521.31
2015-12-14,9544.75
2015-12-15,9637.95
2015-12-16,9791.45
2015-12-17,9658.68
2015-12-18,9514.15
2015-12-21,9583.92
2015-12-22,9673.82
2015-12-23,9800.01
2015-12-24,9791.25
2015-12-28,9777.96
2015-12-29,9871.3
2015-12-30,9805.2
2015-12-31,9721.7
2016-01-04,9597.67
2016-01-05,9644.91
2016-01-06,9530.98
2016-01-07,9352.69
2016-01-08,9253.73
2016-01-11,9248.85
2016-01-12,9292.05
2016-01-13,9090.81
2016-01-14,9204.05
2016-01-15,9057.89
2016-01-19,9064.64
2016-01-20,8963.4
2016-01-21,9025.92
2016-01-22,9206.27
2016-01-25,9065.43
2016-01-26,9206.86
2016-01-27,9131.72
2016-01-28,9148.48
2016-01-29,9373.61
2016-02-01,9400.45
2016-02-02,9242.93
2016-02-03,9321.14
2016-02-04,9333.66
2016-02-05,9182.92
2016-02-08,9016.23
2016-02-09,8993.6
2016-02-10,9013.74
2016-02-11,8904.4
2016-02-12,9063.12
2016-02-16,9226.95
2016-02-17,9371.95
2016-02-18,9366.39
2016-02-19,9353.09
2016-02-22,9493.58
2016-02-23,9413.15
2016-02-24,9468.4
2016-02-25,9576.66
2016-02-26,9547.61
2016-02-29,9496.23
2016-03-01,9674.1
2016-03-02,9723.88
2016-03-03,9786.6
2016-03-04,9825.25
2016-03-07,9857.18
2016-03-08,9743.71
2016-03-09,9790.96
2016-03-10,9806.13
2016-03-11,9966.57
2016-03-14,9952.54
2016-03-15,9911.31
2016-03-16,9995.92
2016-03-17,10070.62
2016-03-18,10102.44
2016-03-21,10095.92
2016-03-22,10085.51
2016-03-23,10021.97
2016-03-24,10014.36
2016-03-28,10033.64
2016-03-29,10144.97
2016-03-30,10170.32
2016-03-31,10173.83
2016-04-01,10220.47
2016-04-04,10175.83
2016-04-05,10067.69
2016-04-06,10158.86
2016-04-07,10053.73
2016-04-08,10091.11
2016-04-11,10062.26
2016-04-12,10154.81
2016-04-13,10225.92
2016-04-14,10205.12
2016-04-15,10226.21
2016-04-18,10290.04
2016-04-19,10319.57
2016-04-20,10277.32
2016-04-21,10183.99
2016-04-22,10232.42
2016-04-25,10215.33
2016-04-26,10254.46
2016-04-27,10304.29
2016-04-28,10218.46
2016-04-29,10166.92
2016-05-02,10248.15
2016-05-03,10177.84
2016-05-04,10155.72
2016-05-05,10153.42
2016-05-06,10179.5
2016-05-09,10209.98
2016-05-10,10306.78
2016-05-11,10193.31
2016-05-12,10201.93
2016-05-13,10121.64
2016-05-16,10209.53
2016-05-17,10106.37
2016-05-18,10043.89
2016-05-19,10029.36
2016-05-20,10085.91
2016-05-23,10063.11
2016-05-24,10190.12
2016-05-25,10238.37
2016-05-26,10256.05
2016-05-27,10303.49
2016-05-31,10314.76
2016-06-01,10338.87
2016-06-02,10381.81
2016-06-03,10384.02
2016-06-06,10419.01
2016-06-07,10439.66
2016-06-08,10479.78
2016-06-09,10485.54
2016-06-10,10383.7
2016-06-13,10312.33
2016-06-14,10299.35
2016-06-15,10293.68
2016-06-16,10320.86
2016-06-17,10317
2016-06-20,10371.54
2016-06-21,10394.75
2016-06-22,10378.35
2016-06-23,10494.54
2016-06-24,10190.95
2016-06-27,10039.34
2016-06-28,10203.17
2016-06-29,10367.56
2016-06-30,10534.93
2016-07-01,10560.17
2016-07-05,10505.59
2016-07-06,10555.41
2016-07-07,10525.18
2016-07-08,10690.7
2016-07-11,10721.29
2016-07-12,10778.48
2016-07-13,10790.76
2016-07-14,10811.97
2016-07-15,10805.5
2016-07-18,10821.69
2016-07-19,10806.16
2016-07-20,10835.5
2016-07-21,10805.24
2016-07-22,10878.58
2016-07-25,10865.27
2016-07-26,10871.53
2016-07-27,10808.07
2016-07-28,10845.62
2016-07-29,10871.22
2016-08-01,10852.62
2016-08-02,10752.74
2016-08-03,10775.57
2016-08-04,10771.63
2016-08-05,10825.5
2016-08-08,10815.73
2016-08-09,10807.76
2016-08-10,10796.61
2016-08-11,10851.66
2016-08-12,10853.31
2016-08-15,10873.45
2016-08-16,10789.78
2016-08-17,10820.69
2016-08-18,10871.2
2016-08-19,10853.52
2016-08-22,10856.9
2016-08-23,10875.91
2016-08-24,10807.79
2016-08-25,10793.82
2016-08-26,10734.74
2016-08-29,10801.34
2016-08-30,10759.8
2016-08-31,10733.67
2016-09-01,10725.87
2016-09-02,10786.5
2016-09-06,10829.96
2016-09-07,10846.88
2016-09-08,10816.89
2016-09-09,10500.5
2016-09-12,10663.82
2016-09-13,10487.71
2016-09-14,10479.38
2016-09-15,10576.23
2016-09-16,10547.79
2016-09-19,10576.86
2016-09-20,10563.45
2016-09-21,10703.74
2016-09-22,10791.06
2016-09-23,10750.11
2016-09-26,10680.88
2016-09-27,10706.47
2016-09-28,10753.9
2016-09-29,10643.46
2016-09-30,10705.7
2016-10-03,10644.91
2016-10-04,10547.86
2016-10-05,10565.48
2016-10-06,10569.83
2016-10-07,10529.62
2016-10-10,10582.86
2016-10-11,10434.84
2016-10-12,10469.02
2016-10-13,10464.05
2016-10-14,10444.06
2016-10-17,10419.6
2016-10-18,10483.76
2016-10-19,10512.45
2016-10-20,10495.55
2016-10-21,10481.19
2016-10-24,10513.79
2016-10-25,10463.31
2016-10-26,10435.17
2016-10-27,10356.53
2016-10-28,10369.56
2016-10-31,10414.04
2016-11-01,10310.58
2016-11-02,10234.13
2016-11-03,10192.63
2016-11-04,10197.17
2016-11-07,10403.34
2016-11-08,10454.27
2016-11-09,10484.61
2016-11-10,10485.16
2016-11-11,10475.92
2016-11-14,10551.1
2016-11-15,10622.85
2016-11-16,10587.21
2016-11-17,10619.87
2016-11-18,10586.44
2016-11-21,10662.46
2016-11-22,10708.12
2016-11-23,10709.53
2016-11-25,10763.51
2016-11-28,10741.53
2016-11-29,10757.8
2016-11-30,10667.55
2016-12-01,10602.4
2016-12-02,10634.02
2016-12-05,10695.45
2016-12-06,10731.77
2016-12-07,10882.19
2016-12-08,10916.26
2016-12-09,10958.48
2016-12-12,10939.42
2016-12-13,10989.47
2016-12-14,10861.85
2016-12-15,10898.51
2016-12-16,10909.92
2016-12-19,10934.23
2016-12-20,10962.96
2016-12-21,10929.64
2016-12-22,10895.03
2016-12-23,10917.41
2016-12-27,10944.2
2016-12-28,10841.28
2016-12-29,10875.02
2016-12-30,10839.06
2017-01-03,10909.39
2017-01-04,11010.85
2017-01-05,10989.89
2017-01-06,11011.06
2017-01-09,10943.82
2017-01-10,10950.06
2017-01-11,10974.88
2017-01-12,10966.16
2017-01-13,10979.18
2017-01-17,10989.3
2017-01-18,11008.41
2017-01-19,10948.61
2017-01-20,10990.24
2017-01-23,10963.83
2017-01-24,11035.59
2017-01-25,11086.98
2017-01-26,11063.37
2017-01-27,11032.51
2017-01-30,10980.61
2017-01-31,11016.24
2017-02-01,10968.68
2017-02-02,11019.41
2017-02-03,11081.7
2017-02-06,11055.63
2017-02-07,11051.06
2017-02-08,11097.21
2017-02-09,11156.61
2017-02-10,11212.06
2017-02-13,11248.77
2017-02-14,11259.18
2017-02-15,11304.97
2017-02-16,11300.28
2017-02-17,11335.75
2017-02-21,11420.09
2017-02-22,11398.33
2017-02-23,11402.42
2017-02-24,11455.06
2017-02-27,11459.39
2017-02-28,11424.62
2017-03-01,11510.35
2017-03-02,11468.32
2017-03-03,11454.97
2017-03-06,11399.83
2017-03-07,11353
2017-03-08,11311.51
2017-03-09,11291.89
2017-03-10,11335.49
2017-03-13,11348.78
2017-03-14,11305.91
2017-03-15,11444.49
2017-03-16,11403.64
2017-03-17,11414.35
2017-03-20,11383.79
2017-03-21,11289.75
2017-03-22,11313.28
2017-03-23,11316.22
2017-03-24,11322.45
2017-03-27,11309.56
2017-03-28,11373.68
2017-03-29,11399.04
2017-03-30,11402.06
2017-03-31,11398.36
2017-04-03,11367.19
2017-04-04,11351.75
2017-04-05,11339.32
2017-04-06,11383.57
2017-04-07,11375.67
2017-04-10,11406.29
2017-04-11,11414.47
2017-04-12,11380.39
2017-04-13,11318.78
2017-04-17,11412.18
2017-04-18,11399
2017-04-19,11397.02
2017-04-20,11461.06
2017-04-21,11430.46
2017-04-24,11516.22
2017-04-25,11565.12
2017-04-26,11552
2017-04-27,11556.23
2017-04-28,11509.77
2017-05-01,11495.74
2017-05-02,11519.71
2017-05-03,11466.63
2017-05-04,11489.85
2017-05-05,11559.21
2017-05-08,11530.77
2017-05-09,11519.67
2017-05-10,11556.81
2017-05-11,11516.9
2017-05-12,11476.52
2017-05-15,11536.73
2017-05-16,11486.1
2017-05-17,11366.83
2017-05-18,11399.72
2017-05-19,11474.29
2017-05-22,11541.5
2017-05-23,11539.57
2017-05-24,11578.31
2017-05-25,11634.75
2017-05-26,11631.29
2017-05-30,11612.53
2017-05-31,11632.74
2017-06-01,11750.04
2017-06-02,11783.97
2017-06-05,11748.74
2017-06-06,11704.11
2017-06-07,11725.49
2017-06-08,11703.85
2017-06-09,11729.64
2017-06-12,11748.91
2017-06-13,11806.1
2017-06-14,11810.37
2017-06-15,11804.6
2017-06-16,11785.28
2017-06-19,11848.37
2017-06-20,11773.09
2017-06-21,11754.28
2017-06-22,11758.87
2017-06-23,11785.76
2017-06-26,11821.56
2017-06-27,11723.48
2017-06-28,11785.41
2017-06-29,11682.91
2017-06-30,11710.07
2017-07-03,11743.92
2017-07-05,11714.06
2017-07-06,11584.13
2017-07-07,11653.58
2017-07-10,11626.77
2017-07-11,11610.98
2017-07-12,11707.43
2017-07-13,11726.84
2017-07-14,11794.84
2017-07-17,11814.04
2017-07-18,11794.52
2017-07-19,11865.97
2017-07-20,11872.62
2017-07-21,11894.57
2017-07-24,11857.93
2017-07-25,11889.95
2017-07-26,11896.7
2017-07-27,11903.01
2017-07-28,11885.54
2017-07-31,11881.57
2017-08-01,11897.44
2017-08-02,11871.35
2017-08-03,11853.3
2017-08-04,11858.53
2017-08-07,11882.45
2017-08-08,11854.71
2017-08-09,11841.92
2017-08-10,11705.69
2017-08-11,11704.33
2017-08-14,11813.8
2017-08-15,11781.09
2017-08-16,11821.81
2017-08-17,11670.61
2017-08-18,11636.75
2017-08-21,11667.19
2017-08-22,11750.69
2017-08-23,11729.66
2017-08-24,11696.95
2017-08-25,11737.54
2017-08-28,11724.71
2017-08-29,11717.79
2017-08-30,11762.2
2017-08-31,11818.96
2017-09-01,11849.56
2017-09-05,11798.91
2017-09-06,11827.24
2017-09-07,11849.78
2017-09-08,11861.32
2017-09-11,11968.42
2017-09-12,11969.64
2017-09-13,11957.03
2017-09-14,11971.61
2017-09-15,11992.83
2017-09-18,11973.31
2017-09-19,11934.77
2017-09-20,11920.56
2017-09-21,11883.77
2017-09-22,11890.44
2017-09-25,11919.45
2017-09-26,11924.35
2017-09-27,11917.29
2017-09-28,11937.98
2017-09-29,11969.66
2017-10-02,12004.08
2017-10-03,12014.97
2017-10-04,12061.5
2017-10-05,12099.86
2017-10-06,12075.19
2017-10-09,12036.91
2017-10-10,12081.12
2017-10-11,12097.23
2017-10-12,12117.9
2017-10-13,12121.1
2017-10-16,12108.25
2017-10-17,12120.62
2017-10-18,12118.17
2017-10-19,12136.52
2017-10-20,12197.91
2017-10-23,12161.8
2017-10-24,12156.04
2017-10-25,12080.82
2017-10-26,12085.77
2017-10-27,12103.64
2017-10-30,12057.1
2017-10-31,12075.75
2017-11-01,12066.51
2017-11-02,12066.97
2017-11-03,12083.07
2017-11-06,12106.83
2017-11-07,12138.58
2017-11-08,12175.98
2017-11-09,12159.12
2017-11-10,12165.81
2017-11-13,12206.41
2017-11-14,12223.48
2017-11-15,12146.55
2017-11-16,12248.79
2017-11-17,12248.03
2017-11-20,12251.17
2017-11-21,12293.96
2017-11-22,12289.12
2017-11-24,12304.33
2017-11-27,12302.59
2017-11-28,12407.96
2017-11-29,12460.95
2017-11-30,12547.95
2017-12-01,12516.04
2017-12-04,12525.12
2017-12-05,12443.42
2017-12-06,12438.47
2017-12-07,12476.24
2017-12-08,12549.37
2017-12-11,12565.61
2017-12-12,12547.41
2017-12-13,12551.11
2017-12-14,12490.98
2017-12-15,12601.58
2017-12-18,12660.75
2017-12-19,12588.87
2017-12-20,12560.2
2017-12-21,12552.22
2017-12-22,12572.1
2017-12-26,12586.62
2017-12-27,12599.12
2017-12-28,12632.43
2017-12-29,12579.25
2018-01-02,12644.19
2018-01-03,12694.39
2018-01-04,12688.84
2018-01-05,12751.35
2018-01-08,12794.75
2018-01-09,12766.56
2018-01-10,12706.4
2018-01-11,12780.55
2018-01-12,12829.77
2018-01-16,12771.24
2018-01-17,12880.4
2018-01-18,12839.7
2018-01-19,12918.59
2018-01-22,13001.52
2018-01-23,13062.75
2018-01-24,13044.25
2018-01-25,13067.92
2018-01-26,13167.8
2018-01-29,13069.32
2018-01-30,12955.94
2018-01-31,12989.45
2018-02-01,12916.25
2018-02-02,12688.78
2018-02-05,12256.95
2018-02-06,12370.36
2018-02-07,12334.66
2018-02-08,11952.39
2018-02-09,12131.02
2018-02-12,12261.46
2018-02-13,12303.98
2018-02-14,12419.8
2018-02-15,12583.68
2018-02-16,12606.78
2018-02-20,12498.67
2018-02-21,12396.24
2018-02-22,12412.74
2018-02-23,12613.98
2018-02-26,12694.78
2018-02-27,12511.14
2018-02-28,12405.17
2018-03-01,12290.96
2018-03-02,12357.14
2018-03-05,12512.9
2018-03-06,12540.62
2018-03-07,12530.44
2018-03-08,12583.62
2018-03-09,12744.23
2018-03-12,12742.8
2018-03-13,12713.51
2018-03-14,12662.12
2018-03-15,12635.39
2018-03-16,12692.38
2018-03-19,12556.11
2018-03-20,12548.39
2018-03-21,12511.5
2018-03-22,12299.72
2018-03-23,12096.75
2018-03-26,12335.96
2018-03-27,12242.92
2018-03-28,12267.05
2018-03-29,12391.93
2018-04-02,12152.1
2018-04-03,12279.24
2018-04-04,12419.47
2018-04-05,12485.82
2018-04-06,12262.75
2018-04-09,12275.91
2018-04-10,12391.38
2018-04-11,12352.06
2018-04-12,12366.86
2018-04-13,12361.82
2018-04-16,12483.18
2018-04-17,12596.32
2018-04-18,12606.61
2018-04-19,12496.01
2018-04-20,12390.22
2018-04-23,12415.53
2018-04-24,12330.34
2018-04-25,12360.64
2018-04-26,12471.47
2018-04-27,12543.02
2018-04-30,12436.2
2018-05-01,12457.43
2018-05-02,12349.03
2018-05-03,12315.49
2018-05-04,12457.58
2018-05-07,12466.56
2018-05-08,12412.22
2018-05-09,12482.08
2018-05-10,12593.96
2018-05-11,12604.65
2018-05-14,12589.03
2018-05-15,12495.21
2018-05-16,12539.74
2018-05-17,12528.44
2018-05-18,12510.89
2018-05-21,12586.83
2018-05-22,12552.17
2018-05-23,12606.53
2018-05-24,12609.22
2018-05-25,12615.12
2018-05-29,12529.87
2018-05-30,12678.88
2018-05-31,12576.69
2018-06-01,12650.4
2018-06-04,12698.15
2018-06-05,12702.82
2018-06-06,12755.52
2018-06-07,12768.62
2018-06-08,12835.55
2018-06-11,12855.95
2018-06-12,12916.07
2018-06-13,12822.89
2018-06-14,12890.15
2018-06-15,12912.8
2018-06-18,12883.44
2018-06-19,12864.23
2018-06-20,12908.22
2018-06-21,12871.86
2018-06-22,12921.54
2018-06-25,12847.87
2018-06-26,12859.29
2018-06-27,12770.35
2018-06-28,12835.88
2018-06-29,12844.81
2018-07-02,12846.95
2018-07-03,12855.58
2018-07-05,12976.21
2018-07-06,13072.88
2018-07-09,13085.36
2018-07-10,13127.65
2018-07-11,13061.3
2018-07-12,13129.67
2018-07-13,13142.5
2018-07-16,13090.49
2018-07-17,13123.35
2018-07-18,13117.32
2018-07-19,13156.38
2018-07-20,13103.56
2018-07-23,13091.05
2018-07-24,13081.51
2018-07-25,13193.36
2018-07-26,13244.83
2018-07-27,13151.8
2018-07-30,13091.93
2018-07-31,13210.8
2018-08-01,13135.9
2018-08-02,13196.41
2018-08-03,13287.46
2018-08-06,13306.33
2018-08-07,13313.87
2018-08-08,13283.84
2018-08-09,13284.27
2018-08-10,13198.63
2018-08-13,13154.28
2018-08-14,13249.92
2018-08-15,13211.91
2018-08-16,13320.23
2018-08-17,13396.45
2018-08-20,13442.86
2018-08-21,13444.99
2018-08-22,13397.64
2018-08-23,13374.63
2018-08-24,13438.29
2018-08-27,13481.79
2018-08-28,13499.88
2018-08-29,13553.86
2018-08-30,13478.8
2018-08-31,13488.88
2018-09-04,13466.66
2018-09-05,13500.56
2018-09-06,13497.62
2018-09-07,13434.41
2018-09-10,13486.01
2018-09-11,13490.88
2018-09-12,13516.4
2018-09-13,13584.07
2018-09-14,13568.17
2018-09-17,13539.92
2018-09-18,13575.96
2018-09-19,13523.8
2018-09-20,13611.94
2018-09-21,13635.2
2018-09-24,13514.6
2018-09-25,13470.75
2018-09-26,13416.29
2018-09-27,13435.17
2018-09-28,13497.75
2018-10-01,13479.81
2018-10-02,13471.36
2018-10-03,13423.52
2018-10-04,13341.37
2018-10-05,13316.35
2018-10-08,13354.33
2018-10-09,13315.16
2018-10-10,12989.49
2018-10-11,12712.51
2018-10-12,12819.3
2018-10-15,12828.39
2018-10-16,13083.2
2018-10-17,13062.32
2018-10-18,12935.12
2018-10-19,12944.97
2018-10-22,12858.35
2018-10-23,12811.41
2018-10-24,12581.72
2018-10-25,12694.73
2018-10-26,12483.53
2018-10-29,12513.19
2018-10-30,12755.66
2018-10-31,12777.17
2018-11-01,12940.74
2018-11-02,12880.65
2018-11-05,12978.71
2018-11-06,13059.62
2018-11-07,13250.32
2018-11-08,13238.11
2018-11-09,13154.44
2018-11-12,12982.1
2018-11-13,12982.14
2018-11-14,12899.61
2018-11-15,12966.38
2018-11-16,13036.53
2018-11-19,12892.93
2018-11-20,12727.69
2018-11-21,12765.59
2018-11-23,12748.27
2018-11-26,12885.08
2018-11-27,12915.26
2018-11-28,13118.25
2018-11-29,13090.82
2018-11-30,13187.36
2018-12-03,13312.56
2018-12-04,12979.38
2018-12-06,13005.4
2018-12-07,12768.56
2018-12-10,12764.88
2018-12-11,12772.62
2018-12-12,12787.03
2018-12-13,12765.42
2018-12-14,12609.62
2018-12-17,12299.17
2018-12-18,12298.52
2018-12-19,12136.09
2018-12-20,11974.07
2018-12-21,11778.63
2018-12-24,11429.16
2018-12-26,11886.45
2018-12-27,11984.54
2018-12-28,11967.3
2018-12-31,12047.2
2019-01-02,11976.66
2019-01-03,11803.02
2019-01-04,12127.47
2019-01-07,12222.56
2019-01-08,12364.75
2019-01-09,12413.5
2019-01-10,12518.95
2019-01-11,12526.94
2019-01-14,12432.46
2019-01-15,12545.33
2019-01-16,12561.18
2019-01-17,12660.44
2019-01-18,12814.03
2019-01-22,12671.02
2019-01-23,12691.94
2019-01-24,12738.31
2019-01-25,12831.96
2019-01-28,12803.82
2019-01-29,12828.25
2019-01-30,12960.03
2019-01-31,13075.19
2019-02-01,13085.77
2019-02-04,13147.35
2019-02-05,13205.97
2019-02-06,13181.56
2019-02-07,13142.35
2019-02-08,13182.25
2019-02-11,13210.33
2019-02-12,13332.78
2019-02-13,13372.71
2019-02-14,13349.81
2019-02-15,13465.77
2019-02-19,13490.04
2019-02-20,13508.61
2019-02-21,13488.52
2019-02-22,13555.72
2019-02-25,13531.17
2019-02-26,13505.51
2019-02-27,13498.05
2019-02-28,13501.55
2019-03-01,13582.56
2019-03-04,13527.43
2019-03-05,13495.67
2019-03-06,13398.46
2019-03-07,13332.14
2019-03-08,13311.97
2019-03-11,13477.18
2019-03-12,13520.98
2019-03-13,13594.29
2019-03-14,13577.62
2019-03-15,13618.88
2019-03-18,13642
2019-03-19,13612.67
2019-03-20,13558.13
2019-03-21,13756.41
2019-03-22,13563.54
2019-03-25,13571.15
2019-03-26,13673.21
2019-03-27,13623.63
2019-03-28,13675.43
2019-03-29,13754.23
2019-04-01,13856.87
2019-04-02,13864.68
2019-04-03,13884.79
2019-04-04,13902.92
2019-04-05,13996.67
2019-04-08,13987.23
2019-04-09,13907.6
2019-04-10,13976.16
2019-04-11,13989.33
2019-04-12,14073.18
2019-04-15,14049.72
2019-04-16,13975.3
2019-04-17,13875.13
2019-04-18,13916.66
2019-04-22,13868.22
2019-04-23,13993.99
2019-04-24,14017.01
2019-04-25,13964.55
2019-04-26,14053.78
2019-04-29,14026.18
2019-04-30,14112.86
2019-05-01,13986.32
2019-05-02,14003.37
2019-05-03,14124.51
2019-05-06,14072.9
2019-05-07,13870.73
2019-05-08,13841.3
2019-05-09,13835.65
2019-05-10,13913.38
2019-05-13,13676.89
2019-05-14,13769.32
2019-05-15,13821.47
2019-05-16,13910.92
2019-05-17,13853.76
2019-05-20,13763.62
2019-05-21,13886.2
2019-05-22,13867.32
2019-05-23,13770.33
2019-05-24,13787.43
2019-05-28,13632.27
2019-05-29,13508.15
2019-05-30,13548.49
2019-05-31,13461.12
2019-06-03,13532.12
2019-06-04,13747.74
2019-06-05,13917.59
2019-06-06,13982.32
2019-06-07,14069.32
2019-06-10,14086.57
2019-06-11,14059.51
2019-06-12,14077.82
2019-06-13,14145.15
2019-06-14,14134.44
2019-06-17,14136.02
2019-06-18,14211.21
2019-06-19,14292.22
2019-06-20,14399.75
2019-06-21,14358.06
2019-06-24,14312.93
2019-06-25,14218.47
2019-06-26,14106.45
2019-06-27,14193.98
2019-06-28,14302.32
2019-07-01,14372.2
2019-07-02,14435.75
2019-07-03,14577.5
2019-07-05,14539.19
2019-07-08,14490.98
2019-07-09,14496.05
2019-07-10,14530.91
2019-07-11,14526.88
2019-07-12,14581.04
2019-07-15,14584.51
2019-07-16,14556.27
2019-07-17,14479.29
2019-07-18,14546.13
2019-07-19,14421.91
2019-07-22,14416.34
2019-07-23,14516.48
2019-07-24,14577.73
2019-07-25,14506.33
2019-07-26,14581.82
2019-07-29,14583.29
2019-07-30,14567.85
2019-07-31,14434.08
2019-08-01,14336.3
2019-08-02,14272.79
2019-08-05,13909.6
2019-08-06,14076.15
2019-08-07,14139.64
2019-08-08,14368
2019-08-09,14279.39
2019-08-12,14146
2019-08-13,14291.13
2019-08-14,13935.9
2019-08-15,14001.96
2019-08-16,14178.07
2019-08-19,14324.4
2019-08-20,14222.37
2019-08-21,14330.55
2019-08-22,14342.56
2019-08-23,14014.4
2019-08-26,14149.79
2019-08-27,14101.04
2019-08-28,14186.76
2019-08-29,14336.69
2019-08-30,14353.39
2019-09-03,14331.6
2019-09-04,14460.31
2019-09-05,14572.21
2019-09-06,14603.77
2019-09-09,14588.52
2019-09-10,14601.52
2019-09-11,14701.57
2019-09-12,14732.52
2019-09-13,14692.87
2019-09-16,14690.1
2019-09-17,14750.72
2019-09-18,14740.7
2019-09-19,14726.67
2019-09-20,14694.13
2019-09-23,14699.64
2019-09-24,14641.72
2019-09-25,14692.85
2019-09-26,14700.53
2019-09-27,14631.89
2019-09-30,14701.95
2019-10-01,14529.78
2019-10-02,14294.43
2019-10-03,14398.62
2019-10-04,14571.34
2019-10-07,14500.17
2019-10-08,14291.22
2019-10-09,14401.13
2019-10-10,14476.48
2019-10-11,14596.44
2019-10-14,14565.73
2019-10-15,14651.49
2019-10-16,14642.33
2019-10-17,14696.6
2019-10-18,14701.83
2019-10-21,14778.6
2019-10-22,14744.31
2019-10-23,14783.78
2019-10-24,14806.7
2019-10-25,14800.12
2019-10-28,14805.05
2019-10-29,14841.72
2019-10-30,14889.4
2019-10-31,14839.69
2019-11-01,14953.01
2019-11-04,14941.5
2019-11-05,14889.16
2019-11-06,14917.29
2019-11-07,14899.6
2019-11-08,14914.56
2019-11-11,14886.69
2019-11-12,14900.22
2019-11-13,14948.64
2019-11-14,14990.81
2019-11-15,15087.89
2019-11-18,15090.29
2019-11-19,15099.25
2019-11-20,15070.06
2019-11-21,15004.88
2019-11-22,15029.54
2019-11-25,15124.34
2019-11-26,15187.53
2019-11-27,15243.68
2019-11-29,15182.48
2019-12-02,15054.9
2019-12-03,14993.34
2019-12-04,15093.1
2019-12-05,15113.33
2019-12-06,15206.54
2019-12-09,15166.28
2019-12-10,15142.42
2019-12-11,15164.55
2019-12-12,15233.51
2019-12-13,15229.88
2019-12-16,15327.36
2019-12-17,15310.69
2019-12-18,15340.57
2019-12-19,15399.61
2019-12-20,15494.98
2019-12-23,15469.22
2019-12-24,15480.11
2019-12-26,15510.07
2019-12-27,15519.45
2019-12-30,15462.8
2019-12-31,15525.35
2020-01-02,15515.02
2020-01-03,15470.37
2020-01-06,15500.92
2020-01-07,15462.48
2020-01-08,15511.81
2020-01-09,15582.88
2020-01-10,15571.36
2020-01-13,15674.1
2020-01-14,15692.89
2020-01-15,15759.63
2020-01-16,15898.77
2020-01-17,15944.67
2020-01-21,15942.29
2020-01-22,15936.62
2020-01-23,15991.76
2020-01-24,15870
2020-01-27,15694.2
2020-01-28,15809.2
2020-01-29,15762.09
2020-01-30,15803.89
2020-01-31,15547.99
2020-02-03,15637.74
2020-02-04,15795.83
2020-02-05,15959.31
2020-02-06,15973.11
2020-02-07,15874.1
2020-02-10,15962.17
2020-02-11,16032.41
2020-02-12,16105.97
2020-02-13,16130.78
2020-02-14,16192.81
2020-02-18,16164.99
2020-02-19,16169.93
2020-02-20,16169.29
2020-02-21,16074.53
2020-02-24,15682.83
2020-02-25,15219.35
2020-02-26,15098.16
2020-02-27,14479.89
2020-02-28,14229.59
2020-03-02,14844.46
2020-03-03,14562.35
2020-03-04,15181.53
2020-03-05,14735.98
2020-03-06,14504.58
2020-03-09,13486.73
2020-03-10,14028.14
2020-03-11,13317.37
2020-03-12,12058.75
2020-03-13,12932.44
2020-03-16,11399.71
2020-03-17,12170.49
2020-03-18,11396.45
2020-03-19,11347.37
2020-03-20,10760.84
2020-03-23,10343.28
2020-03-24,11347.53
2020-03-25,11602.71
2020-03-26,12336.03
2020-03-27,12052.19
2020-03-30,12389.03
2020-03-31,12124.7
2020-04-01,11561.39
2020-04-02,11748.31
2020-04-03,11582.85
2020-04-06,12411.22
2020-04-07,12442.79
2020-04-08,12964.19
2020-04-09,13307.55
2020-04-13,13004.19
2020-04-14,13384.81
2020-04-15,13000.41
2020-04-16,13032.67
2020-04-17,13457.63
2020-04-20,13158.24
2020-04-21,12803.81
2020-04-22,13048.83
2020-04-23,13012.27
2020-04-24,13177.3
2020-04-27,13471.22
2020-04-28,13551.67
2020-04-29,13831.15
2020-04-30,13560.9
2020-05-01,13176.73
2020-05-04,13201.8
2020-05-05,13322.59
2020-05-06,13145.7
2020-05-07,13321.72
2020-05-08,13601.67
2020-05-11,13534.86
2020-05-12,13222.96
2020-05-13,12950.8
2020-05-14,13090.82
2020-05-15,13124.12
2020-05-18,13669.94
2020-05-19,13509.09
2020-05-20,13703.71
2020-05-21,13615.97
2020-05-22,13673.31
2020-05-26,13944.32
2020-05-27,14212.96
2020-05-28,14221.07
2020-05-29,14265.8
2020-06-01,14377.21
2020-06-02,14514.33
2020-06-03,14792.91
2020-06-04,14751.6
2020-06-05,15151.42
2020-06-08,15418.84
2020-06-09,15121.71
2020-06-10,14903.23
2020-06-11,14017.1
2020-06-12,14231.41
2020-06-15,14378.39
2020-06-16,14635.43
2020-06-17,14548.25
2020-06-18,14534.54
2020-06-19,14394.68
2020-06-22,14437.71
2020-06-23,14438.51
2020-06-24,14042.37
2020-06-25,14157.04
2020-06-26,13917.02
2020-06-29,14158.03
2020-06-30,14350.62
2020-07-01,14403.27
2020-07-02,14473.13
2020-07-06,14600.33
2020-07-07,14427.8
2020-07-08,14469.09
2020-07-09,14310.18
2020-07-10,14475.28
2020-07-13,14381.2
2020-07-14,14613.12
2020-07-15,14847.86
2020-07-16,14833.04
2020-07-17,14945.09
2020-07-20,14884.2
2020-07-21,14969.71
2020-07-22,15111.43
2020-07-23,15069.75
2020-07-24,14970.95
2020-07-27,15043.51
2020-07-28,14997.19
2020-07-29,15209.82
2020-07-30,15125.49
2020-07-31,15127.88
2020-08-03,15150.94
2020-08-04,15224.93
2020-08-05,15269.77
2020-08-06,15282.16
2020-08-07,15411.5
2020-08-10,15493.49
2020-08-11,15402.41
2020-08-12,15538.98
2020-08-13,15495.11
2020-08-14,15498.4
2020-08-17,15543.33
2020-08-18,15505.55
2020-08-19,15421.38
2020-08-20,15379.83
2020-08-21,15376.13
2020-08-24,15541.92
2020-08-25,15548.25
2020-08-26,15544.55
2020-08-27,15614.89
2020-08-28,15709.34
2020-08-31,15638.62
2020-09-01,15662.36
2020-09-02,15972.66
2020-09-03,15590.24
2020-09-04,15508.89
2020-09-08,15223.59
2020-09-09,15449.2
2020-09-10,15232.32
2020-09-11,15276.58
2020-09-14,15512.29
2020-09-15,15554.86
2020-09-16,15604.98
2020-09-17,15506.88
2020-09-18,15324.66
2020-09-21,15029.71
2020-09-22,15140.2
2020-09-23,14828.16
2020-09-24,14868.01
2020-09-25,15077.37
2020-09-28,15307.23
2020-09-29,15222.72
2020-09-30,15325.25
2020-10-01,15394.56
2020-10-02,15427.96
2020-10-05,15658.21
2020-10-06,15522.65
2020-10-07,15741.97
2020-10-08,15937.89
2020-10-09,15992.5
2020-10-12,16120.83
2020-10-13,15998.37
2020-10-14,15947.25
2020-10-15,15976.76
2020-10-16,15983.09
2020-10-19,15766.42
2020-10-20,15836.23
2020-10-21,15810.24
2020-10-22,15926.34
2020-10-23,16002.31
2020-10-26,15715.38
2020-10-27,15579.75
2020-10-28,15106.06
2020-10-29,15205.51
2020-10-30,15130.82
2020-11-02,15437.08
2020-11-03,15728.93
2020-11-04,15816.86
2020-11-05,16048.48
2020-11-06,16024.25
2020-11-09,16398.6
2020-11-10,16516.41
2020-11-11,16549.65
2020-11-12,16332.2
2020-11-13,16631.14
2020-11-16,16860.87
2020-11-17,16775.33
2020-11-18,16563.93
2020-11-19,16619.81
2020-11-20,16545.96
2020-11-23,16669.47
2020-11-24,16893.61
2020-11-25,16829.74
2020-11-27,16837.96
2020-11-30,16737.06
2020-12-01,16880.79
2020-12-02,16869.66
2020-12-03,16914.74
2020-12-04,17106.99
2020-12-07,17050.31
2020-12-08,17086.94
2020-12-09,17014.67
2020-12-10,16986.88
2020-12-11,16939.77
2020-12-14,16860.1
2020-12-15,17100.94
2020-12-16,17072.36
2020-12-17,17214.16
2020-12-18,17175.66
2020-12-21,17028.5
2020-12-22,16994.92
2020-12-23,17028.25
2020-12-24,17094.59
2020-12-28,17145.24
2020-12-29,17071.26
2020-12-30,17146.34
2020-12-31,17298.75
2021-01-04,17019.4
2021-01-05,17126.21
2021-01-06,17406.83
2021-01-07,17521.89
2021-01-08,17582.93
2021-01-11,17529.8
2021-01-12,17583.44
2021-01-13,17581.82
2021-01-14,17576.32
2021-01-15,17531.35
2021-01-19,17583.66
2021-01-20,17736.26
2021-01-21,17658.43
2021-01-22,17607.96
2021-01-25,17673.9
2021-01-26,17653.8
2021-01-27,17292.79
2021-01-28,17394.59
2021-01-29,17140.95
2021-02-01,17349.58
2021-02-02,17529.37
2021-02-03,17503.51
2021-02-04,17677.14
2021-02-05,17769.04
2021-02-08,17895.51
2021-02-09,17905.04
2021-02-10,17953.41
2021-02-11,17951.18
2021-02-12,18018.3
2021-02-16,17935.56
2021-02-17,17950.47
2021-02-18,17917.1
2021-02-19,17919.76
2021-02-22,17855.57
2021-02-23,17903.25
2021-02-24,18061.88
2021-02-25,17716.59
2021-02-26,17575.45
2021-03-01,17911.56
2021-03-02,17843.2
2021-03-03,17684.01
2021-03-04,17469.68
2021-03-05,17866.06
2021-03-08,17962.85
2021-03-09,18043.18
2021-03-10,18199.52
2021-03-11,18288.31
2021-03-12,18413.64
2021-03-15,18595.74
2021-03-16,18506.61
2021-03-17,18531.53
2021-03-18,18377.54
2021-03-19,18361.28
2021-03-22,18446.49
2021-03-23,18300.83
2021-03-24,18260.6
2021-03-25,18432.62
2021-03-26,18744.1
2021-03-29,18734.01
2021-03-30,18683.18
2021-03-31,18663.56
2021-04-01,18841.37
2021-04-05,19034.04
2021-04-06,19057.43
2021-04-07,19002.16
2021-04-08,19026.21
2021-04-09,19123.54
2021-04-12,19165.83
2021-04-13,19180.32
2021-04-14,19164.43
2021-04-15,19368.12
2021-04-16,19464.6
2021-04-19,19380.87
2021-04-20,19368.85
2021-04-21,19553.3
2021-04-22,19464.12
2021-04-23,19609.93
2021-04-26,19605.25
2021-04-27,19581.95
2021-04-28,19535.71
2021-04-29,19663.99
2021-04-30,19554
2021-05-03,19644.76
2021-05-04,19588.44
2021-05-05,19560.34
2021-05-06,19666.23
2021-05-07,19823.46
2021-05-10,19782.52
2021-05-11,19584.56
2021-05-12,19178.99
2021-05-13,19438.05
2021-05-14,19660.82
2021-05-17,19610.71
2021-05-18,19486.31
2021-05-19,19420.67
2021-05-20,19612.07
2021-05-21,19619.56
2021-05-24,19722.65
2021-05-25,19658.05
2021-05-26,19693.42
2021-05-27,19727.45
2021-05-28,19773.56
2021-06-01,19773.22
2021-06-02,19817.71
2021-06-03,19796.41
2021-06-04,19908.08
2021-06-07,19885.98
2021-06-08,19898.75
2021-06-09,19869.94
2021-06-10,19975.2
2021-06-11,20013.95
2021-06-14,20002.95
2021-06-15,19979.84
2021-06-16,19824.22
2021-06-17,19783.56
2021-06-18,19489.77
2021-06-21,19799.83
2021-06-22,19828.96
2021-06-23,19763.77
2021-06-24,19861
2021-06-25,19995.1
2021-06-28,19991.36
2021-06-29,19971.54
2021-06-30,19975.42
2021-07-01,20098.77
2021-07-02,20183.09
2021-07-06,20125.21
2021-07-07,20217.47
2021-07-08,20051.28
2021-07-09,20273.24
2021-07-12,20310.45
2021-07-13,20170.15
2021-07-14,20189.21
2021-07-15,20170.56
2021-07-16,20120.62
2021-07-19,19832.44
2021-07-20,20127.61
2021-07-21,20223.41
2021-07-22,20227.37
2021-07-23,20425.97
2021-07-26,20423.74
2021-07-27,20435.23
2021-07-28,20416.94
2021-07-29,20531.06
2021-07-30,20512.69
2021-08-02,20497.51
2021-08-03,20617.26
2021-08-04,20487.22
2021-08-05,20588.83
2021-08-06,20628.22
2021-08-09,20595.77
2021-08-10,20610.57
2021-08-11,20712.16
2021-08-12,20725.93
2021-08-13,20782.56
2021-08-16,20847.15
2021-08-17,20768.62
2021-08-18,20542.99
2021-08-19,20589.79
2021-08-20,20730.48
2021-08-23,20796.19
2021-08-24,20806.15
2021-08-25,20869.99
2021-08-26,20757.46
2021-08-27,20922.31
2021-08-30,20966.55
2021-08-31,20979.97
2021-09-01,21050.41
2021-09-02,21171.35
2021-09-03,21121.81
2021-09-07,20915.85
2021-09-08,20983.67
2021-09-09,20849.9
2021-09-10,20698.29
2021-09-13,20704.23
2021-09-14,20607.42
2021-09-15,20726.84
2021-09-16,20687.83
2021-09-17,20521.41
2021-09-20,20273.67
2021-09-21,20225.96
2021-09-22,20384.51
2021-09-23,20570.96
2021-09-24,20564.85
2021-09-27,20467.26
2021-09-28,20142.16
2021-09-29,20233.53
2021-09-30,19952.62
2021-10-01,20122.4
2021-10-04,19968.67
2021-10-05,20095.12
2021-10-06,20178.19
2021-10-07,20320.74
2021-10-08,20226.01
2021-10-11,20105.28
2021-10-12,20121.65
2021-10-13,20197.47
2021-10-14,20527.13
2021-10-15,20577.39
2021-10-18,20583.76
2021-10-19,20729.44
2021-10-20,20876.87
2021-10-21,20941.87
2021-10-22,21010.36
2021-10-25,21043.23
2021-10-26,21028.91
2021-10-27,20821.01
2021-10-28,21020.65
2021-10-29,21022.25
2021-11-01,21112.6
2021-11-02,21179.01
2021-11-03,21265.15
2021-11-04,21249.68
2021-11-05,21318.52
2021-11-08,21336.89
2021-11-09,21346.76
2021-11-10,21248.45
2021-11-11,21273.47
2021-11-12,21404.19
2021-11-15,21443.59
2021-11-16,21507.81
2021-11-17,21435.59
2021-11-18,21363.53
2021-11-19,21314
2021-11-22,21270.08
2021-11-23,21302.53
2021-11-24,21337.17
2021-11-26,20925.83
2021-11-29,21126.61
2021-11-30,20607.49
2021-12-01,20371.2
2021-12-02,20778.38
2021-12-03,20707.22
