Date,S&P 500 Low Rate-Sensitivity 100 Index (USD) TR
2011-11-30,4980.92
2011-12-01,4965.47
2011-12-02,4942.31
2011-12-05,4983.98
2011-12-06,4985.3
2011-12-07,4999.77
2011-12-08,4911.51
2011-12-09,4983.71
2011-12-12,4949.84
2011-12-13,4916.64
2011-12-14,4887.33
2011-12-15,4929.23
2011-12-16,4935.1
2011-12-19,4889.95
2011-12-20,5007.9
2011-12-21,5056.88
2011-12-22,5080.23
2011-12-23,5123.47
2011-12-27,5138.01
2011-12-28,5082.78
2011-12-29,5133.67
2011-12-30,5107.52
2012-01-03,5126.35
2012-01-04,5111.5
2012-01-05,5123.95
2012-01-06,5102.45
2012-01-09,5113.02
2012-01-10,5150.72
2012-01-11,5151.06
2012-01-12,5159.84
2012-01-13,5151.06
2012-01-17,5171.4
2012-01-18,5206.39
2012-01-19,5215.65
2012-01-20,5213.29
2012-01-23,5210.02
2012-01-24,5196.92
2012-01-25,5247.06
2012-01-26,5243.8
2012-01-27,5228.7
2012-01-30,5206.72
2012-01-31,5215.46
2012-02-01,5254.97
2012-02-02,5259.26
2012-02-03,5314.43
2012-02-06,5300.85
2012-02-07,5322.71
2012-02-08,5318.88
2012-02-09,5321.03
2012-02-10,5294.32
2012-02-13,5319.09
2012-02-14,5332.43
2012-02-15,5319.62
2012-02-16,5369.79
2012-02-17,5375.99
2012-02-21,5351.64
2012-02-22,5333.82
2012-02-23,5343.93
2012-02-24,5346.88
2012-02-27,5347.82
2012-02-28,5364.15
2012-02-29,5350.34
2012-03-01,5376.86
2012-03-02,5364.6
2012-03-05,5366.76
2012-03-06,5302.95
2012-03-07,5327.55
2012-03-08,5369.39
2012-03-09,5393.21
2012-03-12,5405.53
2012-03-13,5456.27
2012-03-14,5432.59
2012-03-15,5452.02
2012-03-16,5440.01
2012-03-19,5448.91
2012-03-20,5448.12
2012-03-21,5449.67
2012-03-22,5435.35
2012-03-23,5441.01
2012-03-26,5507.86
2012-03-27,5502.52
2012-03-28,5470.22
2012-03-29,5473.23
2012-03-30,5496.05
2012-04-02,5531.73
2012-04-03,5524.27
2012-04-04,5489.02
2012-04-05,5473.05
2012-04-09,5417.58
2012-04-10,5336.82
2012-04-11,5372.02
2012-04-12,5421.25
2012-04-13,5395.53
2012-04-16,5411.03
2012-04-17,5475.55
2012-04-18,5466.82
2012-04-19,5451.36
2012-04-20,5479.31
2012-04-23,5437.53
2012-04-24,5452.35
2012-04-25,5490.36
2012-04-26,5521.38
2012-04-27,5540.4
2012-04-30,5532.97
2012-05-01,5555.98
2012-05-02,5543.19
2012-05-03,5513.53
2012-05-04,5463.97
2012-05-07,5463.93
2012-05-08,5439.07
2012-05-09,5420.71
2012-05-10,5445.33
2012-05-11,5444.65
2012-05-14,5396.29
2012-05-15,5374.35
2012-05-16,5366.46
2012-05-17,5294.02
2012-05-18,5263.35
2012-05-21,5323.85
2012-05-22,5330.48
2012-05-23,5336
2012-05-24,5361.45
2012-05-25,5365.68
2012-05-29,5399.47
2012-05-30,5337.58
2012-05-31,5340.61
2012-06-01,5252.49
2012-06-04,5264.51
2012-06-05,5287.18
2012-06-06,5378.76
2012-06-07,5375.62
2012-06-08,5422.29
2012-06-11,5378.54
2012-06-12,5417.39
2012-06-13,5402.89
2012-06-14,5465.07
2012-06-15,5506.98
2012-06-18,5534.87
2012-06-19,5559.2
2012-06-20,5534.27
2012-06-21,5447.36
2012-06-22,5480.84
2012-06-25,5437.19
2012-06-26,5456
2012-06-27,5484.76
2012-06-28,5485.61
2012-06-29,5590.52
2012-07-02,5622.69
2012-07-03,5641.58
2012-07-05,5634.12
2012-07-06,5615.84
2012-07-09,5608.41
2012-07-10,5580.35
2012-07-11,5588.24
2012-07-12,5577.38
2012-07-13,5636.3
2012-07-16,5616.69
2012-07-17,5657.06
2012-07-18,5673.06
2012-07-19,5663.68
2012-07-20,5601.79
2012-07-23,5554.16
2012-07-24,5505.11
2012-07-25,5485.6
2012-07-26,5547.58
2012-07-27,5643.8
2012-07-30,5648.16
2012-07-31,5607.13
2012-08-01,5591.04
2012-08-02,5560.82
2012-08-03,5638.88
2012-08-06,5640.48
2012-08-07,5644.82
2012-08-08,5638.87
2012-08-09,5619.71
2012-08-10,5627.31
2012-08-13,5610.74
2012-08-14,5623.8
2012-08-15,5628.34
2012-08-16,5638.09
2012-08-17,5639.33
2012-08-20,5640.56
2012-08-21,5623.42
2012-08-22,5617.68
2012-08-23,5577.55
2012-08-24,5623.55
2012-08-27,5616.55
2012-08-28,5611.06
2012-08-29,5620.19
2012-08-30,5595.91
2012-08-31,5606.9
2012-09-04,5610.3
2012-09-05,5606.86
2012-09-06,5697.29
2012-09-07,5698.77
2012-09-10,5681.96
2012-09-11,5689.8
2012-09-12,5697.78
2012-09-13,5769.66
2012-09-14,5762.76
2012-09-17,5751.37
2012-09-18,5737.03
2012-09-19,5754.34
2012-09-20,5766.21
2012-09-21,5769.39
2012-09-24,5776.67
2012-09-25,5737.75
2012-09-26,5725.24
2012-09-27,5744.95
2012-09-28,5733.56
2012-10-01,5739.1
2012-10-02,5751.65
2012-10-03,5785.24
2012-10-04,5832.63
2012-10-05,5844.49
2012-10-08,5850.33
2012-10-09,5798.68
2012-10-10,5780.52
2012-10-11,5773.83
2012-10-12,5756.16
2012-10-15,5794.76
2012-10-16,5838.26
2012-10-17,5872.06
2012-10-18,5876.87
2012-10-19,5786.67
2012-10-22,5764.59
2012-10-23,5708.44
2012-10-24,5699.34
2012-10-25,5722.56
2012-10-26,5718.5
2012-10-31,5738.73
2012-11-01,5757.14
2012-11-02,5707.59
2012-11-05,5695
2012-11-06,5729.49
2012-11-07,5629.24
2012-11-08,5565.81
2012-11-09,5572.92
2012-11-12,5581.99
2012-11-13,5576.14
2012-11-14,5514.18
2012-11-15,5508.89
2012-11-16,5546.07
2012-11-19,5606.53
2012-11-20,5613.56
2012-11-21,5619.07
2012-11-23,5662
2012-11-26,5655.78
2012-11-27,5643.61
2012-11-28,5691.64
2012-11-29,5711.8
2012-11-30,5728.41
2012-12-03,5704.53
2012-12-04,5703.25
2012-12-05,5725.76
2012-12-06,5732.36
2012-12-07,5744.04
2012-12-10,5745.39
2012-12-11,5760.33
2012-12-12,5755.23
2012-12-13,5721.39
2012-12-14,5700.19
2012-12-17,5760.93
2012-12-18,5809.72
2012-12-19,5759.17
2012-12-20,5773.25
2012-12-21,5723.03
2012-12-24,5714.33
2012-12-26,5675.79
2012-12-27,5674.28
2012-12-28,5623.02
2012-12-31,5704.58
2013-01-02,5814.24
2013-01-03,5818.78
2013-01-04,5857.23
2013-01-07,5830.81
2013-01-08,5811.42
2013-01-09,5827.94
2013-01-10,5867.15
2013-01-11,5871.92
2013-01-14,5876.58
2013-01-15,5890.7
2013-01-16,5869.17
2013-01-17,5899
2013-01-18,5930.89
2013-01-22,5972.65
2013-01-23,5960.05
2013-01-24,6012.06
2013-01-25,6050.78
2013-01-28,6039.99
2013-01-29,6077.86
2013-01-30,6061.25
2013-01-31,6063.41
2013-02-01,6104.8
2013-02-04,6065.42
2013-02-05,6096.14
2013-02-06,6123.66
2013-02-07,6130.78
2013-02-08,6155.78
2013-02-11,6152.67
2013-02-12,6158.99
2013-02-13,6155.63
2013-02-14,6137.87
2013-02-15,6146
2013-02-19,6184.63
2013-02-20,6132.45
2013-02-21,6130.86
2013-02-22,6182.53
2013-02-25,6100.71
2013-02-26,6134.12
2013-02-27,6211.29
2013-02-28,6217.37
2013-03-01,6239.2
2013-03-04,6272.96
2013-03-05,6314.51
2013-03-06,6308.17
2013-03-07,6295.01
2013-03-08,6318.78
2013-03-11,6331.55
2013-03-12,6335.99
2013-03-13,6362.81
2013-03-14,6381.72
2013-03-15,6385.75
2013-03-18,6359.52
2013-03-19,6356.86
2013-03-20,6409.14
2013-03-21,6388.22
2013-03-22,6424.56
2013-03-25,6413.91
2013-03-26,6476.18
2013-03-27,6478.75
2013-03-28,6533.34
2013-04-01,6511.28
2013-04-02,6548.82
2013-04-03,6495.68
2013-04-04,6540.42
2013-04-05,6522.48
2013-04-08,6562.54
2013-04-09,6563.06
2013-04-10,6640.88
2013-04-11,6690.97
2013-04-12,6701.26
2013-04-15,6577.51
2013-04-16,6663.62
2013-04-17,6607.75
2013-04-18,6584.62
2013-04-19,6675.25
2013-04-22,6685.93
2013-04-23,6734.32
2013-04-24,6715.58
2013-04-25,6730.79
2013-04-26,6706
2013-04-29,6744.79
2013-04-30,6760.59
2013-05-01,6712.3
2013-05-02,6751.55
2013-05-03,6800.92
2013-05-06,6770.57
2013-05-07,6810.33
2013-05-08,6814.24
2013-05-09,6762.88
2013-05-10,6808.98
2013-05-13,6802.39
2013-05-14,6879.58
2013-05-15,6943.25
2013-05-16,6898.92
2013-05-17,6946.04
2013-05-20,6923.89
2013-05-21,6939.63
2013-05-22,6867.3
2013-05-23,6846.82
2013-05-24,6833.67
2013-05-28,6839.19
2013-05-29,6749.66
2013-05-30,6764.06
2013-05-31,6669.8
2013-06-03,6700.47
2013-06-04,6669.28
2013-06-05,6597.31
2013-06-06,6675.93
2013-06-07,6743.12
2013-06-10,6748.05
2013-06-11,6696.08
2013-06-12,6648.45
2013-06-13,6747.22
2013-06-14,6730.56
2013-06-17,6762.78
2013-06-18,6802.59
2013-06-19,6686.26
2013-06-20,6508.2
2013-06-21,6557.95
2013-06-24,6518.86
2013-06-25,6576.2
2013-06-26,6640.89
2013-06-27,6690.61
2013-06-28,6685.95
2013-07-01,6703.93
2013-07-02,6695.93
2013-07-03,6686.9
2013-07-05,6726.52
2013-07-08,6778.1
2013-07-09,6822.38
2013-07-10,6845.26
2013-07-11,6935.67
2013-07-12,6934.81
2013-07-15,6956.23
2013-07-16,6929.27
2013-07-17,6930.73
2013-07-18,6960.85
2013-07-19,6982.37
2013-07-22,6993.71
2013-07-23,6994.08
2013-07-24,6934.77
2013-07-25,6960.06
2013-07-26,6982.87
2013-07-29,6970.04
2013-07-30,6971.43
2013-07-31,6958.41
2013-08-01,7036.29
2013-08-02,7039.8
2013-08-05,7020.08
2013-08-06,6991.76
2013-08-07,6982.83
2013-08-08,7005.98
2013-08-09,6988.4
2013-08-12,6973.62
2013-08-13,6962.48
2013-08-14,6925.6
2013-08-15,6829.59
2013-08-16,6780.38
2013-08-19,6747.99
2013-08-20,6791.58
2013-08-21,6745.62
2013-08-22,6790.69
2013-08-23,6826.92
2013-08-26,6787.59
2013-08-27,6724.79
2013-08-28,6723.14
2013-08-29,6730
2013-08-30,6718.15
2013-09-03,6698.13
2013-09-04,6744.16
2013-09-05,6735.82
2013-09-06,6752.55
2013-09-09,6811.66
2013-09-10,6853.54
2013-09-11,6867.47
2013-09-12,6845.26
2013-09-13,6876.59
2013-09-16,6917.07
2013-09-17,6953.59
2013-09-18,7083.05
2013-09-19,7060.3
2013-09-20,6982.47
2013-09-23,6986.29
2013-09-24,6980.79
2013-09-25,6941.87
2013-09-26,6956.08
2013-09-27,6921.3
2013-09-30,6892.62
2013-10-01,6939.44
2013-10-02,6936.06
2013-10-03,6863.54
2013-10-04,6902.89
2013-10-07,6856.21
2013-10-08,6819.62
2013-10-09,6836.87
2013-10-10,6961.9
2013-10-11,7005.84
2013-10-14,7006.05
2013-10-15,6943.6
2013-10-16,7039.83
2013-10-17,7126.52
2013-10-18,7156.39
2013-10-21,7153.07
2013-10-22,7226.82
2013-10-23,7204.31
2013-10-24,7204.46
2013-10-25,7253.51
2013-10-28,7266.36
2013-10-29,7295.81
2013-10-30,7246.13
2013-10-31,7221.16
2013-11-01,7239.78
2013-11-04,7276.47
2013-11-05,7248.07
2013-11-06,7298.25
2013-11-07,7198.39
2013-11-08,7230.86
2013-11-11,7238.8
2013-11-12,7218.53
2013-11-13,7272.9
2013-11-14,7333.53
2013-11-15,7369.92
2013-11-18,7336.72
2013-11-19,7318.64
2013-11-20,7272.03
2013-11-21,7299.4
2013-11-22,7333.46
2013-11-25,7321
2013-11-26,7296.08
2013-11-27,7304.55
2013-11-29,7289.26
2013-12-02,7272.35
2013-12-03,7259.01
2013-12-04,7255.92
2013-12-05,7211.97
2013-12-06,7297.83
2013-12-09,7297.53
2013-12-10,7256.86
2013-12-11,7188.39
2013-12-12,7162.46
2013-12-13,7163.23
2013-12-16,7188.39
2013-12-17,7171.57
2013-12-18,7286.7
2013-12-19,7247.63
2013-12-20,7297.49
2013-12-23,7315.14
2013-12-24,7339.36
2013-12-26,7352.52
2013-12-27,7353.98
2013-12-30,7371.92
2013-12-31,7377.58
2014-01-02,7303.6
2014-01-03,7296.78
2014-01-06,7279.6
2014-01-07,7322.2
2014-01-08,7328.23
2014-01-09,7348.03
2014-01-10,7415.52
2014-01-13,7334.82
2014-01-14,7374.3
2014-01-15,7378.19
2014-01-16,7397.62
2014-01-17,7374.5
2014-01-21,7404.53
2014-01-22,7397.18
2014-01-23,7347.85
2014-01-24,7233.32
2014-01-27,7218.67
2014-01-28,7272.76
2014-01-29,7200.67
2014-01-30,7279.92
2014-01-31,7254.4
2014-02-03,7112.46
2014-02-04,7158.1
2014-02-05,7136.89
2014-02-06,7217.13
2014-02-07,7286.37
2014-02-10,7332.54
2014-02-11,7412.42
2014-02-12,7396.2
2014-02-13,7455.08
2014-02-14,7489.95
2014-02-18,7510.84
2014-02-19,7493.88
2014-02-20,7546.07
2014-02-21,7553.56
2014-02-24,7573.01
2014-02-25,7576.64
2014-02-26,7578.01
2014-02-27,7603.01
2014-02-28,7634.54
2014-03-03,7590.36
2014-03-04,7698.48
2014-03-05,7674.03
2014-03-06,7660.78
2014-03-07,7659.29
2014-03-10,7650.87
2014-03-11,7638.32
2014-03-12,7668.25
2014-03-13,7619.87
2014-03-14,7636.06
2014-03-17,7678.86
2014-03-18,7699.98
2014-03-19,7615.5
2014-03-20,7633.92
2014-03-21,7629.9
2014-03-24,7597.72
2014-03-25,7619.8
2014-03-26,7592.86
2014-03-27,7604.67
2014-03-28,7623.07
2014-03-31,7687.63
2014-04-01,7709.47
2014-04-02,7725.37
2014-04-03,7714.77
2014-04-04,7676.12
2014-04-07,7635.78
2014-04-08,7683.41
2014-04-09,7725.25
2014-04-10,7617.61
2014-04-11,7568.96
2014-04-14,7616.85
2014-04-15,7659.41
2014-04-16,7735.68
2014-04-17,7714.82
2014-04-21,7737.46
2014-04-22,7760.43
2014-04-23,7751.52
2014-04-24,7750.42
2014-04-25,7763.85
2014-04-28,7804.78
2014-04-29,7815.11
2014-04-30,7853.89
2014-05-01,7867.67
2014-05-02,7814.79
2014-05-05,7844.4
2014-05-06,7791.35
2014-05-07,7849.6
2014-05-08,7830.5
2014-05-09,7823.85
2014-05-12,7844.65
2014-05-13,7843.34
2014-05-14,7841.63
2014-05-15,7784.21
2014-05-16,7824.46
2014-05-19,7794.48
2014-05-20,7747.19
2014-05-21,7777.77
2014-05-22,7807.55
2014-05-23,7817.46
2014-05-27,7853.24
2014-05-28,7843.16
2014-05-29,7882.15
2014-05-30,7926.24
2014-06-02,7914.93
2014-06-03,7915.76
2014-06-04,7934.98
2014-06-05,7980.5
2014-06-06,7984.95
2014-06-09,7980.74
2014-06-10,7960.74
2014-06-11,7919.51
2014-06-12,7901.29
2014-06-13,7922.93
2014-06-16,7941.71
2014-06-17,7939.67
2014-06-18,8036.03
2014-06-19,8078.74
2014-06-20,8078.19
2014-06-23,8068.24
2014-06-24,8082.62
2014-06-25,8089.36
2014-06-26,8093
2014-06-27,8099.1
2014-06-30,8125.29
2014-07-01,8135.4
2014-07-02,8102.25
2014-07-03,8112.7
2014-07-07,8106.31
2014-07-08,8100.83
2014-07-09,8122.96
2014-07-10,8129.09
2014-07-11,8116.81
2014-07-14,8116.31
2014-07-15,8075.59
2014-07-16,8071.38
2014-07-17,8004.29
2014-07-18,8096.68
2014-07-21,8061.32
2014-07-22,8077.43
2014-07-23,8081.28
2014-07-24,8095.15
2014-07-25,8053.78
2014-07-28,8113.9
2014-07-29,8080.37
2014-07-30,8039.77
2014-07-31,7901.36
2014-08-01,7930.75
2014-08-04,7946.93
2014-08-05,7890.16
2014-08-06,7883.51
2014-08-07,7877.17
2014-08-08,7980.96
2014-08-11,7992.36
2014-08-12,7983.24
2014-08-13,8022.47
2014-08-14,8080.15
2014-08-15,8110.44
2014-08-18,8150.94
2014-08-19,8205.44
2014-08-20,8218.56
2014-08-21,8228.25
2014-08-22,8213.58
2014-08-25,8247.43
2014-08-26,8229.26
2014-08-27,8257.27
2014-08-28,8279.09
2014-08-29,8305.81
2014-09-02,8290.79
2014-09-03,8313.65
2014-09-04,8303.93
2014-09-05,8364.94
2014-09-08,8323.37
2014-09-09,8259.86
2014-09-10,8257.22
2014-09-11,8279.87
2014-09-12,8177.05
2014-09-15,8179.22
2014-09-16,8251.61
2014-09-17,8240.76
2014-09-18,8241.02
2014-09-19,8266.65
2014-09-22,8228.62
2014-09-23,8184.47
2014-09-24,8232.99
2014-09-25,8156.18
2014-09-26,8204.66
2014-09-29,8218.57
2014-09-30,8220.58
2014-10-01,8179.32
2014-10-02,8185.11
2014-10-03,8266.27
2014-10-06,8254.42
2014-10-07,8192.42
2014-10-08,8352.47
2014-10-09,8248.04
2014-10-10,8251.82
2014-10-13,8171.24
2014-10-14,8220.05
2014-10-15,8139.69
2014-10-16,8118.44
2014-10-17,8199.31
2014-10-20,8310
2014-10-21,8404.07
2014-10-22,8402.6
2014-10-23,8442.38
2014-10-24,8506.52
2014-10-27,8518.04
2014-10-28,8558.77
2014-10-29,8521.47
2014-10-30,8631.19
2014-10-31,8664.93
2014-11-03,8708.11
2014-11-04,8690.1
2014-11-05,8756.22
2014-11-06,8723.21
2014-11-07,8760.67
2014-11-10,8799.17
2014-11-11,8790.57
2014-11-12,8746.79
2014-11-13,8742.09
2014-11-14,8707.77
2014-11-17,8758.94
2014-11-18,8810.08
2014-11-19,8800.16
2014-11-20,8791.94
2014-11-21,8832.79
2014-11-24,8812.12
2014-11-25,8816.67
2014-11-26,8861.87
2014-11-28,8936.08
2014-12-01,8913.39
2014-12-02,8949.42
2014-12-03,8937.82
2014-12-04,8942.9
2014-12-05,8916.17
2014-12-08,8931.76
2014-12-09,8938.27
2014-12-10,8837.2
2014-12-11,8903.92
2014-12-12,8797.33
2014-12-15,8734.6
2014-12-16,8689.53
2014-12-17,8849.55
2014-12-18,9019.93
2014-12-19,9023.68
2014-12-22,9056.83
2014-12-23,9059.77
2014-12-24,9102.16
2014-12-26,9156.3
2014-12-29,9197.46
2014-12-30,9120.65
2014-12-31,9002.05
2015-01-02,9036.8
2015-01-05,8958.56
2015-01-06,8959.39
2015-01-07,9089.12
2015-01-08,9191.46
2015-01-09,9133.95
2015-01-12,9104.86
2015-01-13,9099.09
2015-01-14,9120.16
2015-01-15,9124.96
2015-01-16,9224.88
2015-01-20,9251.66
2015-01-21,9285.53
2015-01-22,9361.87
2015-01-23,9340.98
2015-01-26,9358.09
2015-01-27,9323.41
2015-01-28,9229.36
2015-01-29,9302.27
2015-01-30,9148.83
2015-02-02,9215.54
2015-02-03,9293.41
2015-02-04,9248.27
2015-02-05,9328.2
2015-02-06,9149.4
2015-02-09,9091.32
2015-02-10,9202.03
2015-02-11,9145.6
2015-02-12,9198.43
2015-02-13,9167.27
2015-02-17,9171.12
2015-02-18,9257.78
2015-02-19,9209.7
2015-02-20,9255.5
2015-02-23,9289.23
2015-02-24,9285.51
2015-02-25,9268.3
2015-02-26,9241.96
2015-02-27,9260.74
2015-03-02,9250.12
2015-03-03,9240.37
2015-03-04,9189.05
2015-03-05,9237.19
2015-03-06,9033.26
2015-03-09,9064.97
2015-03-10,8979.93
2015-03-11,8942.42
2015-03-12,9089.43
2015-03-13,9034.95
2015-03-16,9159.43
2015-03-17,9121.86
2015-03-18,9259.45
2015-03-19,9227.76
2015-03-20,9336.31
2015-03-23,9331.2
2015-03-24,9263.77
2015-03-25,9149.24
2015-03-26,9110.3
2015-03-27,9165.24
2015-03-30,9252.55
2015-03-31,9191.84
2015-04-01,9183.38
2015-04-02,9231.76
2015-04-06,9311.58
2015-04-07,9249.87
2015-04-08,9285.36
2015-04-09,9262.56
2015-04-10,9306.08
2015-04-13,9254.35
2015-04-14,9279.9
2015-04-15,9280.51
2015-04-16,9268.21
2015-04-17,9198.94
2015-04-20,9264.59
2015-04-21,9255.91
2015-04-22,9269.04
2015-04-23,9305.24
2015-04-24,9326.27
2015-04-27,9257.32
2015-04-28,9276.95
2015-04-29,9191.3
2015-04-30,9097.48
2015-05-01,9189.21
2015-05-04,9219.32
2015-05-05,9067.64
2015-05-06,9052.75
2015-05-07,9115.77
2015-05-08,9201.64
2015-05-11,9150.87
2015-05-12,9141.43
2015-05-13,9095.46
2015-05-14,9205.76
2015-05-15,9282.49
2015-05-18,9296.33
2015-05-19,9298.87
2015-05-20,9282.91
2015-05-21,9277.5
2015-05-22,9258.88
2015-05-26,9183.59
2015-05-27,9247.84
2015-05-28,9253.84
2015-05-29,9199.26
2015-06-01,9231.43
2015-06-02,9157.64
2015-06-03,9103.21
2015-06-04,9066.07
2015-06-05,8976.24
2015-06-08,8936.25
2015-06-09,8915.33
2015-06-10,8977.83
2015-06-11,9016.33
2015-06-12,8961.9
2015-06-15,8922.98
2015-06-16,8991.25
2015-06-17,9053.46
2015-06-18,9167.58
2015-06-19,9110.36
2015-06-22,9111.39
2015-06-23,9066.65
2015-06-24,9009.56
2015-06-25,8976.44
2015-06-26,9027.85
2015-06-29,8888.52
2015-06-30,8893.8
2015-07-01,8986.9
2015-07-02,9026.13
2015-07-06,9038.1
2015-07-07,9177.32
2015-07-08,9090.47
2015-07-09,9058.21
2015-07-10,9139.32
2015-07-13,9189.76
2015-07-14,9201.37
2015-07-15,9200.79
2015-07-16,9293.85
2015-07-17,9246.38
2015-07-20,9232.2
2015-07-21,9182.82
2015-07-22,9220.68
2015-07-23,9150.88
2015-07-24,9106.73
2015-07-27,9132.93
2015-07-28,9208.39
2015-07-29,9248
2015-07-30,9259.55
2015-07-31,9320.88
2015-08-03,9351.59
2015-08-04,9299.49
2015-08-05,9328.09
2015-08-06,9304.89
2015-08-07,9325.26
2015-08-10,9344.91
2015-08-11,9350.84
2015-08-12,9421.76
2015-08-13,9431.6
2015-08-14,9485.39
2015-08-17,9538.35
2015-08-18,9524.85
2015-08-19,9507.92
2015-08-20,9405.71
2015-08-21,9200.46
2015-08-24,8841.51
2015-08-25,8640.58
2015-08-26,8879.13
2015-08-27,9020.78
2015-08-28,9008.44
2015-08-31,8883.32
2015-09-01,8670.09
2015-09-02,8762.72
2015-09-03,8788.9
2015-09-04,8659.49
2015-09-08,8863.43
2015-09-09,8737.12
2015-09-10,8753.03
2015-09-11,8835.84
2015-09-14,8827.11
2015-09-15,8910.96
2015-09-16,9014.32
2015-09-17,9089
2015-09-18,9019.77
2015-09-21,9041.05
2015-09-22,8941.57
2015-09-23,8957.94
2015-09-24,8954.94
2015-09-25,8988.46
2015-09-28,8833.41
2015-09-29,8868.18
2015-09-30,9011.14
2015-10-01,8993.76
2015-10-02,9101.96
2015-10-05,9233.55
2015-10-06,9150.62
2015-10-07,9203.15
2015-10-08,9285.14
2015-10-09,9288.16
2015-10-12,9340.46
2015-10-13,9287.76
2015-10-14,9237.77
2015-10-15,9347.3
2015-10-16,9408.73
2015-10-19,9448.84
2015-10-20,9434.68
2015-10-21,9411.46
2015-10-22,9556.69
2015-10-23,9480.83
2015-10-26,9489.88
2015-10-27,9483.24
2015-10-28,9479.01
2015-10-29,9479.99
2015-10-30,9457.24
2015-11-02,9532.27
2015-11-03,9508.22
2015-11-04,9485.37
2015-11-05,9466.28
2015-11-06,9274.44
2015-11-09,9204.83
2015-11-10,9267.01
2015-11-11,9282.09
2015-11-12,9170.95
2015-11-13,9076.59
2015-11-16,9193.1
2015-11-17,9154.28
2015-11-18,9278.38
2015-11-19,9326.19
2015-11-20,9362.83
2015-11-23,9358.72
2015-11-24,9338.53
2015-11-25,9340.07
2015-11-27,9369.31
2015-11-30,9316.34
2015-12-01,9416.81
2015-12-02,9293.89
2015-12-03,9190.2
2015-12-04,9391.07
2015-12-07,9400.95
2015-12-08,9387.11
2015-12-09,9324.53
2015-12-10,9280.32
2015-12-11,9193.93
2015-12-14,9255.85
2015-12-15,9348.22
2015-12-16,9528.18
2015-12-17,9439.22
2015-12-18,9296.93
2015-12-21,9350.45
2015-12-22,9413.51
2015-12-23,9522.23
2015-12-24,9519.35
2015-12-28,9529.84
2015-12-29,9617.04
2015-12-30,9570.17
2015-12-31,9476.1
2016-01-04,9364.09
2016-01-05,9457.06
2016-01-06,9411.62
2016-01-07,9268.63
2016-01-08,9187.61
2016-01-11,9219.97
2016-01-12,9237.44
2016-01-13,9092.85
2016-01-14,9183.67
2016-01-15,9083.42
2016-01-19,9154.98
2016-01-20,9008.12
2016-01-21,9042.69
2016-01-22,9220.39
2016-01-25,9136.18
2016-01-26,9244.03
2016-01-27,9181.96
2016-01-28,9201.89
2016-01-29,9385.95
2016-02-01,9449.56
2016-02-02,9374.5
2016-02-03,9432.46
2016-02-04,9383.27
2016-02-05,9256.44
2016-02-08,9136.54
2016-02-09,9119.6
2016-02-10,9145.82
2016-02-11,9056.82
2016-02-12,9139.28
2016-02-16,9248.54
2016-02-17,9337.53
2016-02-18,9386.28
2016-02-19,9390.69
2016-02-22,9498.23
2016-02-23,9479.43
2016-02-24,9518.87
2016-02-25,9634.15
2016-02-26,9518.19
2016-02-29,9485.15
2016-03-01,9600.34
2016-03-02,9635.15
2016-03-03,9650.01
2016-03-04,9686.38
2016-03-07,9697.37
2016-03-08,9671.88
2016-03-09,9707.56
2016-03-10,9744.19
2016-03-11,9845.1
2016-03-14,9846.09
2016-03-15,9829.15
2016-03-16,9906.48
2016-03-17,9960.5
2016-03-18,9940.86
2016-03-21,9934.5
2016-03-22,9915.99
2016-03-23,9912.62
2016-03-24,9906.59
2016-03-28,9930.27
2016-03-29,10062.42
2016-03-30,10066.35
2016-03-31,10080.82
2016-04-01,10137.94
2016-04-04,10115.37
2016-04-05,10024.37
2016-04-06,10082.39
2016-04-07,10014.47
2016-04-08,10053.33
2016-04-11,10011.66
2016-04-12,10086.38
2016-04-13,10064.05
2016-04-14,10038.47
2016-04-15,10090.58
2016-04-18,10141.91
2016-04-19,10168.8
2016-04-20,10028.79
2016-04-21,9852.6
2016-04-22,9897.3
2016-04-25,9914.27
2016-04-26,9919.47
2016-04-27,9967.07
2016-04-28,9933.05
2016-04-29,9913.81
2016-05-02,10012.25
2016-05-03,9995.43
2016-05-04,10054.99
2016-05-05,10045.17
2016-05-06,10069.58
2016-05-09,10136.75
2016-05-10,10190.79
2016-05-11,10080.67
2016-05-12,10124.84
2016-05-13,10053.76
2016-05-16,10125.2
2016-05-17,9973.91
2016-05-18,9849.31
2016-05-19,9868.29
2016-05-20,9882.42
2016-05-23,9854.46
2016-05-24,9955.63
2016-05-25,9965.87
2016-05-26,10028.31
2016-05-27,10060
2016-05-31,10069.67
2016-06-01,10091.22
2016-06-02,10117.19
2016-06-03,10183.77
2016-06-06,10164.49
2016-06-07,10190.27
2016-06-08,10235.48
2016-06-09,10296.81
2016-06-10,10253.39
2016-06-13,10212.71
2016-06-14,10230.22
2016-06-15,10221.44
2016-06-16,10273.65
2016-06-17,10263.18
2016-06-20,10270.01
2016-06-21,10308.97
2016-06-22,10290.61
2016-06-23,10346.17
2016-06-24,10242.65
2016-06-27,10263.55
2016-06-28,10372.14
2016-06-29,10491.85
2016-06-30,10686.33
2016-07-01,10694.76
2016-07-05,10747.61
2016-07-06,10760.45
2016-07-07,10667.36
2016-07-08,10792.18
2016-07-11,10803.34
2016-07-12,10769.64
2016-07-13,10813.75
2016-07-14,10794.04
2016-07-15,10797.17
2016-07-18,10804.95
2016-07-19,10817.22
2016-07-20,10792.87
2016-07-21,10772.28
2016-07-22,10872.51
2016-07-25,10858.88
2016-07-26,10793.03
2016-07-27,10706.92
2016-07-28,10761.01
2016-07-29,10807.96
2016-08-01,10813.27
2016-08-02,10715.69
2016-08-03,10680.16
2016-08-04,10680.77
2016-08-05,10672.28
2016-08-08,10659.93
2016-08-09,10660.11
2016-08-10,10673.45
2016-08-11,10677.75
2016-08-12,10694.54
2016-08-15,10647.36
2016-08-16,10537.23
2016-08-17,10604.06
2016-08-18,10649.91
2016-08-19,10581.42
2016-08-22,10599.98
2016-08-23,10581.6
2016-08-24,10533.97
2016-08-25,10511.75
2016-08-26,10397.71
2016-08-29,10474.96
2016-08-30,10401.42
2016-08-31,10404.32
2016-09-01,10392.54
2016-09-02,10462.58
2016-09-06,10557.94
2016-09-07,10566.35
2016-09-08,10529.39
2016-09-09,10187.44
2016-09-12,10337.61
2016-09-13,10155.67
2016-09-14,10166.67
2016-09-15,10235.95
2016-09-16,10235.69
2016-09-19,10282.33
2016-09-20,10284.43
2016-09-21,10425.31
2016-09-22,10526.87
2016-09-23,10521.27
2016-09-26,10484.84
2016-09-27,10442.69
2016-09-28,10463.87
2016-09-29,10339.28
2016-09-30,10345.89
2016-10-03,10240.46
2016-10-04,10080.14
2016-10-05,10020.94
2016-10-06,10019.12
2016-10-07,10000.45
2016-10-10,10062.47
2016-10-11,9956.56
2016-10-12,10023.01
2016-10-13,10078.03
2016-10-14,10033.06
2016-10-17,10030.82
2016-10-18,10078.26
2016-10-19,10085.71
2016-10-20,10068.31
2016-10-21,10051.47
2016-10-24,10076.8
2016-10-25,10062.87
2016-10-26,10014.11
2016-10-27,9905.87
2016-10-28,9949.61
2016-10-31,10048.84
2016-11-01,9913.02
2016-11-02,9814.42
2016-11-03,9768.6
2016-11-04,9772.43
2016-11-07,9947.07
2016-11-08,10021.62
2016-11-09,9884.68
2016-11-10,9762.08
2016-11-11,9751.04
2016-11-14,9830.82
2016-11-15,9912.7
2016-11-16,9881.74
2016-11-17,9864.41
2016-11-18,9839.28
2016-11-21,9910.28
2016-11-22,9994.71
2016-11-23,9937.36
2016-11-25,10016.01
2016-11-28,10071.79
2016-11-29,10091.76
2016-11-30,9911.78
2016-12-01,9807.68
2016-12-02,9881.95
2016-12-05,9906
2016-12-06,9921.38
2016-12-07,10068.35
2016-12-08,10083.36
2016-12-09,10134.63
2016-12-12,10187.76
2016-12-13,10241.69
2016-12-14,10085.17
2016-12-15,10127.78
2016-12-16,10205.6
2016-12-19,10242.48
2016-12-20,10250.07
2016-12-21,10202.29
2016-12-22,10188.02
2016-12-23,10203.67
2016-12-27,10217.49
2016-12-28,10131.27
2016-12-29,10211.38
2016-12-30,10196.72
2017-01-03,10235.94
2017-01-04,10317.3
2017-01-05,10316.08
2017-01-06,10311.1
2017-01-09,10225.15
2017-01-10,10209.25
2017-01-11,10235.06
2017-01-12,10247.9
2017-01-13,10239.4
2017-01-17,10316.85
2017-01-18,10315.46
2017-01-19,10235.46
2017-01-20,10285.26
2017-01-23,10278.85
2017-01-24,10296.98
2017-01-25,10289.13
2017-01-26,10288.06
2017-01-27,10235.28
2017-01-30,10203.01
2017-01-31,10269.49
2017-02-01,10177.95
2017-02-02,10270.11
2017-02-03,10311.69
2017-02-06,10294.26
2017-02-07,10305.02
2017-02-08,10367.52
2017-02-09,10397.39
2017-02-10,10435.8
2017-02-13,10469.25
2017-02-14,10439.49
2017-02-15,10453.73
2017-02-16,10498.77
2017-02-17,10538.43
2017-02-21,10639.1
2017-02-22,10631.67
2017-02-23,10676.22
2017-02-24,10742.93
2017-02-27,10723.57
2017-02-28,10730.33
2017-03-01,10721.44
2017-03-02,10724.21
2017-03-03,10703.58
2017-03-06,10645.83
2017-03-07,10610.23
2017-03-08,10514.44
2017-03-09,10468.09
2017-03-10,10502.99
2017-03-13,10510.1
2017-03-14,10482.96
2017-03-15,10647.5
2017-03-16,10589.94
2017-03-17,10610.08
2017-03-20,10588.41
2017-03-21,10584.23
2017-03-22,10600.19
2017-03-23,10609.33
2017-03-24,10628.83
2017-03-27,10601.85
2017-03-28,10629.3
2017-03-29,10642.13
2017-03-30,10619.87
2017-03-31,10633.57
2017-04-03,10632.32
2017-04-04,10623.43
2017-04-05,10641.27
2017-04-06,10666.11
2017-04-07,10665.42
2017-04-10,10702.69
2017-04-11,10721.87
2017-04-12,10739.83
2017-04-13,10694.13
2017-04-17,10780.78
2017-04-18,10800.31
2017-04-19,10774.14
2017-04-20,10782.75
2017-04-21,10763.72
2017-04-24,10782.05
2017-04-25,10811.47
2017-04-26,10756.31
2017-04-27,10748.25
2017-04-28,10723.56
2017-05-01,10701.28
2017-05-02,10721.47
2017-05-03,10638.93
2017-05-04,10679.38
2017-05-05,10751.98
2017-05-08,10718.62
2017-05-09,10678.11
2017-05-10,10717.75
2017-05-11,10695.93
2017-05-12,10678.2
2017-05-15,10719.67
2017-05-16,10649.23
2017-05-17,10637.89
2017-05-18,10662.87
2017-05-19,10716.67
2017-05-22,10778.16
2017-05-23,10785.47
2017-05-24,10840.86
2017-05-25,10902.52
2017-05-26,10892.65
2017-05-30,10869.38
2017-05-31,10896.76
2017-06-01,10994.49
2017-06-02,11038.5
2017-06-05,10995.21
2017-06-06,10971.53
2017-06-07,11005.43
2017-06-08,10937.8
2017-06-09,10950.06
2017-06-12,10987.99
2017-06-13,11023.88
2017-06-14,11054.51
2017-06-15,11087.02
2017-06-16,11037.74
2017-06-19,11056.34
2017-06-20,11017.33
2017-06-21,10987.38
2017-06-22,10984.55
2017-06-23,11005.18
2017-06-26,11062.1
2017-06-27,10951.05
2017-06-28,10953.84
2017-06-29,10842.72
2017-06-30,10837.75
2017-07-03,10866.76
2017-07-05,10806.49
2017-07-06,10688.88
2017-07-07,10723.18
2017-07-10,10655.98
2017-07-11,10637.38
2017-07-12,10728.83
2017-07-13,10737.43
2017-07-14,10822.78
2017-07-17,10855.41
2017-07-18,10839.4
2017-07-19,10890.22
2017-07-20,10907.45
2017-07-21,10946.97
2017-07-24,10890.69
2017-07-25,10908.4
2017-07-26,10969.7
2017-07-27,11003.39
2017-07-28,10972.11
2017-07-31,10976.74
2017-08-01,10993.66
2017-08-02,10991.74
2017-08-03,11009.49
2017-08-04,10993.88
2017-08-07,11021.12
2017-08-08,11015.22
2017-08-09,10998.79
2017-08-10,10925.51
2017-08-11,10894.14
2017-08-14,11007.54
2017-08-15,10964.19
2017-08-16,11009.74
2017-08-17,10913.71
2017-08-18,10877.95
2017-08-21,10940.57
2017-08-22,10970.37
2017-08-23,10999.29
2017-08-24,10936.54
2017-08-25,10980.1
2017-08-28,10956.6
2017-08-29,10945.85
2017-08-30,10975.79
2017-08-31,10995.95
2017-09-01,11010.61
2017-09-05,11009.78
2017-09-06,11022.64
2017-09-07,11083.32
2017-09-08,11074.98
2017-09-11,11150.21
2017-09-12,11071.85
2017-09-13,11043.64
2017-09-14,11098.78
2017-09-15,11124.05
2017-09-18,11053.56
2017-09-19,10977.04
2017-09-20,10910.19
2017-09-21,10866.15
2017-09-22,10829.98
2017-09-25,10897.59
2017-09-26,10901.82
2017-09-27,10815.48
2017-09-28,10856.17
2017-09-29,10856.66
2017-10-02,10853.07
2017-10-03,10845.85
2017-10-04,10916.7
2017-10-05,10946.77
2017-10-06,10919.21
2017-10-09,10892.5
2017-10-10,10960.1
2017-10-11,10990.56
2017-10-12,11034.78
2017-10-13,11018.3
2017-10-16,10980.1
2017-10-17,11007.19
2017-10-18,10978.86
2017-10-19,10988.98
2017-10-20,11005.78
2017-10-23,10987.69
2017-10-24,10953.07
2017-10-25,10887.87
2017-10-26,10858.69
2017-10-27,10886.47
2017-10-30,10863.98
2017-10-31,10888.6
2017-11-01,10863.65
2017-11-02,10892.7
2017-11-03,10886.47
2017-11-06,10900.19
2017-11-07,10998.19
2017-11-08,11060.28
2017-11-09,11051.16
2017-11-10,11067.2
2017-11-13,11130.93
2017-11-14,11172.64
2017-11-15,11081.51
2017-11-16,11167.78
2017-11-17,11133.14
2017-11-20,11116.14
2017-11-21,11138.92
2017-11-22,11139.44
2017-11-24,11157.54
2017-11-27,11165.6
2017-11-28,11208.95
2017-11-29,11248
2017-11-30,11303.79
2017-12-01,11290.7
2017-12-04,11266.52
2017-12-05,11186.6
2017-12-06,11198.92
2017-12-07,11215.29
2017-12-08,11261.78
2017-12-11,11276.02
2017-12-12,11244.44
2017-12-13,11263.96
2017-12-14,11229.54
2017-12-15,11313.96
2017-12-18,11325.2
2017-12-19,11196.77
2017-12-20,11129.45
2017-12-21,11071.47
2017-12-22,11116.93
2017-12-26,11120.43
2017-12-27,11151.79
2017-12-28,11186.1
2017-12-29,11158.74
2018-01-02,11153.43
2018-01-03,11161.93
2018-01-04,11081.82
2018-01-05,11111.85
2018-01-08,11170.16
2018-01-09,11091.9
2018-01-10,10999.97
2018-01-11,10988.78
2018-01-12,10967.83
2018-01-16,10952.15
2018-01-17,11043.2
2018-01-18,10981.31
2018-01-19,11032.41
2018-01-22,11098.63
2018-01-23,11200.49
2018-01-24,11157.01
2018-01-25,11224.39
2018-01-26,11262.32
2018-01-29,11170.53
2018-01-30,11124.88
2018-01-31,11242.49
2018-02-01,11104.86
2018-02-02,10949.13
2018-02-05,10647.15
2018-02-06,10652.31
2018-02-07,10594.14
2018-02-08,10345.95
2018-02-09,10540.16
2018-02-12,10612.4
2018-02-13,10679.02
2018-02-14,10677.03
2018-02-15,10871.29
2018-02-16,10915.3
2018-02-20,10785.22
2018-02-21,10632.02
2018-02-22,10675.75
2018-02-23,10876.86
2018-02-26,10911.68
2018-02-27,10719.74
2018-02-28,10665.73
2018-03-01,10618.96
2018-03-02,10647.46
2018-03-05,10806.75
2018-03-06,10782.94
2018-03-07,10774.69
2018-03-08,10832.82
2018-03-09,10900.09
2018-03-12,10941.39
2018-03-13,10947.39
2018-03-14,10945.85
2018-03-15,10921.1
2018-03-16,10988.29
2018-03-19,10885.08
2018-03-20,10850.01
2018-03-21,10767.47
2018-03-22,10703.38
2018-03-23,10558.02
2018-03-26,10706.49
2018-03-27,10728.58
2018-03-28,10815.89
2018-03-29,10875.74
2018-04-02,10718.28
2018-04-03,10796.57
2018-04-04,10908.48
2018-04-05,10948.69
2018-04-06,10832.62
2018-04-09,10827.48
2018-04-10,10833.33
2018-04-11,10822.93
2018-04-12,10743.95
2018-04-13,10791.43
2018-04-16,10889.83
2018-04-17,10993.25
2018-04-18,10963.82
2018-04-19,10834.91
2018-04-20,10717.75
2018-04-23,10739.83
2018-04-24,10739.76
2018-04-25,10749.57
2018-04-26,10889.07
2018-04-27,11017.08
2018-04-30,10936.38
2018-05-01,10968.73
2018-05-02,10875
2018-05-03,10869.1
2018-05-04,10987.88
2018-05-07,10988.24
2018-05-08,10869.9
2018-05-09,10885.71
2018-05-10,10993.14
2018-05-11,10988.12
2018-05-14,10932.48
2018-05-15,10807.66
2018-05-16,10801.27
2018-05-17,10745.92
2018-05-18,10724.57
2018-05-21,10792.37
2018-05-22,10808.54
2018-05-23,10899.01
2018-05-24,10911.17
2018-05-25,10940.14
2018-05-29,10938.24
2018-05-30,11055.99
2018-05-31,10994.25
2018-06-01,10977.82
2018-06-04,11017.61
2018-06-05,10990.35
2018-06-06,10952.73
2018-06-07,10965.77
2018-06-08,11028.36
2018-06-11,11031.5
2018-06-12,11114.1
2018-06-13,10980.56
2018-06-14,11081.08
2018-06-15,11125.22
2018-06-18,11104.1
2018-06-19,11143.93
2018-06-20,11200.24
2018-06-21,11230.53
2018-06-22,11308.57
2018-06-25,11367.39
2018-06-26,11376.31
2018-06-27,11346.17
2018-06-28,11423.79
2018-06-29,11419.01
2018-07-02,11415.88
2018-07-03,11466.03
2018-07-05,11590.3
2018-07-06,11657.39
2018-07-09,11517.87
2018-07-10,11569.31
2018-07-11,11577.25
2018-07-12,11603.37
2018-07-13,11595.62
2018-07-16,11540.43
2018-07-17,11533.4
2018-07-18,11474.71
2018-07-19,11566.89
2018-07-20,11500.01
2018-07-23,11469.51
2018-07-24,11451.91
2018-07-25,11541.32
2018-07-26,11612.39
2018-07-27,11500.96
2018-07-30,11458.42
2018-07-31,11608.9
2018-08-01,11562.54
2018-08-02,11624.91
2018-08-03,11762.4
2018-08-06,11760.92
2018-08-07,11726.4
2018-08-08,11680.01
2018-08-09,11709.13
2018-08-10,11649.14
2018-08-13,11637.61
2018-08-14,11698.02
2018-08-15,11745.16
2018-08-16,11843.26
2018-08-17,11924.32
2018-08-20,11936.2
2018-08-21,11865.34
2018-08-22,11796.49
2018-08-23,11793.02
2018-08-24,11838.07
2018-08-27,11818.93
2018-08-28,11847.62
2018-08-29,11894.71
2018-08-30,11850.27
2018-08-31,11849.47
2018-09-04,11826
2018-09-05,11901.46
2018-09-06,11933.67
2018-09-07,11838.58
2018-09-10,11892.75
2018-09-11,11883.21
2018-09-12,11905.32
2018-09-13,11969.82
2018-09-14,11897.41
2018-09-17,11911.81
2018-09-18,11881.06
2018-09-19,11751.27
2018-09-20,11830.51
2018-09-21,11862.16
2018-09-24,11723.04
2018-09-25,11672.06
2018-09-26,11593.95
2018-09-27,11633.93
2018-09-28,11763.07
2018-10-01,11704.72
2018-10-02,11729.49
2018-10-03,11611.45
2018-10-04,11586.29
2018-10-05,11645.5
2018-10-08,11726.61
2018-10-09,11736.13
2018-10-10,11566.4
2018-10-11,11318.05
2018-10-12,11374.31
2018-10-15,11412.45
2018-10-16,11617.35
2018-10-17,11616
2018-10-18,11572.89
2018-10-19,11657.07
2018-10-22,11544.87
2018-10-23,11527.65
2018-10-24,11561.54
2018-10-25,11564.84
2018-10-26,11338.24
2018-10-29,11451.31
2018-10-30,11618.34
2018-10-31,11527.28
2018-11-01,11626.67
2018-11-02,11532.98
2018-11-05,11656.56
2018-11-06,11714.18
2018-11-07,11845.86
2018-11-08,11839.82
2018-11-09,11809.47
2018-11-12,11721.72
2018-11-13,11720.14
2018-11-14,11649.38
2018-11-15,11621.68
2018-11-16,11734.12
2018-11-19,11686.87
2018-11-20,11611.84
2018-11-21,11575.04
2018-11-23,11575.71
2018-11-26,11645.63
2018-11-27,11713.78
2018-11-28,11807.54
2018-11-29,11795.89
2018-11-30,11917.65
2018-12-03,12008.12
2018-12-04,11851.56
2018-12-06,11958.93
2018-12-07,11843.33
2018-12-10,11838.71
2018-12-11,11876.48
2018-12-12,11786.1
2018-12-13,11831.45
2018-12-14,11761.18
2018-12-17,11390.02
2018-12-18,11390.35
2018-12-19,11291.45
2018-12-20,11218.11
2018-12-21,11080.11
2018-12-24,10677.48
2018-12-26,10997.69
2018-12-27,11074.51
2018-12-28,11067.72
2018-12-31,11106.96
2019-01-02,10934.98
2019-01-03,10907.14
2019-01-04,11096.39
2019-01-07,11134.72
2019-01-08,11285.8
2019-01-09,11267.88
2019-01-10,11414.28
2019-01-11,11422.32
2019-01-14,11288.04
2019-01-15,11428.33
2019-01-16,11450.37
2019-01-17,11519.06
2019-01-18,11604.12
2019-01-22,11534.48
2019-01-23,11589.19
2019-01-24,11614.45
2019-01-25,11627.97
2019-01-28,11638.7
2019-01-29,11658.68
2019-01-30,11753.38
2019-01-31,11902.09
2019-02-01,11858.77
2019-02-04,11883.63
2019-02-05,11915.48
2019-02-06,11862.39
2019-02-07,11907.01
2019-02-08,11968.48
2019-02-11,11983.62
2019-02-12,12011.85
2019-02-13,12025.84
2019-02-14,12018.38
2019-02-15,12090.08
2019-02-19,12116.84
2019-02-20,12101.36
2019-02-21,12128.7
2019-02-22,12155.46
2019-02-25,12089.37
2019-02-26,12074.94
2019-02-27,12070.08
2019-02-28,12117.93
2019-03-01,12175.94
2019-03-04,12153.02
2019-03-05,12140.96
2019-03-06,12074.53
2019-03-07,12076.99
2019-03-08,12086.94
2019-03-11,12218.78
2019-03-12,12278.51
2019-03-13,12335.11
2019-03-14,12323.63
2019-03-15,12349.61
2019-03-18,12317.28
2019-03-19,12258.32
2019-03-20,12259.77
2019-03-21,12455.3
2019-03-22,12412.04
2019-03-25,12422.09
2019-03-26,12513.1
2019-03-27,12453.57
2019-03-28,12473.37
2019-03-29,12505.65
2019-04-01,12486.3
2019-04-02,12518.03
2019-04-03,12493.66
2019-04-04,12487.04
2019-04-05,12581.9
2019-04-08,12540.27
2019-04-09,12521.17
2019-04-10,12570.16
2019-04-11,12571.09
2019-04-12,12626.07
2019-04-15,12600.12
2019-04-16,12408.27
2019-04-17,12298.33
2019-04-18,12353.88
2019-04-22,12304.37
2019-04-23,12389.48
2019-04-24,12450.95
2019-04-25,12449.45
2019-04-26,12528.72
2019-04-29,12455.91
2019-04-30,12599.02
2019-05-01,12507.2
2019-05-02,12526.07
2019-05-03,12628.3
2019-05-06,12605.37
2019-05-07,12465.31
2019-05-08,12424.3
2019-05-09,12439.51
2019-05-10,12574.22
2019-05-13,12533.37
2019-05-14,12555.02
2019-05-15,12604.14
2019-05-16,12676.58
2019-05-17,12670.67
2019-05-20,12590.36
2019-05-21,12649.24
2019-05-22,12699.02
2019-05-23,12735.29
2019-05-24,12739.95
2019-05-28,12565.29
2019-05-29,12400.61
2019-05-30,12442.87
2019-05-31,12461.36
2019-06-03,12550.75
2019-06-04,12607.61
2019-06-05,12853.71
2019-06-06,12911.32
2019-06-07,12939.34
2019-06-10,12897.04
2019-06-11,12855.78
2019-06-12,12912.6
2019-06-13,12955.11
2019-06-14,12989.83
2019-06-17,13019.35
2019-06-18,12999.31
2019-06-19,13100.41
2019-06-20,13182.08
2019-06-21,13136.43
2019-06-24,13119.55
2019-06-25,13041.22
2019-06-26,12828.07
2019-06-27,12893.35
2019-06-28,12974.27
2019-07-01,12984.56
2019-07-02,13126.43
2019-07-03,13268.8
2019-07-05,13213.79
2019-07-08,13216.36
2019-07-09,13244.37
2019-07-10,13300.93
2019-07-11,13239.07
2019-07-12,13195.79
2019-07-15,13208.8
2019-07-16,13162.46
2019-07-17,13169.02
2019-07-18,13241.02
2019-07-19,13064.44
2019-07-22,13057.34
2019-07-23,13105.52
2019-07-24,13123.33
2019-07-25,13074.45
2019-07-26,13126.65
2019-07-29,13182.02
2019-07-30,13189.95
2019-07-31,13088.53
2019-08-01,13115.86
2019-08-02,13114.52
2019-08-05,12859.6
2019-08-06,13012.52
2019-08-07,13096.61
2019-08-08,13269.86
2019-08-09,13237.38
2019-08-12,13201.68
2019-08-13,13259.55
2019-08-14,13059.68
2019-08-15,13216.76
2019-08-16,13319.18
2019-08-19,13431.22
2019-08-20,13353.9
2019-08-21,13435.71
2019-08-22,13462.15
2019-08-23,13254.64
2019-08-26,13400.1
2019-08-27,13369.69
2019-08-28,13401.4
2019-08-29,13482.4
2019-08-30,13493.37
2019-09-03,13608.45
2019-09-04,13663.53
2019-09-05,13586.25
2019-09-06,13598.14
2019-09-09,13503.68
2019-09-10,13455.2
2019-09-11,13531.44
2019-09-12,13573.75
2019-09-13,13473.91
2019-09-16,13511.32
2019-09-17,13638.09
2019-09-18,13627.74
2019-09-19,13651.14
2019-09-20,13668.33
2019-09-23,13661.94
2019-09-24,13697.57
2019-09-25,13698.6
2019-09-26,13768.41
2019-09-27,13712.36
2019-09-30,13745.3
2019-10-01,13643.82
2019-10-02,13486.92
2019-10-03,13575.15
2019-10-04,13723.72
2019-10-07,13656.65
2019-10-08,13518.62
2019-10-09,13587.52
2019-10-10,13612.69
2019-10-11,13604.56
2019-10-14,13578.26
2019-10-15,13586.67
2019-10-16,13590.44
2019-10-17,13645.32
2019-10-18,13679.22
2019-10-21,13730.03
2019-10-22,13670.44
2019-10-23,13695.87
2019-10-24,13716.33
2019-10-25,13617.27
2019-10-28,13537.66
2019-10-29,13566.45
2019-10-30,13666.94
2019-10-31,13659.48
2019-11-01,13646.85
2019-11-04,13504.53
2019-11-05,13355.23
2019-11-06,13417.42
2019-11-07,13300.85
2019-11-08,13268.38
2019-11-11,13247.59
2019-11-12,13268.42
2019-11-13,13408.8
2019-11-14,13470.1
2019-11-15,13524.51
2019-11-18,13566.48
2019-11-19,13595.56
2019-11-20,13629.11
2019-11-21,13526.06
2019-11-22,13501.66
2019-11-25,13524.7
2019-11-26,13628
2019-11-27,13665.83
2019-11-29,13627.07
2019-12-02,13513.96
2019-12-03,13552.02
2019-12-04,13632.48
2019-12-05,13637.44
2019-12-06,13651.13
2019-12-09,13614.03
2019-12-10,13579.63
2019-12-11,13556.91
2019-12-12,13478.29
2019-12-13,13530.94
2019-12-16,13625.88
2019-12-17,13579.13
2019-12-18,13638.56
2019-12-19,13688.24
2019-12-20,13791.12
2019-12-23,13721.19
2019-12-24,13742.9
2019-12-26,13761.54
2019-12-27,13801.44
2019-12-30,13774.45
2019-12-31,13845.46
2020-01-02,13710.43
2020-01-03,13744.13
2020-01-06,13778.05
2020-01-07,13708.46
2020-01-08,13739.86
2020-01-09,13787.58
2020-01-10,13831.08
2020-01-13,13949.42
2020-01-14,13964.56
2020-01-15,14082.02
2020-01-16,14194.93
2020-01-17,14242.49
2020-01-21,14347.57
2020-01-22,14333.19
2020-01-23,14415.14
2020-01-24,14373.95
2020-01-27,14317.5
2020-01-28,14368.57
2020-01-29,14335.06
2020-01-30,14412.74
2020-01-31,14261.12
2020-02-03,14319.62
2020-02-04,14357.45
2020-02-05,14400.48
2020-02-06,14426.35
2020-02-07,14385.27
2020-02-10,14479.87
2020-02-11,14521.78
2020-02-12,14537.25
2020-02-13,14645.25
2020-02-14,14769.8
2020-02-18,14787.67
2020-02-19,14702.12
2020-02-20,14760.54
2020-02-21,14749.82
2020-02-24,14546.32
2020-02-25,14214.33
2020-02-26,14117.14
2020-02-27,13488.18
2020-02-28,13130.57
2020-03-02,13791.96
2020-03-03,13665.2
2020-03-04,14299.94
2020-03-05,14024.41
2020-03-06,13856.62
2020-03-09,13080.65
2020-03-10,13467.92
2020-03-11,12826.84
2020-03-12,11693.35
2020-03-13,12422.48
2020-03-16,10991.91
2020-03-17,11978.8
2020-03-18,11260.37
2020-03-19,11000.48
2020-03-20,10304.12
2020-03-23,9855.34
2020-03-24,10691.9
2020-03-25,10934.8
2020-03-26,11689.36
2020-03-27,11647.16
2020-03-30,11969.34
2020-03-31,11634.01
2020-04-01,11097.64
2020-04-02,11308.83
2020-04-03,11162.84
2020-04-06,11886.56
2020-04-07,11822.66
2020-04-08,12366.91
2020-04-09,12843.58
2020-04-13,12480.77
2020-04-14,12891.11
2020-04-15,12532.74
2020-04-16,12568.2
2020-04-17,12900.19
2020-04-20,12587.46
2020-04-21,12326.73
2020-04-22,12554.02
2020-04-23,12401.44
2020-04-24,12497.93
2020-04-27,12673.06
2020-04-28,12679.28
2020-04-29,12682.89
2020-04-30,12526.72
2020-05-01,12269.76
2020-05-04,12311.35
2020-05-05,12470.07
2020-05-06,12240.19
2020-05-07,12339.81
2020-05-08,12519.79
2020-05-11,12521.83
2020-05-12,12278.64
2020-05-13,12161.76
2020-05-14,12208.47
2020-05-15,12206.01
2020-05-18,12564.35
2020-05-19,12398.61
2020-05-20,12486.37
2020-05-21,12353.89
2020-05-22,12456.22
2020-05-26,12547.39
2020-05-27,12693.46
2020-05-28,12913.43
2020-05-29,13006.65
2020-06-01,13116.29
2020-06-02,13183.91
2020-06-03,13297.21
2020-06-04,13128.73
2020-06-05,13366.23
2020-06-08,13604.01
2020-06-09,13427.07
2020-06-10,13343.02
2020-06-11,12729.47
2020-06-12,12854.03
2020-06-15,12968.73
2020-06-16,13152.43
2020-06-17,13111.22
2020-06-18,13083.66
2020-06-19,12911.5
2020-06-22,12961.48
2020-06-23,12901.63
2020-06-24,12660.21
2020-06-25,12719.32
2020-06-26,12578.14
2020-06-29,12751
2020-06-30,12905
2020-07-01,13082.34
2020-07-02,13110.03
2020-07-06,13118.84
2020-07-07,13042.72
2020-07-08,13072.06
2020-07-09,12994.76
2020-07-10,13099.66
2020-07-13,12997.81
2020-07-14,13179.16
2020-07-15,13208.25
2020-07-16,13198.87
2020-07-17,13383.26
2020-07-20,13307.96
2020-07-21,13328.78
2020-07-22,13492.84
2020-07-23,13471.58
2020-07-24,13413.01
2020-07-27,13448.85
2020-07-28,13538.46
2020-07-29,13684.6
2020-07-30,13647.44
2020-07-31,13686.43
2020-08-03,13607.15
2020-08-04,13718.9
2020-08-05,13632.03
2020-08-06,13643.89
2020-08-07,13783.01
2020-08-10,13765.75
2020-08-11,13547.28
2020-08-12,13723.56
2020-08-13,13686.37
2020-08-14,13657.83
2020-08-17,13749.07
2020-08-18,13737.34
2020-08-19,13607.59
2020-08-20,13610.13
2020-08-21,13609.22
2020-08-24,13690.31
2020-08-25,13676.5
2020-08-26,13642.96
2020-08-27,13734.72
2020-08-28,13774.3
2020-08-31,13775.73
2020-09-01,13704.62
2020-09-02,14015.62
2020-09-03,13741.66
2020-09-04,13650.54
2020-09-08,13452.77
2020-09-09,13659.72
2020-09-10,13444.91
2020-09-11,13436.24
2020-09-14,13632.22
2020-09-15,13664.62
2020-09-16,13671.82
2020-09-17,13540.15
2020-09-18,13356.19
2020-09-21,13203.71
2020-09-22,13321.69
2020-09-23,13046.59
2020-09-24,13132.96
2020-09-25,13345.68
2020-09-28,13470.84
2020-09-29,13420.3
2020-09-30,13524.53
2020-10-01,13634.22
2020-10-02,13677.75
2020-10-05,13818.57
2020-10-06,13762.3
2020-10-07,13858.34
2020-10-08,14015.85
2020-10-09,14070.35
2020-10-12,14190.54
2020-10-13,14114.25
2020-10-14,14053.07
2020-10-15,14068.67
2020-10-16,14075.78
2020-10-19,13886.66
2020-10-20,13934.71
2020-10-21,13941.95
2020-10-22,13971.33
2020-10-23,14020.37
2020-10-26,13892.95
2020-10-27,13819.18
2020-10-28,13417.88
2020-10-29,13435.63
2020-10-30,13359.6
2020-11-02,13610.96
2020-11-03,13832.32
2020-11-04,13892.87
2020-11-05,14008.63
2020-11-06,13982.36
2020-11-09,14039.58
2020-11-10,14203.81
2020-11-11,14302.95
2020-11-12,14154.03
2020-11-13,14337.29
2020-11-16,14429.27
2020-11-17,14299.87
2020-11-18,14067.14
2020-11-19,14063.36
2020-11-20,14023.5
2020-11-23,13997.67
2020-11-24,14044.63
2020-11-25,14061.7
2020-11-27,14046.01
2020-11-30,14012.85
2020-12-01,14114.01
2020-12-02,14058.02
2020-12-03,14058.36
2020-12-04,14105.73
2020-12-07,14120.17
2020-12-08,14115.5
2020-12-09,14031.67
2020-12-10,13974.82
2020-12-11,13979.22
2020-12-14,13951.6
2020-12-15,14120.8
2020-12-16,14103.34
2020-12-17,14256
2020-12-18,14190.77
2020-12-21,14035.58
2020-12-22,14044.11
2020-12-23,13992.49
2020-12-24,14082.86
2020-12-28,14128.37
2020-12-29,14084.16
2020-12-30,14113.63
2020-12-31,14279.44
2021-01-04,14020.13
2021-01-05,14025.44
2021-01-06,14104.08
2021-01-07,14074
2021-01-08,14155.06
2021-01-11,14046.53
2021-01-12,13977.34
2021-01-13,14097.66
2021-01-14,14015.38
2021-01-15,14112.74
2021-01-19,14080.36
2021-01-20,14223.43
2021-01-21,14166.55
2021-01-22,14172.57
2021-01-25,14351.67
2021-01-26,14404.26
2021-01-27,14203.45
2021-01-28,14186.79
2021-01-29,14046.7
2021-02-01,14173
2021-02-02,14243.43
2021-02-03,14180.62
2021-02-04,14280.29
2021-02-05,14330.49
2021-02-08,14341.96
2021-02-09,14342.68
2021-02-10,14395.59
2021-02-11,14329.67
2021-02-12,14321.99
2021-02-16,14188.43
2021-02-17,14239.96
2021-02-18,14271.66
2021-02-19,14153.81
2021-02-22,14058.07
2021-02-23,14112.42
2021-02-24,14104.52
2021-02-25,13934.09
2021-02-26,13740.93
2021-03-01,13895.35
2021-03-02,13878.6
2021-03-03,13712.93
2021-03-04,13649.06
2021-03-05,13917.02
2021-03-08,13999.28
2021-03-09,14089.37
2021-03-10,14204.31
2021-03-11,14220.86
2021-03-12,14365.87
2021-03-15,14502.65
2021-03-16,14511.64
2021-03-17,14442.61
2021-03-18,14350.9
2021-03-19,14333.32
2021-03-22,14453.46
2021-03-23,14525.11
2021-03-24,14473.32
2021-03-25,14564.85
2021-03-26,14764.13
2021-03-29,14846.88
2021-03-30,14719.6
2021-03-31,14711.03
2021-04-01,14816.18
2021-04-05,14944.66
2021-04-06,14978.25
2021-04-07,14949.96
2021-04-08,14938.18
2021-04-09,14951.02
2021-04-12,15005.01
2021-04-13,15080.86
2021-04-14,15047.7
2021-04-15,15258.35
2021-04-16,15335.48
2021-04-19,15296.27
2021-04-20,15452.46
2021-04-21,15507.96
2021-04-22,15471.66
2021-04-23,15488.69
2021-04-26,15457.17
2021-04-27,15372.2
2021-04-28,15297.85
2021-04-29,15390.53
2021-04-30,15377.87
2021-05-03,15428.85
2021-05-04,15334.81
2021-05-05,15198.01
2021-05-06,15294.06
2021-05-07,15357.99
2021-05-10,15394.15
2021-05-11,15279.77
2021-05-12,15031.35
2021-05-13,15208.96
2021-05-14,15314.19
2021-05-17,15263.44
2021-05-18,15248.87
2021-05-19,15235.07
2021-05-20,15419.97
2021-05-21,15426.3
2021-05-24,15471.21
2021-05-25,15437.77
2021-05-26,15429.29
2021-05-27,15365.35
2021-05-28,15429.17
2021-06-01,15381.77
2021-06-02,15472.22
2021-06-03,15489.09
2021-06-04,15561.36
2021-06-07,15584.11
2021-06-08,15554.71
2021-06-09,15604.75
2021-06-10,15769.51
2021-06-11,15745.67
2021-06-14,15804.18
2021-06-15,15743.57
2021-06-16,15603.6
2021-06-17,15702.21
2021-06-18,15476.88
2021-06-21,15661.14
2021-06-22,15659.16
2021-06-23,15572.53
2021-06-24,15623.55
2021-06-25,15728.42
2021-06-28,15785.08
2021-06-29,15723.35
2021-06-30,15701.17
2021-07-01,15781.94
2021-07-02,15866.73
2021-07-06,15932.72
2021-07-07,16024.66
2021-07-08,15965.35
2021-07-09,16047.23
2021-07-12,16066.73
2021-07-13,15992.81
2021-07-14,16045.87
2021-07-15,16096.16
2021-07-16,16167.2
2021-07-19,16014.04
2021-07-20,16156.88
2021-07-21,16067.46
2021-07-22,16115.38
2021-07-23,16290.94
2021-07-26,16252.07
2021-07-27,16335.22
2021-07-28,16291.25
2021-07-29,16292.3
2021-07-30,16299.85
2021-08-02,16309.04
2021-08-03,16367.04
2021-08-04,16315.34
2021-08-05,16391.72
2021-08-06,16371.16
2021-08-09,16384.13
2021-08-10,16311.36
2021-08-11,16362.64
2021-08-12,16386.35
2021-08-13,16483.12
2021-08-16,16580.09
2021-08-17,16631.39
2021-08-18,16432.72
2021-08-19,16546.77
2021-08-20,16645.56
2021-08-23,16585.95
2021-08-24,16515.53
2021-08-25,16509.84
2021-08-26,16470.92
2021-08-27,16547.18
2021-08-30,16651.16
2021-08-31,16689.73
2021-09-01,16844.02
2021-09-02,16928.63
2021-09-03,16899.05
2021-09-07,16695.98
2021-09-08,16842.36
2021-09-09,16645.63
2021-09-10,16512.04
2021-09-13,16462.94
2021-09-14,16444.95
2021-09-15,16458.46
2021-09-16,16433.39
2021-09-17,16315.94
2021-09-20,16190.37
2021-09-21,16157.97
2021-09-22,16196.68
2021-09-23,16226.12
2021-09-24,16166.06
2021-09-27,15941.78
2021-09-28,15733.68
2021-09-29,15887.22
2021-09-30,15733.05
2021-10-01,15774.37
2021-10-04,15690.66
2021-10-05,15726.95
2021-10-06,15861.85
2021-10-07,15906.28
2021-10-08,15785.18
2021-10-11,15710.27
2021-10-12,15767.09
2021-10-13,15868.36
2021-10-14,16084.01
2021-10-15,16075.04
2021-10-18,16046.7
2021-10-19,16184.72
2021-10-20,16288.98
2021-10-21,16354.1
2021-10-22,16436.55
2021-10-25,16440.02
2021-10-26,16474.56
2021-10-27,16367.36
2021-10-28,16513.73
2021-10-29,16545.36
2021-11-01,16572.92
2021-11-02,16617.2
2021-11-03,16622.3
2021-11-04,16621.06
2021-11-05,16580.04
2021-11-08,16564.79
2021-11-09,16588.22
2021-11-10,16558.35
2021-11-11,16570.32
2021-11-12,16651.58
2021-11-15,16723.67
2021-11-16,16751.09
2021-11-17,16737.11
2021-11-18,16679.87
2021-11-19,16724.77
2021-11-22,16634.66
2021-11-23,16625.44
2021-11-24,16692.05
2021-11-26,16466.42
2021-11-29,16659.12
2021-11-30,16244.39
2021-12-01,16077.36
2021-12-02,16334.27
2021-12-03,16293.7
