Date,S&P 500 Quality - Lowest Quintile Index TR
2011-11-30,227.49
2011-12-01,227.35
2011-12-02,228.82
2011-12-05,232.49
2011-12-06,232.36
2011-12-07,233.3
2011-12-08,225.75
2011-12-09,230.82
2011-12-12,225.68
2011-12-13,222.49
2011-12-14,219.52
2011-12-15,219.91
2011-12-16,220.72
2011-12-19,216.41
2011-12-20,223.84
2011-12-21,224.88
2011-12-22,228.51
2011-12-23,229.52
2011-12-27,228.27
2011-12-28,224.63
2011-12-29,227.56
2011-12-30,226.78
2012-01-03,232.59
2012-01-04,232.54
2012-01-05,234.48
2012-01-06,233.82
2012-01-09,235.19
2012-01-10,238.6
2012-01-11,240.28
2012-01-12,240.68
2012-01-13,238.54
2012-01-17,237.26
2012-01-18,241.73
2012-01-19,244.58
2012-01-20,245.25
2012-01-23,245.38
2012-01-24,245.52
2012-01-25,247.62
2012-01-26,246.76
2012-01-27,246.98
2012-01-30,245.02
2012-01-31,245.77
2012-02-01,248.4
2012-02-02,249.43
2012-02-03,255.03
2012-02-06,254.76
2012-02-07,254.25
2012-02-08,255.51
2012-02-09,254.99
2012-02-10,252.24
2012-02-13,254.32
2012-02-14,252.79
2012-02-15,251.29
2012-02-16,254.18
2012-02-17,255.11
2012-02-21,255.6
2012-02-22,253.99
2012-02-23,255.63
2012-02-24,255.53
2012-02-27,256.3
2012-02-28,257.02
2012-02-29,255.71
2012-03-01,258.49
2012-03-02,257.3
2012-03-05,255.65
2012-03-06,250.01
2012-03-07,253.42
2012-03-08,256.42
2012-03-09,257.66
2012-03-12,256.86
2012-03-13,264.2
2012-03-14,263.36
2012-03-15,266.77
2012-03-16,268.34
2012-03-19,269.32
2012-03-20,269.65
2012-03-21,269
2012-03-22,265.79
2012-03-23,267.84
2012-03-26,271.16
2012-03-27,268.97
2012-03-28,268.3
2012-03-29,266.95
2012-03-30,267.94
2012-04-02,269.71
2012-04-03,268.45
2012-04-04,264.28
2012-04-05,263.56
2012-04-09,259.64
2012-04-10,253.97
2012-04-11,257.38
2012-04-12,262.28
2012-04-13,257.34
2012-04-16,258.08
2012-04-17,261.72
2012-04-18,260.2
2012-04-19,258.95
2012-04-20,258.23
2012-04-23,255.73
2012-04-24,257.8
2012-04-25,260.72
2012-04-26,262.29
2012-04-27,263.9
2012-04-30,263.22
2012-05-01,265.57
2012-05-02,263.84
2012-05-03,260.81
2012-05-04,255.68
2012-05-07,256.41
2012-05-08,254.61
2012-05-09,252.23
2012-05-10,252.82
2012-05-11,250.08
2012-05-14,245.76
2012-05-15,244.06
2012-05-16,241.87
2012-05-17,237.19
2012-05-18,235.6
2012-05-21,239
2012-05-22,240.07
2012-05-23,241.13
2012-05-24,240.85
2012-05-25,240.1
2012-05-29,243.5
2012-05-30,238.24
2012-05-31,238.55
2012-06-01,230.97
2012-06-04,229.68
2012-06-05,232.68
2012-06-06,239.34
2012-06-07,238.54
2012-06-08,241.04
2012-06-11,236.9
2012-06-12,240.49
2012-06-13,238.88
2012-06-14,241.97
2012-06-15,245.1
2012-06-18,244.72
2012-06-19,248.1
2012-06-20,248.59
2012-06-21,242.84
2012-06-22,244.6
2012-06-25,239.94
2012-06-26,240.87
2012-06-27,244.03
2012-06-28,243.77
2012-06-29,249.82
2012-07-02,250.74
2012-07-03,252.7
2012-07-05,249.8
2012-07-06,247.19
2012-07-09,246.04
2012-07-10,243.7
2012-07-11,244.76
2012-07-12,242.89
2012-07-13,248.19
2012-07-16,247.21
2012-07-17,249.14
2012-07-18,248.99
2012-07-19,248.24
2012-07-20,245.62
2012-07-23,243.69
2012-07-24,242.2
2012-07-25,242.72
2012-07-26,246.87
2012-07-27,252.12
2012-07-30,251.6
2012-07-31,250.73
2012-08-01,250.09
2012-08-02,247.97
2012-08-03,253.33
2012-08-06,254.41
2012-08-07,255.49
2012-08-08,255.61
2012-08-09,255.96
2012-08-10,256.7
2012-08-13,256.47
2012-08-14,256.06
2012-08-15,256.48
2012-08-16,257.92
2012-08-17,258.37
2012-08-20,258.75
2012-08-21,258.8
2012-08-22,258.42
2012-08-23,256.09
2012-08-24,257.7
2012-08-27,257.37
2012-08-28,256.77
2012-08-29,257.63
2012-08-30,255.81
2012-08-31,257.14
2012-09-04,256.92
2012-09-05,257.49
2012-09-06,263.48
2012-09-07,266.3
2012-09-10,264.15
2012-09-11,266.56
2012-09-12,267.76
2012-09-13,273.05
2012-09-14,274.47
2012-09-17,272.16
2012-09-18,271.35
2012-09-19,272.34
2012-09-20,271.06
2012-09-21,271.01
2012-09-24,270.52
2012-09-25,266.55
2012-09-26,264.66
2012-09-27,267.64
2012-09-28,266.4
2012-10-01,266.62
2012-10-02,267.48
2012-10-03,269.45
2012-10-04,272.18
2012-10-05,272.32
2012-10-08,271.51
2012-10-09,268.95
2012-10-10,268.5
2012-10-11,269.94
2012-10-12,268.53
2012-10-15,272.52
2012-10-16,274.8
2012-10-17,277.41
2012-10-18,277.71
2012-10-19,273.11
2012-10-22,272.91
2012-10-23,269.01
2012-10-24,268.6
2012-10-25,268.78
2012-10-26,268.09
2012-10-31,269.53
2012-11-01,273.32
2012-11-02,271.66
2012-11-05,271.14
2012-11-06,274.18
2012-11-07,266.42
2012-11-08,264.48
2012-11-09,264.57
2012-11-12,264.66
2012-11-13,263.53
2012-11-14,258.63
2012-11-15,258.88
2012-11-16,260.01
2012-11-19,264.86
2012-11-20,265.54
2012-11-21,265.68
2012-11-23,268.82
2012-11-26,268.02
2012-11-27,266.19
2012-11-28,268.08
2012-11-29,269.39
2012-11-30,268.88
2012-12-03,267.86
2012-12-04,267.51
2012-12-05,270.08
2012-12-06,271.05
2012-12-07,272.9
2012-12-10,272.52
2012-12-11,273.96
2012-12-12,274.93
2012-12-13,273.45
2012-12-14,273.33
2012-12-17,277.98
2012-12-18,281.63
2012-12-19,279.9
2012-12-20,282.59
2012-12-21,279.63
2012-12-24,279.42
2012-12-26,278.97
2012-12-27,278.33
2012-12-28,275.82
2012-12-31,281.03
2013-01-02,288.37
2013-01-03,287.8
2013-01-04,290.45
2013-01-07,289.52
2013-01-08,288.26
2013-01-09,288.79
2013-01-10,291.78
2013-01-11,291.33
2013-01-14,291.25
2013-01-15,292.25
2013-01-16,292.59
2013-01-17,293.17
2013-01-18,295.28
2013-01-22,296.8
2013-01-23,296.35
2013-01-24,297.23
2013-01-25,299.16
2013-01-28,298.56
2013-01-29,298.84
2013-01-30,297.5
2013-01-31,297.02
2013-02-01,300.85
2013-02-04,297.39
2013-02-05,301.02
2013-02-06,301.35
2013-02-07,300.47
2013-02-08,301.96
2013-02-11,302.02
2013-02-12,304.42
2013-02-13,304.69
2013-02-14,303.68
2013-02-15,303.25
2013-02-19,306.36
2013-02-20,300.95
2013-02-21,297.6
2013-02-22,300.99
2013-02-25,293.95
2013-02-26,295.89
2013-02-27,300.37
2013-02-28,299.42
2013-03-01,300.63
2013-03-04,302.18
2013-03-05,304.97
2013-03-06,306.29
2013-03-07,307.07
2013-03-08,308.2
2013-03-11,309.7
2013-03-12,308.48
2013-03-13,308.95
2013-03-14,310.97
2013-03-15,311.17
2013-03-18,309.03
2013-03-19,307.55
2013-03-20,309.79
2013-03-21,306.51
2013-03-22,308.44
2013-03-25,307.56
2013-03-26,309.5
2013-03-27,309.48
2013-03-28,310.3
2013-04-01,308.51
2013-04-02,309.59
2013-04-03,305.01
2013-04-04,306.82
2013-04-05,306.16
2013-04-08,309.09
2013-04-09,309.81
2013-04-10,313.72
2013-04-11,314.13
2013-04-12,313.4
2013-04-15,307.07
2013-04-16,311.48
2013-04-17,305.74
2013-04-18,303.69
2013-04-19,305.86
2013-04-22,306.74
2013-04-23,311.13
2013-04-24,312.93
2013-04-25,314.32
2013-04-26,313.96
2013-04-29,315.96
2013-04-30,316.95
2013-05-01,314.47
2013-05-02,316.88
2013-05-03,319.55
2013-05-06,321.85
2013-05-07,324.38
2013-05-08,326.76
2013-05-09,325.01
2013-05-10,326.51
2013-05-13,326.26
2013-05-14,330.27
2013-05-15,333.18
2013-05-16,331.08
2013-05-17,334.58
2013-05-20,334.61
2013-05-21,336.01
2013-05-22,332.54
2013-05-23,331.41
2013-05-24,330.67
2013-05-28,332.29
2013-05-29,330.82
2013-05-30,332.81
2013-05-31,327.91
2013-06-03,329.15
2013-06-04,327.14
2013-06-05,322.1
2013-06-06,325.39
2013-06-07,330.05
2013-06-10,329.12
2013-06-11,324.36
2013-06-12,321.36
2013-06-13,326.61
2013-06-14,324.62
2013-06-17,327.19
2013-06-18,329.77
2013-06-19,324.79
2013-06-20,315.3
2013-06-21,316.08
2013-06-24,311.67
2013-06-25,315.97
2013-06-26,319.19
2013-06-27,322.45
2013-06-28,321.1
2013-07-01,322.5
2013-07-02,322.49
2013-07-03,322.33
2013-07-05,325.84
2013-07-08,327.9
2013-07-09,331.35
2013-07-10,331.36
2013-07-11,336.47
2013-07-12,338.32
2013-07-15,339.29
2013-07-16,337.52
2013-07-17,338.64
2013-07-18,341.92
2013-07-19,343.09
2013-07-22,344.46
2013-07-23,343.81
2013-07-24,340.97
2013-07-25,342.45
2013-07-26,342.37
2013-07-29,340.71
2013-07-30,341.27
2013-07-31,341.06
2013-08-01,345.63
2013-08-02,345.5
2013-08-05,344.63
2013-08-06,341.61
2013-08-07,340.45
2013-08-08,341.46
2013-08-09,340.34
2013-08-12,339.38
2013-08-13,340.42
2013-08-14,339.07
2013-08-15,333.77
2013-08-16,332.44
2013-08-19,329.16
2013-08-20,331.31
2013-08-21,329.23
2013-08-22,331.77
2013-08-23,332.87
2013-08-26,331.46
2013-08-27,325.9
2013-08-28,326.76
2013-08-29,328.06
2013-08-30,326.92
2013-09-03,328.96
2013-09-04,331.17
2013-09-05,331.79
2013-09-06,332.33
2013-09-09,336.42
2013-09-10,340.4
2013-09-11,341.18
2013-09-12,338.99
2013-09-13,339.93
2013-09-16,341.96
2013-09-17,343.49
2013-09-18,347.88
2013-09-19,347.07
2013-09-20,343.91
2013-09-23,340.87
2013-09-24,340.07
2013-09-25,339.91
2013-09-26,341.17
2013-09-27,339.48
2013-09-30,337.23
2013-10-01,339.76
2013-10-02,340.08
2013-10-03,336.86
2013-10-04,339.17
2013-10-07,335.89
2013-10-08,331.41
2013-10-09,331.75
2013-10-10,340.44
2013-10-11,342.23
2013-10-14,343.79
2013-10-15,341.21
2013-10-16,346.97
2013-10-17,349.98
2013-10-18,351.7
2013-10-21,351.43
2013-10-22,352.6
2013-10-23,349.51
2013-10-24,351.73
2013-10-25,352.64
2013-10-28,351.87
2013-10-29,353.43
2013-10-30,353.01
2013-10-31,350.21
2013-11-01,352.87
2013-11-04,353.08
2013-11-05,351.85
2013-11-06,352.81
2013-11-07,348.08
2013-11-08,353.19
2013-11-11,354.17
2013-11-12,353.04
2013-11-13,355.78
2013-11-14,357.37
2013-11-15,359.51
2013-11-18,358.72
2013-11-19,357.93
2013-11-20,356.48
2013-11-21,359.42
2013-11-22,362.04
2013-11-25,362.32
2013-11-26,361.98
2013-11-27,363.37
2013-11-29,362.7
2013-12-02,361.69
2013-12-03,360.07
2013-12-04,360.33
2013-12-05,358.4
2013-12-06,362.18
2013-12-09,363.47
2013-12-10,362.58
2013-12-11,358.04
2013-12-12,357.42
2013-12-13,358.39
2013-12-16,360.36
2013-12-17,359.93
2013-12-18,366.18
2013-12-19,365.4
2013-12-20,367.12
2013-12-23,368.79
2013-12-24,369.97
2013-12-26,371.07
2013-12-27,371.03
2013-12-30,371.21
2013-12-31,372.86
2014-01-02,371.32
2014-01-03,371.94
2014-01-06,371.86
2014-01-07,372.82
2014-01-08,373.85
2014-01-09,374.82
2014-01-10,375.93
2014-01-13,371.17
2014-01-14,374.9
2014-01-15,378.22
2014-01-16,378.36
2014-01-17,376.94
2014-01-21,378.28
2014-01-22,378.64
2014-01-23,375.07
2014-01-24,366.28
2014-01-27,364.86
2014-01-28,369.08
2014-01-29,365.46
2014-01-30,370.58
2014-01-31,368.44
2014-02-03,359.53
2014-02-04,362.55
2014-02-05,361.07
2014-02-06,365.7
2014-02-07,370.24
2014-02-10,371.04
2014-02-11,374.52
2014-02-12,374.43
2014-02-13,376.92
2014-02-14,377.53
2014-02-18,378.54
2014-02-19,375.94
2014-02-20,378.78
2014-02-21,377.75
2014-02-24,379.84
2014-02-25,378.7
2014-02-26,378.64
2014-02-27,380.89
2014-02-28,380.94
2014-03-03,377.72
2014-03-04,383.91
2014-03-05,385.36
2014-03-06,385.59
2014-03-07,385.25
2014-03-10,384.45
2014-03-11,381.87
2014-03-12,381.61
2014-03-13,377.6
2014-03-14,375.77
2014-03-17,378.87
2014-03-18,381.53
2014-03-19,379.26
2014-03-20,382.45
2014-03-21,379.97
2014-03-24,378.48
2014-03-25,378.93
2014-03-26,376.45
2014-03-27,375.38
2014-03-28,376.13
2014-03-31,380.04
2014-04-01,383.42
2014-04-02,384.67
2014-04-03,383.77
2014-04-04,378.73
2014-04-07,374.98
2014-04-08,376.49
2014-04-09,380.19
2014-04-10,371.54
2014-04-11,366.96
2014-04-14,370.46
2014-04-15,373.55
2014-04-16,377.36
2014-04-17,378.04
2014-04-21,379.12
2014-04-22,381.69
2014-04-23,381.75
2014-04-24,382
2014-04-25,378.02
2014-04-28,376.71
2014-04-29,379.61
2014-04-30,381.07
2014-05-01,382.26
2014-05-02,381.1
2014-05-05,381.56
2014-05-06,377.73
2014-05-07,380.88
2014-05-08,380.43
2014-05-09,380.62
2014-05-12,384.3
2014-05-13,383.99
2014-05-14,382.68
2014-05-15,379.53
2014-05-16,380.77
2014-05-19,381.94
2014-05-20,379.09
2014-05-21,382.3
2014-05-22,384.42
2014-05-23,385.32
2014-05-27,388.37
2014-05-28,388.41
2014-05-29,390.06
2014-05-30,390.05
2014-06-02,390.89
2014-06-03,391.1
2014-06-04,391.86
2014-06-05,394.66
2014-06-06,397.32
2014-06-09,396.91
2014-06-10,396.76
2014-06-11,394.67
2014-06-12,392.03
2014-06-13,392.98
2014-06-16,393.92
2014-06-17,395.54
2014-06-18,397.5
2014-06-19,398.23
2014-06-20,399.26
2014-06-23,400.47
2014-06-24,399.22
2014-06-25,400.18
2014-06-26,399.52
2014-06-27,399.52
2014-06-30,399.58
2014-07-01,402.65
2014-07-02,403.17
2014-07-03,405.42
2014-07-07,403.39
2014-07-08,399.19
2014-07-09,401.13
2014-07-10,399.08
2014-07-11,401.28
2014-07-14,404.4
2014-07-15,404.22
2014-07-16,405.8
2014-07-17,401.5
2014-07-18,405.73
2014-07-21,404.52
2014-07-22,406.93
2014-07-23,407.04
2014-07-24,406.68
2014-07-25,402.76
2014-07-28,402.33
2014-07-29,401.33
2014-07-30,402.14
2014-07-31,394.82
2014-08-01,392.69
2014-08-04,395.44
2014-08-05,392.28
2014-08-06,392.8
2014-08-07,391.08
2014-08-08,395.84
2014-08-11,397.34
2014-08-12,396.15
2014-08-13,398.94
2014-08-14,401.76
2014-08-15,401.17
2014-08-18,404.74
2014-08-19,406.04
2014-08-20,407.39
2014-08-21,408.5
2014-08-22,407.94
2014-08-25,410.27
2014-08-26,411.04
2014-08-27,410.86
2014-08-28,409.85
2014-08-29,411.27
2014-09-02,411.29
2014-09-03,410.62
2014-09-04,410.84
2014-09-05,412.41
2014-09-08,411.27
2014-09-09,407.06
2014-09-10,408.04
2014-09-11,409.22
2014-09-12,406.54
2014-09-15,405.2
2014-09-16,408.2
2014-09-17,408.49
2014-09-18,410.74
2014-09-19,410.92
2014-09-22,406.8
2014-09-23,405.05
2014-09-24,408.39
2014-09-25,402.21
2014-09-26,405.05
2014-09-29,402.67
2014-09-30,401.49
2014-10-01,397.38
2014-10-02,398.39
2014-10-03,404.42
2014-10-06,403.16
2014-10-07,396.4
2014-10-08,403.39
2014-10-09,394.78
2014-10-10,390.5
2014-10-13,384.92
2014-10-14,386.97
2014-10-15,383.2
2014-10-16,383.99
2014-10-17,388.84
2014-10-20,392.97
2014-10-21,400.12
2014-10-22,396.27
2014-10-23,400.76
2014-10-24,401.28
2014-10-27,400.81
2014-10-28,405.14
2014-10-29,403.98
2014-10-30,406.81
2014-10-31,411.41
2014-11-03,412.1
2014-11-04,409.54
2014-11-05,410.75
2014-11-06,412.38
2014-11-07,412.69
2014-11-10,414.18
2014-11-11,414.84
2014-11-12,414.25
2014-11-13,415
2014-11-14,415.34
2014-11-17,416.25
2014-11-18,419.33
2014-11-19,418.16
2014-11-20,417.47
2014-11-21,419.37
2014-11-24,421.53
2014-11-25,421.56
2014-11-26,422.1
2014-11-28,422.38
2014-12-01,418.16
2014-12-02,420.94
2014-12-03,422.37
2014-12-04,421.22
2014-12-05,422.33
2014-12-08,419.81
2014-12-09,420.33
2014-12-10,412.56
2014-12-11,414.19
2014-12-12,407.24
2014-12-15,403.63
2014-12-16,398.26
2014-12-17,406.45
2014-12-18,415.28
2014-12-19,417.97
2014-12-22,420.42
2014-12-23,421.44
2014-12-24,421.25
2014-12-26,422.94
2014-12-29,424.78
2014-12-30,423.07
2014-12-31,419.23
2015-01-02,419.57
2015-01-05,411.44
2015-01-06,406.84
2015-01-07,412.17
2015-01-08,418.68
2015-01-09,414.97
2015-01-12,412.26
2015-01-13,410.64
2015-01-14,407.3
2015-01-15,402.17
2015-01-16,407.02
2015-01-20,406.82
2015-01-21,409.89
2015-01-22,417.09
2015-01-23,415.4
2015-01-26,417.53
2015-01-27,413.14
2015-01-28,407.19
2015-01-29,411.96
2015-01-30,408.88
2015-02-02,413.64
2015-02-03,419.74
2015-02-04,418.64
2015-02-05,423.89
2015-02-06,422.7
2015-02-09,420.73
2015-02-10,425.72
2015-02-11,426
2015-02-12,431.1
2015-02-13,432.46
2015-02-17,432.74
2015-02-18,432.96
2015-02-19,433.47
2015-02-20,437.4
2015-02-23,436.16
2015-02-24,436.68
2015-02-25,438.27
2015-02-26,439.02
2015-02-27,437.87
2015-03-02,440.97
2015-03-03,439.36
2015-03-04,437.27
2015-03-05,438.73
2015-03-06,431.83
2015-03-09,434.2
2015-03-10,426.72
2015-03-11,426.97
2015-03-12,434.21
2015-03-13,431.05
2015-03-16,436.56
2015-03-17,436.39
2015-03-18,441.43
2015-03-19,438.69
2015-03-20,443.34
2015-03-23,442.42
2015-03-24,439.15
2015-03-25,431.98
2015-03-26,431.15
2015-03-27,433.45
2015-03-30,438.43
2015-03-31,434.4
2015-04-01,433.52
2015-04-02,435.75
2015-04-06,438.21
2015-04-07,436.58
2015-04-08,439.8
2015-04-09,441.09
2015-04-10,444.68
2015-04-13,442.67
2015-04-14,444.34
2015-04-15,446.12
2015-04-16,448.18
2015-04-17,443.31
2015-04-20,445.99
2015-04-21,444.94
2015-04-22,446.78
2015-04-23,447.22
2015-04-24,449.54
2015-04-27,447.02
2015-04-28,447.9
2015-04-29,447.91
2015-04-30,443.89
2015-05-01,448.02
2015-05-04,449.15
2015-05-05,444.32
2015-05-06,442.1
2015-05-07,445.31
2015-05-08,450.86
2015-05-11,449.36
2015-05-12,448
2015-05-13,447.46
2015-05-14,452.34
2015-05-15,452.33
2015-05-18,454.31
2015-05-19,454.34
2015-05-20,453.65
2015-05-21,455.16
2015-05-22,455.07
2015-05-26,451.49
2015-05-27,455.81
2015-05-28,455.41
2015-05-29,452.43
2015-06-01,454.33
2015-06-02,453.71
2015-06-03,454.2
2015-06-04,451.11
2015-06-05,451.22
2015-06-08,448.27
2015-06-09,448.92
2015-06-10,454.65
2015-06-11,455.62
2015-06-12,453.21
2015-06-15,451.58
2015-06-16,453.77
2015-06-17,454.14
2015-06-18,459.22
2015-06-19,456.64
2015-06-22,462.37
2015-06-23,464.6
2015-06-24,460.96
2015-06-25,459.16
2015-06-26,459.19
2015-06-29,448.81
2015-06-30,451.08
2015-07-01,454.54
2015-07-02,454.07
2015-07-06,452.12
2015-07-07,453
2015-07-08,444.35
2015-07-09,446.58
2015-07-10,453.09
2015-07-13,458.82
2015-07-14,461.65
2015-07-15,462.04
2015-07-16,467.08
2015-07-17,468.13
2015-07-20,468.17
2015-07-21,466.92
2015-07-22,467.85
2015-07-23,464.69
2015-07-24,462.64
2015-07-27,460.76
2015-07-28,465.18
2015-07-29,468.26
2015-07-30,467.54
2015-07-31,466.37
2015-08-03,465.46
2015-08-04,464.86
2015-08-05,467.11
2015-08-06,463.02
2015-08-07,461.61
2015-08-10,466.49
2015-08-11,462.01
2015-08-12,460.98
2015-08-13,461.22
2015-08-14,463.73
2015-08-17,467.02
2015-08-18,466
2015-08-19,462.73
2015-08-20,450.2
2015-08-21,435.5
2015-08-24,415.78
2015-08-25,411.2
2015-08-26,428.3
2015-08-27,440.41
2015-08-28,440.42
2015-08-31,436.4
2015-09-01,421.86
2015-09-02,429.86
2015-09-03,429.4
2015-09-04,422.57
2015-09-08,433.07
2015-09-09,428.33
2015-09-10,430.35
2015-09-11,431.82
2015-09-14,430.11
2015-09-15,436.89
2015-09-16,440.81
2015-09-17,439.32
2015-09-18,432.52
2015-09-21,434.02
2015-09-22,427.81
2015-09-23,426.39
2015-09-24,424.2
2015-09-25,423.52
2015-09-28,408.49
2015-09-29,407.14
2015-09-30,417.06
2015-10-01,420.51
2015-10-02,426.32
2015-10-05,434.11
2015-10-06,431.74
2015-10-07,435.14
2015-10-08,438.39
2015-10-09,438.38
2015-10-12,439.17
2015-10-13,435.28
2015-10-14,434.03
2015-10-15,442.25
2015-10-16,445.45
2015-10-19,445.35
2015-10-20,443.4
2015-10-21,439.19
2015-10-22,444.03
2015-10-23,451.07
2015-10-26,450.81
2015-10-27,449.88
2015-10-28,456.99
2015-10-29,457.76
2015-10-30,454.74
2015-11-02,460.37
2015-11-03,460.47
2015-11-04,460.55
2015-11-05,462.8
2015-11-06,464.56
2015-11-09,459.56
2015-11-10,462.57
2015-11-11,462.38
2015-11-12,454.43
2015-11-13,449.31
2015-11-16,454.94
2015-11-17,454.38
2015-11-18,463.21
2015-11-19,461.15
2015-11-20,463.23
2015-11-23,462.07
2015-11-24,462.39
2015-11-25,463.13
2015-11-27,463.8
2015-11-30,460.78
2015-12-01,467.39
2015-12-02,462.13
2015-12-03,456.07
2015-12-04,464
2015-12-07,459.42
2015-12-08,456.82
2015-12-09,453.39
2015-12-10,454.17
2015-12-11,443.37
2015-12-14,444.95
2015-12-15,450.71
2015-12-16,459.53
2015-12-17,453.32
2015-12-18,444.47
2015-12-21,448.54
2015-12-22,452.06
2015-12-23,458.68
2015-12-24,458.13
2015-12-28,456.41
2015-12-29,461.72
2015-12-30,458.03
2015-12-31,454.61
2016-01-04,445.87
2016-01-05,446.58
2016-01-06,440.2
2016-01-07,428.23
2016-01-08,423
2016-01-11,423.44
2016-01-12,425.72
2016-01-13,412.52
2016-01-14,420.22
2016-01-15,409.22
2016-01-19,409.04
2016-01-20,403.99
2016-01-21,405.59
2016-01-22,414.87
2016-01-25,407.04
2016-01-26,413.26
2016-01-27,409.94
2016-01-28,412.76
2016-01-29,421.61
2016-02-01,420.36
2016-02-02,410.24
2016-02-03,410.23
2016-02-04,412.2
2016-02-05,403.12
2016-02-08,390.92
2016-02-09,391.01
2016-02-10,392.93
2016-02-11,384.78
2016-02-12,396.28
2016-02-16,403.69
2016-02-17,410.73
2016-02-18,406.81
2016-02-19,407.1
2016-02-22,415.88
2016-02-23,409.31
2016-02-24,410.49
2016-02-25,415.75
2016-02-26,417.28
2016-02-29,413.02
2016-03-01,423.81
2016-03-02,427.21
2016-03-03,430.17
2016-03-04,431.84
2016-03-07,431.43
2016-03-08,423.95
2016-03-09,426.52
2016-03-10,426.07
2016-03-11,435.24
2016-03-14,434.34
2016-03-15,431.16
2016-03-16,432.72
2016-03-17,434.59
2016-03-18,437.62
2016-03-21,437.78
2016-03-22,437.78
2016-03-23,434.56
2016-03-24,433.91
2016-03-28,433.95
2016-03-29,437.56
2016-03-30,438.88
2016-03-31,437.93
2016-04-01,440.23
2016-04-04,438.17
2016-04-05,429.88
2016-04-06,435.3
2016-04-07,429.01
2016-04-08,429.88
2016-04-11,428.8
2016-04-12,433.76
2016-04-13,440.14
2016-04-14,440.66
2016-04-15,439.42
2016-04-18,442.28
2016-04-19,445.53
2016-04-20,448.44
2016-04-21,445.54
2016-04-22,447.14
2016-04-25,444.72
2016-04-26,445.86
2016-04-27,447.64
2016-04-28,445.55
2016-04-29,444.91
2016-05-02,448.6
2016-05-03,443.45
2016-05-04,440.48
2016-05-05,439.96
2016-05-06,440.87
2016-05-09,441.49
2016-05-10,448.85
2016-05-11,445.78
2016-05-12,444.5
2016-05-13,440.34
2016-05-16,443.79
2016-05-17,441.03
2016-05-18,443.81
2016-05-19,441.14
2016-05-20,443.62
2016-05-23,442.16
2016-05-24,448.23
2016-05-25,452.02
2016-05-26,451.48
2016-05-27,453.77
2016-05-31,453.87
2016-06-01,454.9
2016-06-02,457.69
2016-06-03,454.35
2016-06-06,457.34
2016-06-07,457.66
2016-06-08,459.03
2016-06-09,457.83
2016-06-10,451.25
2016-06-13,448.6
2016-06-14,446.71
2016-06-15,445.89
2016-06-16,446.57
2016-06-17,446.26
2016-06-20,449.19
2016-06-21,449.77
2016-06-22,449.03
2016-06-23,455.41
2016-06-24,438.68
2016-06-27,429.93
2016-06-28,438.54
2016-06-29,446.18
2016-06-30,451.4
2016-07-01,453.44
2016-07-05,451.72
2016-07-06,454.97
2016-07-07,453.87
2016-07-08,460.24
2016-07-11,461.37
2016-07-12,463.58
2016-07-13,463.81
2016-07-14,464.94
2016-07-15,464.41
2016-07-18,465.33
2016-07-19,463.35
2016-07-20,466.33
2016-07-21,464.89
2016-07-22,466.67
2016-07-25,465.9
2016-07-26,465.81
2016-07-27,465.2
2016-07-28,467.17
2016-07-29,468.88
2016-08-01,468.88
2016-08-02,466.59
2016-08-03,468.4
2016-08-04,469.13
2016-08-05,473.02
2016-08-08,471.86
2016-08-09,472.49
2016-08-10,471.92
2016-08-11,474.64
2016-08-12,474.18
2016-08-15,475.18
2016-08-16,471.8
2016-08-17,472.57
2016-08-18,473.49
2016-08-19,472.44
2016-08-22,473.16
2016-08-23,474.11
2016-08-24,468.97
2016-08-25,467.24
2016-08-26,467.11
2016-08-29,469.19
2016-08-30,467.79
2016-08-31,466.57
2016-09-01,467.23
2016-09-02,469.32
2016-09-06,472.47
2016-09-07,472.99
2016-09-08,473.18
2016-09-09,460.03
2016-09-12,468.75
2016-09-13,461.52
2016-09-14,460.77
2016-09-15,465.79
2016-09-16,465.49
2016-09-19,464.45
2016-09-20,464.14
2016-09-21,469.65
2016-09-22,474.14
2016-09-23,471.62
2016-09-26,467.49
2016-09-27,470.71
2016-09-28,472.32
2016-09-29,467.72
2016-09-30,470.84
2016-10-03,469.98
2016-10-04,466.9
2016-10-05,468.5
2016-10-06,468.12
2016-10-07,466.71
2016-10-10,469.42
2016-10-11,462.83
2016-10-12,463.31
2016-10-13,462.56
2016-10-14,461.45
2016-10-17,459.19
2016-10-18,464.68
2016-10-19,465.52
2016-10-20,465.99
2016-10-21,467.3
2016-10-24,468.91
2016-10-25,466.09
2016-10-26,463.08
2016-10-27,461.79
2016-10-28,459.43
2016-10-31,458.51
2016-11-01,455.35
2016-11-02,451.44
2016-11-03,447.2
2016-11-04,446.79
2016-11-07,456.17
2016-11-08,457.61
2016-11-09,459.59
2016-11-10,455.61
2016-11-11,452.54
2016-11-14,450.96
2016-11-15,454.87
2016-11-16,454.31
2016-11-17,457.29
2016-11-18,455.33
2016-11-21,461.05
2016-11-22,461.33
2016-11-23,461.86
2016-11-25,463.04
2016-11-28,460.88
2016-11-29,462.62
2016-11-30,460.25
2016-12-01,456.64
2016-12-02,456.93
2016-12-05,459.46
2016-12-06,461.92
2016-12-07,466.63
2016-12-08,466.53
2016-12-09,469.58
2016-12-12,467.88
2016-12-13,471.47
2016-12-14,466.76
2016-12-15,467.8
2016-12-16,467.93
2016-12-19,467.92
2016-12-20,469.25
2016-12-21,469
2016-12-22,468.42
2016-12-23,469.41
2016-12-27,470.52
2016-12-28,467.33
2016-12-29,467.74
2016-12-30,465.01
2017-01-03,469.42
2017-01-04,472.95
2017-01-05,475.42
2017-01-06,477.44
2017-01-09,476.1
2017-01-10,475.57
2017-01-11,476.07
2017-01-12,476.57
2017-01-13,477.1
2017-01-17,478.45
2017-01-18,479.18
2017-01-19,478.4
2017-01-20,479.45
2017-01-23,479.31
2017-01-24,482.09
2017-01-25,485.22
2017-01-26,485.26
2017-01-27,483.89
2017-01-30,481.25
2017-01-31,482.77
2017-02-01,482.94
2017-02-02,483.76
2017-02-03,486.7
2017-02-06,485.44
2017-02-07,485.47
2017-02-08,487.42
2017-02-09,489.5
2017-02-10,492
2017-02-13,492.81
2017-02-14,493.61
2017-02-15,496.29
2017-02-16,494.3
2017-02-17,497.67
2017-02-21,499.98
2017-02-22,498.65
2017-02-23,499.24
2017-02-24,499.89
2017-02-27,500.49
2017-02-28,499.57
2017-03-01,505.53
2017-03-02,503.35
2017-03-03,504.16
2017-03-06,502.85
2017-03-07,501.07
2017-03-08,500.21
2017-03-09,501.42
2017-03-10,502.91
2017-03-13,504.1
2017-03-14,501.98
2017-03-15,506.44
2017-03-16,506.22
2017-03-17,506.23
2017-03-20,505.81
2017-03-21,500.44
2017-03-22,500.96
2017-03-23,500.79
2017-03-24,501.28
2017-03-27,501.86
2017-03-28,504.52
2017-03-29,506.57
2017-03-30,507.25
2017-03-31,506.99
2017-04-03,505.83
2017-04-04,506.14
2017-04-05,505.58
2017-04-06,506.44
2017-04-07,506.19
2017-04-10,506.93
2017-04-11,506.83
2017-04-12,505.89
2017-04-13,503.13
2017-04-17,507.36
2017-04-18,506.2
2017-04-19,505.98
2017-04-20,507.86
2017-04-21,506.27
2017-04-24,511.8
2017-04-25,516.49
2017-04-26,515.96
2017-04-27,516.57
2017-04-28,516.57
2017-05-01,518.06
2017-05-02,518.23
2017-05-03,516.35
2017-05-04,517.46
2017-05-05,519.46
2017-05-08,518.94
2017-05-09,518.37
2017-05-10,518.74
2017-05-11,517.59
2017-05-12,517.55
2017-05-15,519.59
2017-05-16,519.06
2017-05-17,512.37
2017-05-18,514.02
2017-05-19,517.86
2017-05-22,520.78
2017-05-23,520.66
2017-05-24,523.79
2017-05-25,526.31
2017-05-26,526.53
2017-05-30,526.24
2017-05-31,526.91
2017-06-01,532.44
2017-06-02,534.91
2017-06-05,533.9
2017-06-06,532.12
2017-06-07,533.1
2017-06-08,532.16
2017-06-09,529.02
2017-06-12,527.02
2017-06-13,530.51
2017-06-14,531.22
2017-06-15,530.2
2017-06-16,531.23
2017-06-19,534.72
2017-06-20,531.6
2017-06-21,530.21
2017-06-22,530.98
2017-06-23,531.58
2017-06-26,532.67
2017-06-27,528.65
2017-06-28,533.19
2017-06-29,529.62
2017-06-30,530.11
2017-07-03,531.31
2017-07-05,532.3
2017-07-06,527.7
2017-07-07,530.96
2017-07-10,532.33
2017-07-11,531.95
2017-07-12,536.44
2017-07-13,537.56
2017-07-14,540.32
2017-07-17,540.36
2017-07-18,541.06
2017-07-19,544.28
2017-07-20,544.64
2017-07-21,545.16
2017-07-24,544.38
2017-07-25,546.93
2017-07-26,547.48
2017-07-27,547.58
2017-07-28,546.48
2017-07-31,545.52
2017-08-01,547.04
2017-08-02,545.33
2017-08-03,543.19
2017-08-04,545
2017-08-07,546.26
2017-08-08,544.35
2017-08-09,542.97
2017-08-10,534.71
2017-08-11,534.86
2017-08-14,540.31
2017-08-15,540.35
2017-08-16,540.99
2017-08-17,533.04
2017-08-18,532.35
2017-08-21,533.34
2017-08-22,538.07
2017-08-23,536.67
2017-08-24,536.28
2017-08-25,537.47
2017-08-28,536.69
2017-08-29,536.81
2017-08-30,539.86
2017-08-31,543.08
2017-09-01,544.84
2017-09-05,540.78
2017-09-06,543.23
2017-09-07,544.08
2017-09-08,543.88
2017-09-11,550.14
2017-09-12,551.97
2017-09-13,552.49
2017-09-14,552.58
2017-09-15,552.12
2017-09-18,552.36
2017-09-19,553.07
2017-09-20,554.14
2017-09-21,553.93
2017-09-22,554.6
2017-09-25,552.18
2017-09-26,551.46
2017-09-27,553.91
2017-09-28,556.44
2017-09-29,558.25
2017-10-02,560.89
2017-10-03,562.25
2017-10-04,564.74
2017-10-05,568.6
2017-10-06,569.25
2017-10-09,568.64
2017-10-10,570.38
2017-10-11,572.06
2017-10-12,571.33
2017-10-13,572.4
2017-10-16,574.44
2017-10-17,573.15
2017-10-18,574.29
2017-10-19,574.54
2017-10-20,577.44
2017-10-23,574.06
2017-10-24,576.23
2017-10-25,573.01
2017-10-26,572.51
2017-10-27,578.14
2017-10-30,576.7
2017-10-31,577
2017-11-01,577.95
2017-11-02,576.88
2017-11-03,578.6
2017-11-06,580.68
2017-11-07,578.93
2017-11-08,579.86
2017-11-09,577.62
2017-11-10,576.57
2017-11-13,577.53
2017-11-14,576.14
2017-11-15,572.77
2017-11-16,577.02
2017-11-17,576.43
2017-11-20,577.38
2017-11-21,580.55
2017-11-22,580.8
2017-11-24,582.41
2017-11-27,582.66
2017-11-28,588.44
2017-11-29,586.1
2017-11-30,591.66
2017-12-01,591.03
2017-12-04,588.73
2017-12-05,586.75
2017-12-06,586.26
2017-12-07,588.66
2017-12-08,592.15
2017-12-11,593.95
2017-12-12,595.77
2017-12-13,595.96
2017-12-14,592.93
2017-12-15,597.86
2017-12-18,600.96
2017-12-19,598.3
2017-12-20,596.14
2017-12-21,598.36
2017-12-22,598.57
2017-12-26,598.24
2017-12-27,598.69
2017-12-28,601.3
2017-12-29,598.21
2018-01-02,603.38
2018-01-03,605.58
2018-01-04,607.14
2018-01-05,610.73
2018-01-08,612.54
2018-01-09,612.49
2018-01-10,610.81
2018-01-11,615.61
2018-01-12,620.19
2018-01-16,618.77
2018-01-17,621.44
2018-01-18,620.91
2018-01-19,625.79
2018-01-22,630.18
2018-01-23,633.93
2018-01-24,635.43
2018-01-25,634.17
2018-01-26,642.42
2018-01-29,639.05
2018-01-30,633.86
2018-01-31,633.67
2018-02-01,630.93
2018-02-02,622
2018-02-05,599.05
2018-02-06,610.36
2018-02-07,608.05
2018-02-08,586.35
2018-02-09,593.65
2018-02-12,604.19
2018-02-13,605.82
2018-02-14,613.43
2018-02-15,620.01
2018-02-16,619.2
2018-02-20,616.53
2018-02-21,615.03
2018-02-22,615.49
2018-02-23,625.77
2018-02-26,631.15
2018-02-27,621.97
2018-02-28,615.92
2018-03-01,609.26
2018-03-02,612.07
2018-03-05,620.39
2018-03-06,623.64
2018-03-07,623.9
2018-03-08,627.36
2018-03-09,638.74
2018-03-12,638.53
2018-03-13,635.32
2018-03-14,632.49
2018-03-15,632.22
2018-03-16,631.38
2018-03-19,622.61
2018-03-20,624.05
2018-03-21,622.92
2018-03-22,607
2018-03-23,594.72
2018-03-26,608.05
2018-03-27,598.44
2018-03-28,595.93
2018-03-29,601.94
2018-04-02,587.5
2018-04-03,594.84
2018-04-04,601.42
2018-04-05,606.46
2018-04-06,593.16
2018-04-09,595.34
2018-04-10,603.06
2018-04-11,600.87
2018-04-12,604.21
2018-04-13,602.79
2018-04-16,607.86
2018-04-17,615.49
2018-04-18,616.31
2018-04-19,609.32
2018-04-20,603.73
2018-04-23,601.77
2018-04-24,592.22
2018-04-25,592.42
2018-04-26,598.17
2018-04-27,598.8
2018-04-30,596.92
2018-05-01,598.75
2018-05-02,593.29
2018-05-03,592.27
2018-05-04,599.68
2018-05-07,602.27
2018-05-08,602.11
2018-05-09,607.02
2018-05-10,612.81
2018-05-11,611.13
2018-05-14,610.61
2018-05-15,606.27
2018-05-16,608.56
2018-05-17,607.07
2018-05-18,606.23
2018-05-21,610.16
2018-05-22,608.05
2018-05-23,611.73
2018-05-24,611.4
2018-05-25,611.04
2018-05-29,602.94
2018-05-30,611.04
2018-05-31,606.38
2018-06-01,611.43
2018-06-04,614.92
2018-06-05,615.81
2018-06-06,621.74
2018-06-07,623.05
2018-06-08,624.25
2018-06-11,625.3
2018-06-12,627.08
2018-06-13,625.39
2018-06-14,628.45
2018-06-15,628.32
2018-06-18,627.19
2018-06-19,624.7
2018-06-20,625.49
2018-06-21,621.8
2018-06-22,623.31
2018-06-25,613.56
2018-06-26,616.65
2018-06-27,610.13
2018-06-28,615.47
2018-06-29,613.64
2018-07-02,615.54
2018-07-03,612.25
2018-07-05,617.18
2018-07-06,622.12
2018-07-09,629.17
2018-07-10,631.17
2018-07-11,627.14
2018-07-12,631.46
2018-07-13,631.14
2018-07-16,633.88
2018-07-17,636.21
2018-07-18,636.87
2018-07-19,632.69
2018-07-20,634.03
2018-07-23,635.02
2018-07-24,637.21
2018-07-25,643.83
2018-07-26,643.6
2018-07-27,642.2
2018-07-30,638.28
2018-07-31,641.21
2018-08-01,638.5
2018-08-02,639.89
2018-08-03,643.7
2018-08-06,645.13
2018-08-07,645.89
2018-08-08,644.93
2018-08-09,645.12
2018-08-10,638.47
2018-08-13,633.89
2018-08-14,638.73
2018-08-15,633.95
2018-08-16,640.26
2018-08-17,641.84
2018-08-20,644.25
2018-08-21,645.58
2018-08-22,644.92
2018-08-23,642.81
2018-08-24,646.15
2018-08-27,653.12
2018-08-28,653.24
2018-08-29,656.38
2018-08-30,652.35
2018-08-31,651.99
2018-09-04,652.24
2018-09-05,649.46
2018-09-06,648.08
2018-09-07,646.55
2018-09-10,647.88
2018-09-11,649.47
2018-09-12,652.42
2018-09-13,653.26
2018-09-14,653.48
2018-09-17,650.27
2018-09-18,653.46
2018-09-19,656.64
2018-09-20,661.96
2018-09-21,662.46
2018-09-24,658.29
2018-09-25,657.19
2018-09-26,654.93
2018-09-27,656.76
2018-09-28,654.95
2018-10-01,658.01
2018-10-02,656.8
2018-10-03,656.11
2018-10-04,653.3
2018-10-05,650.6
2018-10-08,651.48
2018-10-09,649.33
2018-10-10,630.32
2018-10-11,616.72
2018-10-12,623.57
2018-10-15,621.26
2018-10-16,633.86
2018-10-17,635.68
2018-10-18,627.35
2018-10-19,627.15
2018-10-22,622.09
2018-10-23,620.3
2018-10-24,604.66
2018-10-25,613.79
2018-10-26,601.01
2018-10-29,596.59
2018-10-30,605.78
2018-10-31,612.14
2018-11-01,618.81
2018-11-02,618.74
2018-11-05,622.68
2018-11-06,625.53
2018-11-07,638.13
2018-11-08,637.82
2018-11-09,631.68
2018-11-12,618.65
2018-11-13,619.02
2018-11-14,613.97
2018-11-15,619
2018-11-16,620.64
2018-11-19,611.83
2018-11-20,600.47
2018-11-21,601.36
2018-11-23,598.83
2018-11-26,608.74
2018-11-27,610.54
2018-11-28,624.43
2018-11-29,624.08
2018-11-30,627.87
2018-12-03,634.49
2018-12-04,613.73
2018-12-06,611.97
2018-12-07,597.62
2018-12-10,598.94
2018-12-11,597.61
2018-12-12,600.67
2018-12-13,601.12
2018-12-14,591.38
2018-12-17,578.8
2018-12-18,578.82
2018-12-19,570.9
2018-12-20,561.17
2018-12-21,548.06
2018-12-24,533.56
2018-12-26,559.03
2018-12-27,563.05
2018-12-28,563.68
2018-12-31,568.7
2019-01-02,569.66
2019-01-03,559.28
2019-01-04,578.87
2019-01-07,584.41
2019-01-08,589.04
2019-01-09,589.73
2019-01-10,593.97
2019-01-11,595.61
2019-01-14,593.71
2019-01-15,599.69
2019-01-16,603.71
2019-01-17,609.86
2019-01-18,616.64
2019-01-22,607.76
2019-01-23,607.21
2019-01-24,606.9
2019-01-25,611.14
2019-01-28,608.12
2019-01-29,608.23
2019-01-30,617.01
2019-01-31,620.47
2019-02-01,618.51
2019-02-04,622.02
2019-02-05,626.13
2019-02-06,624.58
2019-02-07,619.37
2019-02-08,620.61
2019-02-11,621
2019-02-12,628.27
2019-02-13,629.76
2019-02-14,627
2019-02-15,634.53
2019-02-19,635.5
2019-02-20,638.07
2019-02-21,636.16
2019-02-22,639.95
2019-02-25,641.84
2019-02-26,641.99
2019-02-27,642.64
2019-02-28,639.46
2019-03-01,643.22
2019-03-04,639.41
2019-03-05,636.71
2019-03-06,631.62
2019-03-07,627.62
2019-03-08,627.03
2019-03-11,633.71
2019-03-12,632.42
2019-03-13,637.44
2019-03-14,638.37
2019-03-15,642.5
2019-03-18,644.01
2019-03-19,644.04
2019-03-20,641.62
2019-03-21,646.38
2019-03-22,632.68
2019-03-25,632.12
2019-03-26,637.23
2019-03-27,633.75
2019-03-28,636.77
2019-03-29,642.07
2019-04-01,650.42
2019-04-02,652.54
2019-04-03,652.64
2019-04-04,654.82
2019-04-05,656.62
2019-04-08,654.11
2019-04-09,650.02
2019-04-10,651.96
2019-04-11,652.34
2019-04-12,657.78
2019-04-15,655.03
2019-04-16,659.09
2019-04-17,658.19
2019-04-18,659.84
2019-04-22,660.07
2019-04-23,665.32
2019-04-24,665.13
2019-04-25,662.53
2019-04-26,669.57
2019-04-29,671.16
2019-04-30,673.98
2019-05-01,667.81
2019-05-02,668.2
2019-05-03,675.19
2019-05-06,671.44
2019-05-07,658.99
2019-05-08,657.43
2019-05-09,654.98
2019-05-10,657.39
2019-05-13,641.7
2019-05-14,647.79
2019-05-15,650.05
2019-05-16,654.75
2019-05-17,651
2019-05-20,646.96
2019-05-21,653.03
2019-05-22,649.21
2019-05-23,642.66
2019-05-24,642.59
2019-05-28,635.52
2019-05-29,631.54
2019-05-30,632.92
2019-05-31,624.87
2019-06-03,626.48
2019-06-04,639.82
2019-06-05,643.79
2019-06-06,647.33
2019-06-07,651.26
2019-06-10,653.53
2019-06-11,654.5
2019-06-12,652.96
2019-06-13,655.95
2019-06-14,654.87
2019-06-17,655.85
2019-06-18,663.38
2019-06-19,663.95
2019-06-20,669.43
2019-06-21,668.9
2019-06-24,666.5
2019-06-25,659.15
2019-06-26,658.04
2019-06-27,661.8
2019-06-28,667.96
2019-07-01,671.17
2019-07-02,674.39
2019-07-03,680.75
2019-07-05,679.44
2019-07-08,675.33
2019-07-09,675.9
2019-07-10,677.79
2019-07-11,682.08
2019-07-12,686.58
2019-07-15,685.33
2019-07-16,683.83
2019-07-17,679.01
2019-07-18,680.75
2019-07-19,677.38
2019-07-22,676.31
2019-07-23,680.34
2019-07-24,684.12
2019-07-25,681.18
2019-07-26,687.02
2019-07-29,685.35
2019-07-30,683.39
2019-07-31,675.49
2019-08-01,668.53
2019-08-02,666.91
2019-08-05,649.1
2019-08-06,656.27
2019-08-07,657.04
2019-08-08,669.3
2019-08-09,667.19
2019-08-12,658.78
2019-08-13,666.24
2019-08-14,647.39
2019-08-15,648.67
2019-08-16,658.32
2019-08-19,665.73
2019-08-20,661.78
2019-08-21,666.68
2019-08-22,668.12
2019-08-23,653.92
2019-08-26,659.17
2019-08-27,652.85
2019-08-28,658.42
2019-08-29,666.53
2019-08-30,667.3
2019-09-03,663.01
2019-09-04,669.84
2019-09-05,675.42
2019-09-06,677.44
2019-09-09,678.36
2019-09-10,678.51
2019-09-11,683.91
2019-09-12,685.4
2019-09-13,684.67
2019-09-16,681.45
2019-09-17,683.94
2019-09-18,684.1
2019-09-19,683.78
2019-09-20,680
2019-09-23,680.66
2019-09-24,675.71
2019-09-25,680.79
2019-09-26,680.18
2019-09-27,678.64
2019-09-30,681.92
2019-10-01,672.38
2019-10-02,660.68
2019-10-03,665.51
2019-10-04,673.08
2019-10-07,671.31
2019-10-08,662.79
2019-10-09,667.66
2019-10-10,672.46
2019-10-11,679.09
2019-10-14,678.19
2019-10-15,683.58
2019-10-16,682.89
2019-10-17,685.68
2019-10-18,683.53
2019-10-21,686.56
2019-10-22,683.43
2019-10-23,684.46
2019-10-24,683.09
2019-10-25,684.77
2019-10-28,688.2
2019-10-29,690.51
2019-10-30,693.98
2019-10-31,690.95
2019-11-01,698.3
2019-11-04,699.62
2019-11-05,698.28
2019-11-06,700.91
2019-11-07,703.5
2019-11-08,706.78
2019-11-11,706.77
2019-11-12,707.96
2019-11-13,708.42
2019-11-14,710.42
2019-11-15,715.51
2019-11-18,717.31
2019-11-19,714.11
2019-11-20,710.64
2019-11-21,708.82
2019-11-22,710.75
2019-11-25,713.64
2019-11-26,714.46
2019-11-27,717.77
2019-11-29,715.78
2019-12-02,708.55
2019-12-03,703.92
2019-12-04,708.21
2019-12-05,708.29
2019-12-06,715.45
2019-12-09,712.65
2019-12-10,710.62
2019-12-11,710.63
2019-12-12,717.07
2019-12-13,716.75
2019-12-16,720.59
2019-12-17,720.03
2019-12-18,720.76
2019-12-19,724.84
2019-12-20,728.06
2019-12-23,728.18
2019-12-24,728.55
2019-12-26,730.28
2019-12-27,730.04
2019-12-30,724.58
2019-12-31,726.58
2020-01-02,733.43
2020-01-03,728.76
2020-01-06,731.58
2020-01-07,730.6
2020-01-08,735
2020-01-09,739.66
2020-01-10,735.77
2020-01-13,739.56
2020-01-14,739.83
2020-01-15,740.88
2020-01-16,747.64
2020-01-17,750.33
2020-01-21,746.97
2020-01-22,745.59
2020-01-23,747.36
2020-01-24,740.03
2020-01-27,728.1
2020-01-28,735.59
2020-01-29,732.38
2020-01-30,734.23
2020-01-31,722.48
2020-02-03,726.84
2020-02-04,738.36
2020-02-05,746.27
2020-02-06,749.39
2020-02-07,746.46
2020-02-10,753.8
2020-02-11,757.93
2020-02-12,762.6
2020-02-13,761.77
2020-02-14,761.96
2020-02-18,759.05
2020-02-19,763.19
2020-02-20,760.66
2020-02-21,754.28
2020-02-24,729.93
2020-02-25,708.21
2020-02-26,703.02
2020-02-27,674.54
2020-02-28,666.36
2020-03-02,694.91
2020-03-03,677.42
2020-03-04,705.68
2020-03-05,677.73
2020-03-06,666.24
2020-03-09,612.3
2020-03-10,643.7
2020-03-11,606.53
2020-03-12,543.79
2020-03-13,594.31
2020-03-16,515.22
2020-03-17,538.09
2020-03-18,498.22
2020-03-19,510.12
2020-03-20,488.8
2020-03-23,478.44
2020-03-24,527.68
2020-03-25,537.54
2020-03-26,576.06
2020-03-27,552.93
2020-03-30,568.3
2020-03-31,556.2
2020-04-01,527.46
2020-04-02,537.27
2020-04-03,527.59
2020-04-06,567.5
2020-04-07,568.46
2020-04-08,588.12
2020-04-09,602.79
2020-04-13,593.14
2020-04-14,608.92
2020-04-15,593.52
2020-04-16,594.46
2020-04-17,615.75
2020-04-20,603.59
2020-04-21,582.9
2020-04-22,593.62
2020-04-23,592.42
2020-04-24,599.2
2020-04-27,612.45
2020-04-28,612.76
2020-04-29,624.94
2020-04-30,614.07
2020-05-01,596.71
2020-05-04,597.29
2020-05-05,599.23
2020-05-06,592.38
2020-05-07,601.16
2020-05-08,614.18
2020-05-11,612.49
2020-05-12,600.52
2020-05-13,588.26
2020-05-14,596.66
2020-05-15,600.68
2020-05-18,625.17
2020-05-19,619.31
2020-05-20,629.62
2020-05-21,627.29
2020-05-22,628.4
2020-05-26,638.26
2020-05-27,651.87
2020-05-28,646.62
2020-05-29,646.59
2020-06-01,651.98
2020-06-02,657.19
2020-06-03,671.37
2020-06-04,673.88
2020-06-05,693.73
2020-06-08,707.05
2020-06-09,697.12
2020-06-10,686.41
2020-06-11,640.75
2020-06-12,653.56
2020-06-15,660.58
2020-06-16,672.46
2020-06-17,668.34
2020-06-18,668.75
2020-06-19,663.55
2020-06-22,669.9
2020-06-23,669.87
2020-06-24,653.01
2020-06-25,658.67
2020-06-26,643.09
2020-06-29,653.88
2020-06-30,662.64
2020-07-01,667.96
2020-07-02,669.1
2020-07-06,679.91
2020-07-07,672.66
2020-07-08,678.56
2020-07-09,673.57
2020-07-10,684.15
2020-07-13,674.35
2020-07-14,682.02
2020-07-15,690.66
2020-07-16,689.02
2020-07-17,688.19
2020-07-20,692.83
2020-07-21,693.47
2020-07-22,696.67
2020-07-23,690.65
2020-07-24,687.79
2020-07-27,693.04
2020-07-28,688.94
2020-07-29,695.31
2020-07-30,694.33
2020-07-31,696.27
2020-08-03,700.39
2020-08-04,705.22
2020-08-05,710.45
2020-08-06,714.48
2020-08-07,713.58
2020-08-10,714.24
2020-08-11,711.84
2020-08-12,720.88
2020-08-13,718.93
2020-08-14,718.58
2020-08-17,723.12
2020-08-18,724.23
2020-08-19,719.98
2020-08-20,718.99
2020-08-21,719.05
2020-08-24,728.38
2020-08-25,731.04
2020-08-26,747.8
2020-08-27,747.31
2020-08-28,750.58
2020-08-31,748.68
2020-09-01,755.68
2020-09-02,767.2
2020-09-03,742.59
2020-09-04,736.12
2020-09-08,721.38
2020-09-09,733.29
2020-09-10,722.16
2020-09-11,722.81
2020-09-14,728.63
2020-09-15,734.2
2020-09-16,733.27
2020-09-17,725.51
2020-09-18,717.62
2020-09-21,708.72
2020-09-22,715.15
2020-09-23,697.78
2020-09-24,698.62
2020-09-25,708.05
2020-09-28,721.16
2020-09-29,716.8
2020-09-30,722.43
2020-10-01,728.4
2020-10-02,722.25
2020-10-05,733.2
2020-10-06,722.7
2020-10-07,738.2
2020-10-08,744.36
2020-10-09,750.19
2020-10-12,756.98
2020-10-13,756.35
2020-10-14,750.87
2020-10-15,751.88
2020-10-16,751.1
2020-10-19,741.53
2020-10-20,742.25
2020-10-21,735.95
2020-10-22,737.67
2020-10-23,740.98
2020-10-26,726.86
2020-10-27,721.63
2020-10-28,700.28
2020-10-29,707.63
2020-10-30,699.46
2020-11-02,707.67
2020-11-03,722.95
2020-11-04,735.01
2020-11-05,751.21
2020-11-06,749.91
2020-11-09,758.27
2020-11-10,759.01
2020-11-11,764.84
2020-11-12,754.31
2020-11-13,764.61
2020-11-16,776.5
2020-11-17,775.94
2020-11-18,768.07
2020-11-19,772.98
2020-11-20,768.06
2020-11-23,774.98
2020-11-24,789.48
2020-11-25,785.21
2020-11-27,786.47
2020-11-30,783.39
2020-12-01,789.78
2020-12-02,787.29
2020-12-03,785.98
2020-12-04,795.64
2020-12-07,795.55
2020-12-08,796.58
2020-12-09,793.39
2020-12-10,793.65
2020-12-11,793.59
2020-12-14,792.13
2020-12-15,802.03
2020-12-16,806.16
2020-12-17,810.79
2020-12-18,810.27
2020-12-21,804.29
2020-12-22,801.78
2020-12-23,802.52
2020-12-24,803.36
2020-12-28,807.65
2020-12-29,805.65
2020-12-30,806.88
2020-12-31,812.54
2021-01-04,796.43
2021-01-05,802.74
2021-01-06,808.97
2021-01-07,815.31
2021-01-08,820.06
2021-01-11,815.7
2021-01-12,817.92
2021-01-13,816.18
2021-01-14,814.09
2021-01-15,809.9
2021-01-19,812.09
2021-01-20,826.22
2021-01-21,823.78
2021-01-22,818.9
2021-01-25,814.96
2021-01-26,814.12
2021-01-27,789
2021-01-28,799.92
2021-01-29,787.29
2021-02-01,799.24
2021-02-02,814.77
2021-02-03,815.23
2021-02-04,828.21
2021-02-05,832.17
2021-02-08,838
2021-02-09,838.26
2021-02-10,838.47
2021-02-11,836.63
2021-02-12,839.11
2021-02-16,843.08
2021-02-17,842.81
2021-02-18,842.99
2021-02-19,843.71
2021-02-22,841.55
2021-02-23,840.22
2021-02-24,854.06
2021-02-25,835.18
2021-02-26,829.18
2021-03-01,843.68
2021-03-02,840.09
2021-03-03,830.87
2021-03-04,817.97
2021-03-05,830.36
2021-03-08,832.71
2021-03-09,839.81
2021-03-10,848.94
2021-03-11,857.49
2021-03-12,865.28
2021-03-15,873.53
2021-03-16,869.14
2021-03-17,874.02
2021-03-18,863.56
2021-03-19,866.44
2021-03-22,868.88
2021-03-23,858.65
2021-03-24,854.74
2021-03-25,861.43
2021-03-26,876.95
2021-03-29,874.3
2021-03-30,874.38
2021-03-31,874.3
2021-04-01,882.55
2021-04-05,893.89
2021-04-06,895.53
2021-04-07,894.21
2021-04-08,898.68
2021-04-09,904.56
2021-04-12,905.04
2021-04-13,905.67
2021-04-14,904.17
2021-04-15,910.93
2021-04-16,914.69
2021-04-19,909.12
2021-04-20,900.77
2021-04-21,906.31
2021-04-22,903.18
2021-04-23,911.95
2021-04-26,912.69
2021-04-27,915.25
2021-04-28,913.82
2021-04-29,918.19
2021-04-30,912.9
2021-05-03,914.48
2021-05-04,907.95
2021-05-05,906.4
2021-05-06,911.86
2021-05-07,919.41
2021-05-10,914.03
2021-05-11,905.03
2021-05-12,883.35
2021-05-13,893.61
2021-05-14,907.55
2021-05-17,906.6
2021-05-18,901.13
2021-05-19,895.65
2021-05-20,904.27
2021-05-21,904.76
2021-05-24,911.69
2021-05-25,911.14
2021-05-26,914.32
2021-05-27,919.08
2021-05-28,919.12
2021-06-01,921.37
2021-06-02,922.3
2021-06-03,917
2021-06-04,921.5
2021-06-07,919.69
2021-06-08,920.56
2021-06-09,916.64
2021-06-10,921.69
2021-06-11,926.62
2021-06-14,925.93
2021-06-15,925
2021-06-16,920.28
2021-06-17,917.23
2021-06-18,906.27
2021-06-21,919.29
2021-06-22,924.23
2021-06-23,924.76
2021-06-24,929.72
2021-06-25,932.89
2021-06-28,931.92
2021-06-29,932.52
2021-06-30,934.83
2021-07-01,940.66
2021-07-02,946.05
2021-07-06,944.57
2021-07-07,945.16
2021-07-08,938.34
2021-07-09,950.05
2021-07-12,953.61
2021-07-13,944.76
2021-07-14,943.64
2021-07-15,938.28
2021-07-16,929.12
2021-07-19,915.48
2021-07-20,930.84
2021-07-21,942.23
2021-07-22,946.57
2021-07-23,954.55
2021-07-26,957.6
2021-07-27,953.13
2021-07-28,954.25
2021-07-29,956.87
2021-07-30,948.11
2021-08-02,946.9
2021-08-03,952.61
2021-08-04,948.76
2021-08-05,956.77
2021-08-06,956.25
2021-08-09,952.4
2021-08-10,953.17
2021-08-11,957.37
2021-08-12,958.14
2021-08-13,958.49
2021-08-16,959.3
2021-08-17,949.56
2021-08-18,938.71
2021-08-19,938.39
2021-08-20,947.78
2021-08-23,958.72
2021-08-24,962.18
2021-08-25,965.82
2021-08-26,959.17
2021-08-27,969.68
2021-08-30,972.35
2021-08-31,973.93
2021-09-01,972.42
2021-09-02,976.29
2021-09-03,976.1
2021-09-07,970.51
2021-09-08,968.33
2021-09-09,965.95
2021-09-10,962.01
2021-09-13,963.21
2021-09-14,958.13
2021-09-15,962.44
2021-09-16,963.17
2021-09-17,955.66
2021-09-20,940.43
2021-09-21,940.5
2021-09-22,953.04
2021-09-23,965.49
2021-09-24,963.97
2021-09-27,963.88
2021-09-28,942.75
2021-09-29,944.84
2021-09-30,931.48
2021-10-01,943.37
2021-10-04,931.01
2021-10-05,939.9
2021-10-06,943.06
2021-10-07,951.05
2021-10-08,945.66
2021-10-11,940.04
2021-10-12,941.31
2021-10-13,942.75
2021-10-14,956.72
2021-10-15,961.93
2021-10-18,965.56
2021-10-19,967.19
2021-10-20,967.87
2021-10-21,973.17
2021-10-22,973.93
2021-10-25,974.98
2021-10-26,979.45
2021-10-27,972.22
2021-10-28,980.16
2021-10-29,978.74
2021-11-01,986.03
2021-11-02,991.38
2021-11-03,999.58
2021-11-04,1009.73
2021-11-05,1018.48
2021-11-08,1022.29
2021-11-09,1018.84
2021-11-10,1006.99
2021-11-11,1009.07
2021-11-12,1014.04
2021-11-15,1015.65
2021-11-16,1018.74
2021-11-17,1014.11
2021-11-18,1021.71
2021-11-19,1017.02
2021-11-22,1012.11
2021-11-23,1015.12
2021-11-24,1021.29
2021-11-26,993.53
2021-11-29,1006.11
2021-11-30,986.28
2021-12-01,969.19
2021-12-02,994.8
2021-12-03,985.05
