Date,S&P 500 Pure Value (TR)
2011-11-30,4500.62
2011-12-01,4486.53
2011-12-02,4482.59
2011-12-05,4538.63
2011-12-06,4530.85
2011-12-07,4542.35
2011-12-08,4415.37
2011-12-09,4497.44
2011-12-12,4424.68
2011-12-13,4377.24
2011-12-14,4328.95
2011-12-15,4364.9
2011-12-16,4367.88
2011-12-19,4253.66
2011-12-20,4419.32
2011-12-21,4448.33
2011-12-22,4528.5
2011-12-23,4560.69
2011-12-27,4506.31
2011-12-28,4429.09
2011-12-29,4488.33
2011-12-30,4479.87
2012-01-03,4584.12
2012-01-04,4574.74
2012-01-05,4591.57
2012-01-06,4577.82
2012-01-09,4594.37
2012-01-10,4690.08
2012-01-11,4727.79
2012-01-12,4749.98
2012-01-13,4697.05
2012-01-17,4685.2
2012-01-18,4792.46
2012-01-19,4839.27
2012-01-20,4863.78
2012-01-23,4874.27
2012-01-24,4879.47
2012-01-25,4897.93
2012-01-26,4832.94
2012-01-27,4844.12
2012-01-30,4802.85
2012-01-31,4798.25
2012-02-01,4900.63
2012-02-02,4915.77
2012-02-03,5060.45
2012-02-06,5055.16
2012-02-07,5058.34
2012-02-08,5113.72
2012-02-09,5120.06
2012-02-10,5062.14
2012-02-13,5098.26
2012-02-14,5080.47
2012-02-15,5083.2
2012-02-16,5176.5
2012-02-17,5191.63
2012-02-21,5181.03
2012-02-22,5130.38
2012-02-23,5184.72
2012-02-24,5178.65
2012-02-27,5200.21
2012-02-28,5209.78
2012-02-29,5164.49
2012-03-01,5216.33
2012-03-02,5194.57
2012-03-05,5159.66
2012-03-06,5029.57
2012-03-07,5088.37
2012-03-08,5154.2
2012-03-09,5195.19
2012-03-12,5164.5
2012-03-13,5293.01
2012-03-14,5272.61
2012-03-15,5359.2
2012-03-16,5358.07
2012-03-19,5365
2012-03-20,5344.49
2012-03-21,5331.02
2012-03-22,5242.91
2012-03-23,5278.36
2012-03-26,5350.06
2012-03-27,5317.67
2012-03-28,5276.95
2012-03-29,5240.43
2012-03-30,5235.92
2012-04-02,5279.68
2012-04-03,5230.37
2012-04-04,5160.38
2012-04-05,5129.26
2012-04-09,5042.23
2012-04-10,4922.67
2012-04-11,4978.96
2012-04-12,5082.5
2012-04-13,4982.74
2012-04-16,4981.29
2012-04-17,5051.19
2012-04-18,4990.66
2012-04-19,4972.57
2012-04-20,4956.31
2012-04-23,4923.03
2012-04-24,4958.28
2012-04-25,5017.75
2012-04-26,5043.38
2012-04-27,5044.32
2012-04-30,5030.86
2012-05-01,5085.24
2012-05-02,5039.56
2012-05-03,4954.86
2012-05-04,4855.97
2012-05-07,4852.31
2012-05-08,4828.37
2012-05-09,4818.22
2012-05-10,4840.76
2012-05-11,4808.72
2012-05-14,4731.52
2012-05-15,4676.69
2012-05-16,4615.41
2012-05-17,4525.35
2012-05-18,4478.12
2012-05-21,4557.66
2012-05-22,4566.37
2012-05-23,4577.73
2012-05-24,4588.41
2012-05-25,4606.87
2012-05-29,4681.78
2012-05-30,4580.55
2012-05-31,4567.27
2012-06-01,4416.36
2012-06-04,4386.08
2012-06-05,4448.95
2012-06-06,4586.15
2012-06-07,4570.99
2012-06-08,4609.92
2012-06-11,4517.1
2012-06-12,4585.88
2012-06-13,4537.69
2012-06-14,4585.45
2012-06-15,4643.97
2012-06-18,4627.83
2012-06-19,4713.37
2012-06-20,4730.97
2012-06-21,4601.65
2012-06-22,4637.32
2012-06-25,4522.89
2012-06-26,4560.46
2012-06-27,4626.32
2012-06-28,4656.28
2012-06-29,4777.91
2012-07-02,4785.21
2012-07-03,4838.88
2012-07-05,4778.55
2012-07-06,4735.67
2012-07-09,4682.08
2012-07-10,4640.82
2012-07-11,4657.14
2012-07-12,4592.61
2012-07-13,4685.42
2012-07-16,4662.16
2012-07-17,4700.55
2012-07-18,4719.77
2012-07-19,4701.82
2012-07-20,4620.32
2012-07-23,4577.64
2012-07-24,4522.74
2012-07-25,4524.13
2012-07-26,4620.3
2012-07-27,4734.13
2012-07-30,4730.34
2012-07-31,4726.18
2012-08-01,4698.22
2012-08-02,4656.92
2012-08-03,4771.06
2012-08-06,4809.12
2012-08-07,4873.21
2012-08-08,4953.06
2012-08-09,4971.72
2012-08-10,4989.23
2012-08-13,4996.52
2012-08-14,4991.74
2012-08-15,5007.25
2012-08-16,5054.75
2012-08-17,5070.32
2012-08-20,5092.1
2012-08-21,5083.89
2012-08-22,5056.9
2012-08-23,5006.16
2012-08-24,5036.77
2012-08-27,5033.23
2012-08-28,5029.21
2012-08-29,5051.25
2012-08-30,5020.05
2012-08-31,5051.78
2012-09-04,5052.61
2012-09-05,5060.29
2012-09-06,5173.13
2012-09-07,5219.14
2012-09-10,5198.58
2012-09-11,5248.46
2012-09-12,5269.85
2012-09-13,5353.61
2012-09-14,5428.72
2012-09-17,5364.6
2012-09-18,5333.34
2012-09-19,5361.28
2012-09-20,5333.57
2012-09-21,5325.32
2012-09-24,5321.74
2012-09-25,5225.33
2012-09-26,5192.94
2012-09-27,5252.33
2012-09-28,5223.99
2012-10-01,5243.82
2012-10-02,5256.59
2012-10-03,5265.59
2012-10-04,5335.88
2012-10-05,5342.63
2012-10-08,5336.92
2012-10-09,5298.27
2012-10-10,5259.36
2012-10-11,5304.39
2012-10-12,5251
2012-10-15,5295.89
2012-10-16,5356.43
2012-10-17,5429.74
2012-10-18,5438.53
2012-10-19,5356.06
2012-10-22,5360.65
2012-10-23,5278.55
2012-10-24,5278.45
2012-10-25,5303.5
2012-10-26,5262.81
2012-10-31,5284.99
2012-11-01,5356.91
2012-11-02,5298.16
2012-11-05,5317.99
2012-11-06,5410.96
2012-11-07,5253.75
2012-11-08,5196.2
2012-11-09,5203.29
2012-11-12,5202.26
2012-11-13,5169.15
2012-11-14,5088.01
2012-11-15,5109.55
2012-11-16,5140.45
2012-11-19,5255.71
2012-11-20,5271.95
2012-11-21,5295.66
2012-11-23,5370.17
2012-11-26,5350.33
2012-11-27,5317.84
2012-11-28,5369.33
2012-11-29,5397
2012-11-30,5400.66
2012-12-03,5384.68
2012-12-04,5371.72
2012-12-05,5410.22
2012-12-06,5430.55
2012-12-07,5466.41
2012-12-10,5487.34
2012-12-11,5520.79
2012-12-12,5533.89
2012-12-13,5514.45
2012-12-14,5509.68
2012-12-17,5593.75
2012-12-18,5678.69
2012-12-19,5646.87
2012-12-20,5702.14
2012-12-21,5618.04
2012-12-24,5601.33
2012-12-26,5590.81
2012-12-27,5570.66
2012-12-28,5511.29
2012-12-31,5626.07
2013-01-02,5768.72
2013-01-03,5770.44
2013-01-04,5826.81
2013-01-07,5797.03
2013-01-08,5750.97
2013-01-09,5769.91
2013-01-10,5826.28
2013-01-11,5808.44
2013-01-14,5824.33
2013-01-15,5873.38
2013-01-16,5881.89
2013-01-17,5938.96
2013-01-18,5966.74
2013-01-22,6038.93
2013-01-23,6036.59
2013-01-24,6055.79
2013-01-25,6095.08
2013-01-28,6085.99
2013-01-29,6134.44
2013-01-30,6106.31
2013-01-31,6101.29
2013-02-01,6159.36
2013-02-04,6093.27
2013-02-05,6155.26
2013-02-06,6174.54
2013-02-07,6167.3
2013-02-08,6192.23
2013-02-11,6199.63
2013-02-12,6228.87
2013-02-13,6219.02
2013-02-14,6243.01
2013-02-15,6216.61
2013-02-19,6262.2
2013-02-20,6129.82
2013-02-21,6092.6
2013-02-22,6145.98
2013-02-25,5987.71
2013-02-26,6015.53
2013-02-27,6106.23
2013-02-28,6097.11
2013-03-01,6103.83
2013-03-04,6127.64
2013-03-05,6188.88
2013-03-06,6224.18
2013-03-07,6253.67
2013-03-08,6314.02
2013-03-11,6346.32
2013-03-12,6361.27
2013-03-13,6389.44
2013-03-14,6429.04
2013-03-15,6437.47
2013-03-18,6396.03
2013-03-19,6347.81
2013-03-20,6391.15
2013-03-21,6327.78
2013-03-22,6359.05
2013-03-25,6353.23
2013-03-26,6399.65
2013-03-27,6401.52
2013-03-28,6430.61
2013-04-01,6398.14
2013-04-02,6388.39
2013-04-03,6292.85
2013-04-04,6330.7
2013-04-05,6312.49
2013-04-08,6371.4
2013-04-09,6407.14
2013-04-10,6479.58
2013-04-11,6504.45
2013-04-12,6455.86
2013-04-15,6257.08
2013-04-16,6356.27
2013-04-17,6238.02
2013-04-18,6198.35
2013-04-19,6257.08
2013-04-22,6275.35
2013-04-23,6348.82
2013-04-24,6422.83
2013-04-25,6444.38
2013-04-26,6415.15
2013-04-29,6464.94
2013-04-30,6487.37
2013-05-01,6421.68
2013-05-02,6489.01
2013-05-03,6581.4
2013-05-06,6618.51
2013-05-07,6666.87
2013-05-08,6708.3
2013-05-09,6671.65
2013-05-10,6704.29
2013-05-13,6697.29
2013-05-14,6806.14
2013-05-15,6835.52
2013-05-16,6783.64
2013-05-17,6884.36
2013-05-20,6900.8
2013-05-21,6907.43
2013-05-22,6825.26
2013-05-23,6813.38
2013-05-24,6786.24
2013-05-28,6859.12
2013-05-29,6845.63
2013-05-30,6909.11
2013-05-31,6794.66
2013-06-03,6807.38
2013-06-04,6765.52
2013-06-05,6655.12
2013-06-06,6726.35
2013-06-07,6843.58
2013-06-10,6870.35
2013-06-11,6783.38
2013-06-12,6722.6
2013-06-13,6847.86
2013-06-14,6780.77
2013-06-17,6845.67
2013-06-18,6906.87
2013-06-19,6813.89
2013-06-20,6662.45
2013-06-21,6669.71
2013-06-24,6560.08
2013-06-25,6652.16
2013-06-26,6715.79
2013-06-27,6795.91
2013-06-28,6766.21
2013-07-01,6821.34
2013-07-02,6811.06
2013-07-03,6781.46
2013-07-05,6875.54
2013-07-08,6925.52
2013-07-09,6988.07
2013-07-10,6985
2013-07-11,7063.35
2013-07-12,7099.1
2013-07-15,7119.4
2013-07-16,7075.17
2013-07-17,7091.54
2013-07-18,7186.08
2013-07-19,7201.67
2013-07-22,7235.17
2013-07-23,7232.03
2013-07-24,7183.26
2013-07-25,7200.2
2013-07-26,7209.92
2013-07-29,7185.06
2013-07-30,7183.77
2013-07-31,7207.49
2013-08-01,7337.63
2013-08-02,7341.96
2013-08-05,7334.75
2013-08-06,7282.07
2013-08-07,7237.47
2013-08-08,7310.63
2013-08-09,7319.05
2013-08-12,7304.51
2013-08-13,7336.15
2013-08-14,7317.01
2013-08-15,7219.36
2013-08-16,7212.07
2013-08-19,7122.47
2013-08-20,7184.23
2013-08-21,7122.54
2013-08-22,7208.07
2013-08-23,7225.72
2013-08-26,7176.05
2013-08-27,7023.08
2013-08-28,7046.28
2013-08-29,7070.25
2013-08-30,7036.81
2013-09-03,7097.89
2013-09-04,7175.07
2013-09-05,7210.98
2013-09-06,7200.14
2013-09-09,7278.86
2013-09-10,7353.61
2013-09-11,7381.79
2013-09-12,7333.21
2013-09-13,7366.62
2013-09-16,7421.14
2013-09-17,7468.37
2013-09-18,7493.38
2013-09-19,7450.38
2013-09-20,7398.47
2013-09-23,7360.33
2013-09-24,7380.92
2013-09-25,7396.86
2013-09-26,7397.51
2013-09-27,7358.98
2013-09-30,7312.06
2013-10-01,7392.24
2013-10-02,7402.01
2013-10-03,7350.07
2013-10-04,7430.08
2013-10-07,7348.19
2013-10-08,7255.94
2013-10-09,7278.67
2013-10-10,7472.7
2013-10-11,7535.54
2013-10-14,7556.3
2013-10-15,7510.99
2013-10-16,7636.58
2013-10-17,7695.39
2013-10-18,7726.69
2013-10-21,7720.48
2013-10-22,7775.58
2013-10-23,7724.15
2013-10-24,7728.98
2013-10-25,7772.18
2013-10-28,7774.67
2013-10-29,7835.08
2013-10-30,7784.32
2013-10-31,7771.4
2013-11-01,7796.31
2013-11-04,7863.84
2013-11-05,7846.8
2013-11-06,7847.62
2013-11-07,7719.91
2013-11-08,7875.02
2013-11-11,7889.92
2013-11-12,7851.82
2013-11-13,7937.32
2013-11-14,7996.54
2013-11-15,8019.91
2013-11-18,7992.23
2013-11-19,7981.5
2013-11-20,7965.6
2013-11-21,8060.91
2013-11-22,8115.73
2013-11-25,8111.26
2013-11-26,8114.15
2013-11-27,8139.06
2013-11-29,8122
2013-12-02,8129.35
2013-12-03,8085.53
2013-12-04,8067.64
2013-12-05,7995.93
2013-12-06,8089.15
2013-12-09,8103.37
2013-12-10,8104.51
2013-12-11,7994.27
2013-12-12,7972.61
2013-12-13,7979.49
2013-12-16,8033.66
2013-12-17,8017.81
2013-12-18,8123.43
2013-12-19,8125.32
2013-12-20,8168.09
2013-12-23,8217.3
2013-12-24,8255
2013-12-26,8279.24
2013-12-27,8294.89
2013-12-30,8288.22
2013-12-31,8332.53
2014-01-02,8235.98
2014-01-03,8233.61
2014-01-06,8214.78
2014-01-07,8249.45
2014-01-08,8245.96
2014-01-09,8277.7
2014-01-10,8286.63
2014-01-13,8161.7
2014-01-14,8242.45
2014-01-15,8253.62
2014-01-16,8236.93
2014-01-17,8219.38
2014-01-21,8252.36
2014-01-22,8264.36
2014-01-23,8172.65
2014-01-24,7975.26
2014-01-27,7958
2014-01-28,8028.43
2014-01-29,7972.13
2014-01-30,8051.77
2014-01-31,8009.94
2014-02-03,7831.99
2014-02-04,7865.93
2014-02-05,7837.36
2014-02-06,7942.44
2014-02-07,8012.27
2014-02-10,7995
2014-02-11,8094.35
2014-02-12,8078.2
2014-02-13,8133.38
2014-02-14,8194.1
2014-02-18,8217.53
2014-02-19,8188
2014-02-20,8241.55
2014-02-21,8238.5
2014-02-24,8304.3
2014-02-25,8291.89
2014-02-26,8311.08
2014-02-27,8320.04
2014-02-28,8361.02
2014-03-03,8298.88
2014-03-04,8411.54
2014-03-05,8440.23
2014-03-06,8459.03
2014-03-07,8482.1
2014-03-10,8468.89
2014-03-11,8418.5
2014-03-12,8439.36
2014-03-13,8360.18
2014-03-14,8375.35
2014-03-17,8443.52
2014-03-18,8508.76
2014-03-19,8475.63
2014-03-20,8532
2014-03-21,8560.88
2014-03-24,8545.88
2014-03-25,8569.01
2014-03-26,8510.08
2014-03-27,8515.86
2014-03-28,8575.64
2014-03-31,8653.47
2014-04-01,8690.27
2014-04-02,8710.6
2014-04-03,8728.81
2014-04-04,8666.53
2014-04-07,8556.49
2014-04-08,8600.97
2014-04-09,8659.13
2014-04-10,8514.93
2014-04-11,8438.34
2014-04-14,8526.73
2014-04-15,8594.8
2014-04-16,8682.45
2014-04-17,8673.3
2014-04-21,8679.01
2014-04-22,8717.12
2014-04-23,8738.31
2014-04-24,8771.02
2014-04-25,8725.44
2014-04-28,8736.05
2014-04-29,8752.42
2014-04-30,8803.24
2014-05-01,8809.52
2014-05-02,8795.3
2014-05-05,8778.13
2014-05-06,8713.21
2014-05-07,8820
2014-05-08,8789.08
2014-05-09,8781.03
2014-05-12,8873.67
2014-05-13,8883.48
2014-05-14,8830.67
2014-05-15,8743.78
2014-05-16,8752.97
2014-05-19,8773.16
2014-05-20,8708.26
2014-05-21,8746.75
2014-05-22,8773.75
2014-05-23,8812.15
2014-05-27,8866.16
2014-05-28,8878.84
2014-05-29,8942.38
2014-05-30,8955.17
2014-06-02,8968.4
2014-06-03,8975.41
2014-06-04,9004.05
2014-06-05,9056.9
2014-06-06,9106.76
2014-06-09,9096.53
2014-06-10,9077.84
2014-06-11,9027.96
2014-06-12,8989.21
2014-06-13,9034.19
2014-06-16,9032.23
2014-06-17,9074.2
2014-06-18,9146.14
2014-06-19,9184.64
2014-06-20,9209.95
2014-06-23,9226.57
2014-06-24,9145.55
2014-06-25,9149.83
2014-06-26,9167.93
2014-06-27,9180.32
2014-06-30,9195.86
2014-07-01,9229.36
2014-07-02,9204.09
2014-07-03,9242.43
2014-07-07,9193.6
2014-07-08,9153.76
2014-07-09,9192.2
2014-07-10,9161.45
2014-07-11,9165.37
2014-07-14,9180.82
2014-07-15,9190.07
2014-07-16,9221.74
2014-07-17,9119.59
2014-07-18,9195.84
2014-07-21,9175.51
2014-07-22,9212.34
2014-07-23,9226.31
2014-07-24,9233.62
2014-07-25,9175.81
2014-07-28,9195.63
2014-07-29,9134.48
2014-07-30,9063.8
2014-07-31,8893.52
2014-08-01,8878.04
2014-08-04,8928.1
2014-08-05,8848.3
2014-08-06,8850.28
2014-08-07,8787.88
2014-08-08,8907.96
2014-08-11,8922.6
2014-08-12,8913.86
2014-08-13,8958.66
2014-08-14,9009.54
2014-08-15,8997.06
2014-08-18,9066.76
2014-08-19,9120.46
2014-08-20,9146.09
2014-08-21,9182.94
2014-08-22,9148.33
2014-08-25,9209.35
2014-08-26,9218.59
2014-08-27,9255.9
2014-08-28,9254.88
2014-08-29,9304.65
2014-09-02,9285.17
2014-09-03,9293.97
2014-09-04,9269.22
2014-09-05,9314.12
2014-09-08,9273.18
2014-09-09,9213.06
2014-09-10,9215.95
2014-09-11,9235.52
2014-09-12,9157.62
2014-09-15,9170.67
2014-09-16,9238.43
2014-09-17,9242.62
2014-09-18,9261.65
2014-09-19,9260.76
2014-09-22,9157.25
2014-09-23,9088.21
2014-09-24,9140.3
2014-09-25,9006.36
2014-09-26,9067.26
2014-09-29,9044.58
2014-09-30,9009.37
2014-10-01,8904.49
2014-10-02,8900.13
2014-10-03,8979.12
2014-10-06,8961.76
2014-10-07,8830.86
2014-10-08,8975.04
2014-10-09,8761.37
2014-10-10,8685.85
2014-10-13,8549.08
2014-10-14,8575.71
2014-10-15,8492.45
2014-10-16,8514.93
2014-10-17,8625.31
2014-10-20,8717.46
2014-10-21,8898.09
2014-10-22,8825.71
2014-10-23,8910.09
2014-10-24,8960.14
2014-10-27,8923.61
2014-10-28,9040.94
2014-10-29,9025.19
2014-10-30,9100.32
2014-10-31,9215.73
2014-11-03,9213.41
2014-11-04,9164.44
2014-11-05,9251.47
2014-11-06,9221.17
2014-11-07,9246.38
2014-11-10,9261.98
2014-11-11,9277.41
2014-11-12,9263.3
2014-11-13,9238.07
2014-11-14,9236.81
2014-11-17,9284.38
2014-11-18,9324.62
2014-11-19,9315.09
2014-11-20,9352.9
2014-11-21,9421.67
2014-11-24,9417.62
2014-11-25,9400.74
2014-11-26,9400.84
2014-11-28,9335.45
2014-12-01,9284.03
2014-12-02,9349.79
2014-12-03,9398.04
2014-12-04,9365.96
2014-12-05,9373.74
2014-12-08,9289.06
2014-12-09,9308.51
2014-12-10,9132.33
2014-12-11,9182.67
2014-12-12,9025.92
2014-12-15,8990.55
2014-12-16,8946.2
2014-12-17,9140.46
2014-12-18,9334.06
2014-12-19,9420.91
2014-12-22,9383.53
2014-12-23,9467.94
2014-12-24,9431.33
2014-12-26,9462.05
2014-12-29,9511.92
2014-12-30,9486.19
2014-12-31,9390.04
2015-01-02,9378.83
2015-01-05,9092.84
2015-01-06,8980.37
2015-01-07,9031.22
2015-01-08,9215.25
2015-01-09,9109.96
2015-01-12,8965.56
2015-01-13,8908.38
2015-01-14,8851.05
2015-01-15,8723.04
2015-01-16,8901.32
2015-01-20,8853.15
2015-01-21,8973.93
2015-01-22,9099.37
2015-01-23,9047.89
2015-01-26,9124.88
2015-01-27,9085.1
2015-01-28,8839.56
2015-01-29,8894.81
2015-01-30,8862.27
2015-02-02,9087.15
2015-02-03,9314.4
2015-02-04,9221.16
2015-02-05,9341.01
2015-02-06,9354.6
2015-02-09,9383.02
2015-02-10,9394.94
2015-02-11,9371.94
2015-02-12,9460.51
2015-02-13,9528.33
2015-02-17,9591.3
2015-02-18,9545.11
2015-02-19,9553.51
2015-02-20,9570.89
2015-02-23,9536.79
2015-02-24,9571.55
2015-02-25,9559.49
2015-02-26,9459.04
2015-02-27,9453.99
2015-03-02,9441.44
2015-03-03,9445.21
2015-03-04,9402.03
2015-03-05,9412.12
2015-03-06,9279.58
2015-03-09,9261.5
2015-03-10,9076.05
2015-03-11,9112.43
2015-03-12,9204.13
2015-03-13,9139.26
2015-03-16,9250.07
2015-03-17,9224.98
2015-03-18,9398.22
2015-03-19,9262.56
2015-03-20,9382.89
2015-03-23,9394.61
2015-03-24,9327.24
2015-03-25,9262.3
2015-03-26,9235.53
2015-03-27,9199.87
2015-03-30,9332.66
2015-03-31,9284.64
2015-04-01,9277.34
2015-04-02,9310.97
2015-04-06,9410.9
2015-04-07,9382.42
2015-04-08,9372.54
2015-04-09,9440.56
2015-04-10,9459.69
2015-04-13,9419.01
2015-04-14,9473.39
2015-04-15,9594.13
2015-04-16,9565.81
2015-04-17,9449.53
2015-04-20,9502.55
2015-04-21,9430.28
2015-04-22,9481.3
2015-04-23,9510.51
2015-04-24,9498.28
2015-04-27,9462.88
2015-04-28,9521.64
2015-04-29,9553.71
2015-04-30,9502.39
2015-05-01,9584.95
2015-05-04,9628.94
2015-05-05,9543.85
2015-05-06,9491.85
2015-05-07,9470.28
2015-05-08,9602.45
2015-05-11,9562.3
2015-05-12,9540.98
2015-05-13,9555.42
2015-05-14,9566.86
2015-05-15,9569.93
2015-05-18,9620.29
2015-05-19,9583.72
2015-05-20,9582.53
2015-05-21,9644.25
2015-05-22,9615.9
2015-05-26,9475.61
2015-05-27,9532.47
2015-05-28,9524.82
2015-05-29,9518.69
2015-06-01,9496.42
2015-06-02,9540.77
2015-06-03,9542.09
2015-06-04,9440.36
2015-06-05,9479.42
2015-06-08,9416.21
2015-06-09,9420.8
2015-06-10,9558.56
2015-06-11,9556.27
2015-06-12,9485.53
2015-06-15,9437.43
2015-06-16,9487.81
2015-06-17,9483.3
2015-06-18,9536.61
2015-06-19,9486.3
2015-06-22,9538.39
2015-06-23,9582.36
2015-06-24,9497.25
2015-06-25,9425.26
2015-06-26,9455.2
2015-06-29,9236.41
2015-06-30,9271.6
2015-07-01,9327.93
2015-07-02,9325.59
2015-07-06,9261.44
2015-07-07,9335.11
2015-07-08,9151.13
2015-07-09,9196.57
2015-07-10,9280.46
2015-07-13,9379.17
2015-07-14,9419.45
2015-07-15,9361.37
2015-07-16,9425.41
2015-07-17,9331.09
2015-07-20,9263.15
2015-07-21,9240.93
2015-07-22,9241.67
2015-07-23,9180.8
2015-07-24,9072.3
2015-07-27,8993.52
2015-07-28,9106.97
2015-07-29,9215.02
2015-07-30,9188.97
2015-07-31,9139.32
2015-08-03,9069.55
2015-08-04,9055.43
2015-08-05,9063.98
2015-08-06,9088.05
2015-08-07,9041.11
2015-08-10,9246.23
2015-08-11,9168.25
2015-08-12,9194.29
2015-08-13,9156.14
2015-08-14,9192.35
2015-08-17,9218.98
2015-08-18,9208.14
2015-08-19,9094.15
2015-08-20,8894.33
2015-08-21,8595.98
2015-08-24,8206.41
2015-08-25,8093.51
2015-08-26,8344.02
2015-08-27,8603.37
2015-08-28,8641.49
2015-08-31,8654.24
2015-09-01,8370.38
2015-09-02,8477.72
2015-09-03,8517.57
2015-09-04,8370.3
2015-09-08,8592.53
2015-09-09,8495.01
2015-09-10,8542.43
2015-09-11,8550.37
2015-09-14,8503.78
2015-09-15,8608.79
2015-09-16,8713.05
2015-09-17,8647.49
2015-09-18,8451.32
2015-09-21,8492.92
2015-09-22,8365.73
2015-09-23,8338.21
2015-09-24,8340.84
2015-09-25,8379.01
2015-09-28,8133.72
2015-09-29,8176.16
2015-09-30,8321.88
2015-10-01,8322.79
2015-10-02,8461.08
2015-10-05,8666.92
2015-10-06,8705.13
2015-10-07,8798.61
2015-10-08,8913.15
2015-10-09,8871.95
2015-10-12,8845.21
2015-10-13,8770.43
2015-10-14,8727.78
2015-10-15,8874.36
2015-10-16,8883
2015-10-19,8826.82
2015-10-20,8868.78
2015-10-21,8786.86
2015-10-22,8912.06
2015-10-23,8963.85
2015-10-26,8887.01
2015-10-27,8792.36
2015-10-28,8967.32
2015-10-29,8964.52
2015-10-30,8960.68
2015-11-02,9119.53
2015-11-03,9164.14
2015-11-04,9122.32
2015-11-05,9126.54
2015-11-06,9154.64
2015-11-09,9066.9
2015-11-10,9097.23
2015-11-11,9023.67
2015-11-12,8859.75
2015-11-13,8766.5
2015-11-16,8922.9
2015-11-17,8870.61
2015-11-18,9016.88
2015-11-19,8977.87
2015-11-20,8982.11
2015-11-23,8997.59
2015-11-24,9062.01
2015-11-25,9036.51
2015-11-27,9024.14
2015-11-30,9020.99
2015-12-01,9122.5
2015-12-02,8965.85
2015-12-03,8836.66
2015-12-04,8965.68
2015-12-07,8823.06
2015-12-08,8731.9
2015-12-09,8666.56
2015-12-10,8682.01
2015-12-11,8461.86
2015-12-14,8443.05
2015-12-15,8587.27
2015-12-16,8691
2015-12-17,8534.45
2015-12-18,8390.91
2015-12-21,8466.74
2015-12-22,8584.44
2015-12-23,8773.16
2015-12-24,8761.14
2015-12-28,8671.79
2015-12-29,8756.01
2015-12-30,8671.4
2015-12-31,8625.7
2016-01-04,8564.85
2016-01-05,8558.11
2016-01-06,8333.7
2016-01-07,8156.14
2016-01-08,8029.54
2016-01-11,7963.68
2016-01-12,7959.16
2016-01-13,7759.62
2016-01-14,7853.39
2016-01-15,7683.77
2016-01-19,7607.04
2016-01-20,7516.88
2016-01-21,7606.87
2016-01-22,7735.77
2016-01-25,7530.96
2016-01-26,7718.01
2016-01-27,7707.99
2016-01-28,7743.47
2016-01-29,7985.35
2016-02-01,7995.94
2016-02-02,7784.53
2016-02-03,7881.17
2016-02-04,7965.19
2016-02-05,7908.57
2016-02-08,7734.23
2016-02-09,7675.47
2016-02-10,7634.85
2016-02-11,7454.42
2016-02-12,7667.34
2016-02-16,7829.11
2016-02-17,8001.81
2016-02-18,8010.39
2016-02-19,7931.97
2016-02-22,8136.69
2016-02-23,8013.62
2016-02-24,8072.35
2016-02-25,8155.79
2016-02-26,8198.46
2016-02-29,8166.5
2016-03-01,8354.79
2016-03-02,8487.29
2016-03-03,8626.3
2016-03-04,8699.64
2016-03-07,8784.39
2016-03-08,8582.8
2016-03-09,8628.58
2016-03-10,8665.77
2016-03-11,8845.23
2016-03-14,8820.35
2016-03-15,8732.36
2016-03-16,8858.78
2016-03-17,8960.53
2016-03-18,9017.89
2016-03-21,9000.81
2016-03-22,8981.93
2016-03-23,8828.91
2016-03-24,8835.41
2016-03-28,8848.4
2016-03-29,8907.81
2016-03-30,8922.31
2016-03-31,8924.61
2016-04-01,8905.81
2016-04-04,8827.61
2016-04-05,8698.6
2016-04-06,8759.47
2016-04-07,8629.86
2016-04-08,8681.78
2016-04-11,8709.75
2016-04-12,8830.27
2016-04-13,8992.71
2016-04-14,8975.64
2016-04-15,8983.62
2016-04-18,9050.5
2016-04-19,9178.11
2016-04-20,9202.92
2016-04-21,9118.22
2016-04-22,9202.12
2016-04-25,9112.89
2016-04-26,9222.13
2016-04-27,9330.07
2016-04-28,9218.77
2016-04-29,9175.97
2016-05-02,9203.26
2016-05-03,9036.85
2016-05-04,8953.97
2016-05-05,8925.38
2016-05-06,8985.78
2016-05-09,8911.36
2016-05-10,9044.89
2016-05-11,8946.67
2016-05-12,8893.9
2016-05-13,8788.82
2016-05-16,8886.29
2016-05-17,8850.69
2016-05-18,8822.56
2016-05-19,8816.61
2016-05-20,8906.62
2016-05-23,8882.51
2016-05-24,8970.13
2016-05-25,9092.38
2016-05-26,9081.2
2016-05-27,9140.09
2016-05-31,9162.45
2016-06-01,9173.95
2016-06-02,9204.57
2016-06-03,9187.72
2016-06-06,9303.99
2016-06-07,9327.04
2016-06-08,9356
2016-06-09,9267.44
2016-06-10,9081.56
2016-06-13,8985.05
2016-06-14,8898.07
2016-06-15,8922.37
2016-06-16,8918.15
2016-06-17,9000.15
2016-06-20,9057.21
2016-06-21,9083.83
2016-06-22,9060.66
2016-06-23,9239.41
2016-06-24,8811.97
2016-06-27,8505.79
2016-06-28,8703.77
2016-06-29,8883.11
2016-06-30,9054.78
2016-07-01,9101.72
2016-07-05,8910.93
2016-07-06,8980.95
2016-07-07,8966.7
2016-07-08,9159.8
2016-07-11,9216.79
2016-07-12,9378.39
2016-07-13,9378.35
2016-07-14,9433.47
2016-07-15,9441.6
2016-07-18,9476.06
2016-07-19,9405.76
2016-07-20,9427.28
2016-07-21,9421.37
2016-07-22,9470.51
2016-07-25,9442.56
2016-07-26,9504.92
2016-07-27,9440.51
2016-07-28,9435.94
2016-07-29,9455.05
2016-08-01,9366.6
2016-08-02,9263.3
2016-08-03,9368.86
2016-08-04,9324.62
2016-08-05,9434.03
2016-08-08,9456.8
2016-08-09,9416.4
2016-08-10,9361.86
2016-08-11,9448.66
2016-08-12,9409.17
2016-08-15,9472.4
2016-08-16,9420.15
2016-08-17,9435.43
2016-08-18,9500.29
2016-08-19,9456.91
2016-08-22,9433.06
2016-08-23,9501.6
2016-08-24,9421.6
2016-08-25,9430.7
2016-08-26,9393.72
2016-08-29,9465.47
2016-08-30,9450.17
2016-08-31,9423.13
2016-09-01,9374.25
2016-09-02,9446.39
2016-09-06,9463.37
2016-09-07,9509.97
2016-09-08,9516.11
2016-09-09,9242.01
2016-09-12,9395.39
2016-09-13,9208.85
2016-09-14,9154.9
2016-09-15,9257.93
2016-09-16,9221.62
2016-09-19,9252.78
2016-09-20,9217.1
2016-09-21,9379.93
2016-09-22,9441.73
2016-09-23,9379.23
2016-09-26,9293.92
2016-09-27,9323.94
2016-09-28,9430
2016-09-29,9343.55
2016-09-30,9442.54
2016-10-03,9397.84
2016-10-04,9329.39
2016-10-05,9442.67
2016-10-06,9448.04
2016-10-07,9408.46
2016-10-10,9464.78
2016-10-11,9318.91
2016-10-12,9331.33
2016-10-13,9266.62
2016-10-14,9243.5
2016-10-17,9213.79
2016-10-18,9308.43
2016-10-19,9387.46
2016-10-20,9358.06
2016-10-21,9328.94
2016-10-24,9347.09
2016-10-25,9312.98
2016-10-26,9360.32
2016-10-27,9325.36
2016-10-28,9306.05
2016-10-31,9349.54
2016-11-01,9282.05
2016-11-02,9194.73
2016-11-03,9184.05
2016-11-04,9163.92
2016-11-07,9357.4
2016-11-08,9387.57
2016-11-09,9642.88
2016-11-10,9781.25
2016-11-11,9771.27
2016-11-14,9951.8
2016-11-15,10038.76
2016-11-16,9949.38
2016-11-17,10015.99
2016-11-18,9998.75
2016-11-21,10085.86
2016-11-22,10119.77
2016-11-23,10144.19
2016-11-25,10180.04
2016-11-28,10119.16
2016-11-29,10083.84
2016-11-30,10149.98
2016-12-01,10220.35
2016-12-02,10212.81
2016-12-05,10315.01
2016-12-06,10379.2
2016-12-07,10562.34
2016-12-08,10658.52
2016-12-09,10688.05
2016-12-12,10619.67
2016-12-13,10640.15
2016-12-14,10506.49
2016-12-15,10549.81
2016-12-16,10482.61
2016-12-19,10489.76
2016-12-20,10535.36
2016-12-21,10501.52
2016-12-22,10431.32
2016-12-23,10456.84
2016-12-27,10491.79
2016-12-28,10362.81
2016-12-29,10343.15
2016-12-30,10318.28
2017-01-03,10480.88
2017-01-04,10608.97
2017-01-05,10523.16
2017-01-06,10516.06
2017-01-09,10436.01
2017-01-10,10473.73
2017-01-11,10489.83
2017-01-12,10456.86
2017-01-13,10472.66
2017-01-17,10423.37
2017-01-18,10451.8
2017-01-19,10380.36
2017-01-20,10405.6
2017-01-23,10356.91
2017-01-24,10479.55
2017-01-25,10598
2017-01-26,10550.51
2017-01-27,10477.26
2017-01-30,10425.95
2017-01-31,10448.25
2017-02-01,10459.33
2017-02-02,10439.07
2017-02-03,10541.36
2017-02-06,10506.76
2017-02-07,10488.03
2017-02-08,10492.54
2017-02-09,10584.48
2017-02-10,10666.31
2017-02-13,10727.68
2017-02-14,10819.44
2017-02-15,10877.62
2017-02-16,10842.95
2017-02-17,10850.56
2017-02-21,10952.35
2017-02-22,10915.27
2017-02-23,10933.92
2017-02-24,10927.06
2017-02-27,10958.53
2017-02-28,10889.53
2017-03-01,11024.88
2017-03-02,10917.24
2017-03-03,10901.92
2017-03-06,10809
2017-03-07,10733.72
2017-03-08,10730.1
2017-03-09,10708.54
2017-03-10,10752.16
2017-03-13,10756.02
2017-03-14,10710
2017-03-15,10801.24
2017-03-16,10788.91
2017-03-17,10746.12
2017-03-20,10678.82
2017-03-21,10474.55
2017-03-22,10477.06
2017-03-23,10479.11
2017-03-24,10468.12
2017-03-27,10454.74
2017-03-28,10570.71
2017-03-29,10598.14
2017-03-30,10655.14
2017-03-31,10621.35
2017-04-03,10558.04
2017-04-04,10551.55
2017-04-05,10500.4
2017-04-06,10574.1
2017-04-07,10551.43
2017-04-10,10595.93
2017-04-11,10598.21
2017-04-12,10514.37
2017-04-13,10427.94
2017-04-17,10535.44
2017-04-18,10448.65
2017-04-19,10445.61
2017-04-20,10539.65
2017-04-21,10488.41
2017-04-24,10632.42
2017-04-25,10659.16
2017-04-26,10678.75
2017-04-27,10686.75
2017-04-28,10623.46
2017-05-01,10612.67
2017-05-02,10581.48
2017-05-03,10588.04
2017-05-04,10575.32
2017-05-05,10633.86
2017-05-08,10629.69
2017-05-09,10611.42
2017-05-10,10636.18
2017-05-11,10581.61
2017-05-12,10511.47
2017-05-15,10587.09
2017-05-16,10541.25
2017-05-17,10330.77
2017-05-18,10350.46
2017-05-19,10431.2
2017-05-22,10472.43
2017-05-23,10509.08
2017-05-24,10530.99
2017-05-25,10542.11
2017-05-26,10541.88
2017-05-30,10523.88
2017-05-31,10513.5
2017-06-01,10679.49
2017-06-02,10662.08
2017-06-05,10623.62
2017-06-06,10571.34
2017-06-07,10593.59
2017-06-08,10644.54
2017-06-09,10784.71
2017-06-12,10809.18
2017-06-13,10879.09
2017-06-14,10855.58
2017-06-15,10815.89
2017-06-16,10796.79
2017-06-19,10859.68
2017-06-20,10759.38
2017-06-21,10690.84
2017-06-22,10684.23
2017-06-23,10689.69
2017-06-26,10741.12
2017-06-27,10707.53
2017-06-28,10821.53
2017-06-29,10783.88
2017-06-30,10806.18
2017-07-03,10909.58
2017-07-05,10879.32
2017-07-06,10778.37
2017-07-07,10853.98
2017-07-10,10844.91
2017-07-11,10824.99
2017-07-12,10884.08
2017-07-13,10947.29
2017-07-14,10971.86
2017-07-17,10998.83
2017-07-18,10954.24
2017-07-19,11021.66
2017-07-20,11023.73
2017-07-21,11032.58
2017-07-24,11031.17
2017-07-25,11115.96
2017-07-26,11051.76
2017-07-27,11026.71
2017-07-28,11035.08
2017-07-31,11051.67
2017-08-01,11100.16
2017-08-02,11071.56
2017-08-03,11026.77
2017-08-04,11048.79
2017-08-07,11053.69
2017-08-08,11037.57
2017-08-09,10991.72
2017-08-10,10820.27
2017-08-11,10794.57
2017-08-14,10900.01
2017-08-15,10884.94
2017-08-16,10883.46
2017-08-17,10704.57
2017-08-18,10684.13
2017-08-21,10675.95
2017-08-22,10777.45
2017-08-23,10763.05
2017-08-24,10748.55
2017-08-25,10798.52
2017-08-28,10771.27
2017-08-29,10748.78
2017-08-30,10775.54
2017-08-31,10819.28
2017-09-01,10891.47
2017-09-05,10719.2
2017-09-06,10750.84
2017-09-07,10665.29
2017-09-08,10726.73
2017-09-11,10889.44
2017-09-12,10963.77
2017-09-13,10976.92
2017-09-14,10924.18
2017-09-15,10967.76
2017-09-18,10984.83
2017-09-19,10998.58
2017-09-20,11022.95
2017-09-21,11029.9
2017-09-22,11044.53
2017-09-25,11098.98
2017-09-26,11126.54
2017-09-27,11184.7
2017-09-28,11192.9
2017-09-29,11227.83
2017-10-02,11311.31
2017-10-03,11355.26
2017-10-04,11374.51
2017-10-05,11412.08
2017-10-06,11386.7
2017-10-09,11335.4
2017-10-10,11385.67
2017-10-11,11380.51
2017-10-12,11356.97
2017-10-13,11362.42
2017-10-16,11374.93
2017-10-17,11352.29
2017-10-18,11384.83
2017-10-19,11441.35
2017-10-20,11535.75
2017-10-23,11480.45
2017-10-24,11518.74
2017-10-25,11471.71
2017-10-26,11465.42
2017-10-27,11439.47
2017-10-30,11394.06
2017-10-31,11398.85
2017-11-01,11439.44
2017-11-02,11466.8
2017-11-03,11454.4
2017-11-06,11478.44
2017-11-07,11423.5
2017-11-08,11422.69
2017-11-09,11396.41
2017-11-10,11399.39
2017-11-13,11425.84
2017-11-14,11409.6
2017-11-15,11393.59
2017-11-16,11472.26
2017-11-17,11510.21
2017-11-20,11520.9
2017-11-21,11552.64
2017-11-22,11536.47
2017-11-24,11536.81
2017-11-27,11529.07
2017-11-28,11721.38
2017-11-29,11864.91
2017-11-30,11937.75
2017-12-01,11914.65
2017-12-04,11988.83
2017-12-05,11898.97
2017-12-06,11867.06
2017-12-07,11917.51
2017-12-08,12013.05
2017-12-11,12024.42
2017-12-12,12039.55
2017-12-13,11987.08
2017-12-14,11888.66
2017-12-15,12000.78
2017-12-18,12120.93
2017-12-19,12069.28
2017-12-20,12101.33
2017-12-21,12183.2
2017-12-22,12191.4
2017-12-26,12235.13
2017-12-27,12190.09
2017-12-28,12218.78
2017-12-29,12147.36
2018-01-02,12289.07
2018-01-03,12322.66
2018-01-04,12382.76
2018-01-05,12415.82
2018-01-08,12442.24
2018-01-09,12456.11
2018-01-10,12523.31
2018-01-11,12731.35
2018-01-12,12873.98
2018-01-16,12750.12
2018-01-17,12820.28
2018-01-18,12782.67
2018-01-19,12873.1
2018-01-22,13000.17
2018-01-23,13017.54
2018-01-24,12996.72
2018-01-25,12911.42
2018-01-26,13047.84
2018-01-29,12967.92
2018-01-30,12756.97
2018-01-31,12713.87
2018-02-01,12714.4
2018-02-02,12427.92
2018-02-05,11908.37
2018-02-06,12111.62
2018-02-07,12116.59
2018-02-08,11708.37
2018-02-09,11811.47
2018-02-12,11927.9
2018-02-13,11950.01
2018-02-14,12191.66
2018-02-15,12304.69
2018-02-16,12315.48
2018-02-20,12202.8
2018-02-21,12141.3
2018-02-22,12163.1
2018-02-23,12348.73
2018-02-26,12432.41
2018-02-27,12284
2018-02-28,12134.57
2018-03-01,12034.77
2018-03-02,12132.99
2018-03-05,12330.1
2018-03-06,12400.09
2018-03-07,12343.33
2018-03-08,12338.59
2018-03-09,12531.94
2018-03-12,12510.73
2018-03-13,12469.57
2018-03-14,12291.76
2018-03-15,12241.67
2018-03-16,12306.82
2018-03-19,12154.3
2018-03-20,12121.91
2018-03-21,12160.74
2018-03-22,11856.7
2018-03-23,11611.11
2018-03-26,11886.71
2018-03-27,11741.63
2018-03-28,11780.66
2018-03-29,11906
2018-04-02,11651.26
2018-04-03,11813.79
2018-04-04,11980.55
2018-04-05,12094.09
2018-04-06,11840.27
2018-04-09,11857.38
2018-04-10,12033.49
2018-04-11,11992.94
2018-04-12,12068.91
2018-04-13,12001.92
2018-04-16,12137.74
2018-04-17,12177.95
2018-04-18,12229.44
2018-04-19,12192.91
2018-04-20,12160.03
2018-04-23,12234.51
2018-04-24,12189.35
2018-04-25,12255.59
2018-04-26,12308.97
2018-04-27,12365.48
2018-04-30,12239.99
2018-05-01,12209.34
2018-05-02,12110.18
2018-05-03,11961.87
2018-05-04,12046.52
2018-05-07,11998.7
2018-05-08,11979.59
2018-05-09,12070.91
2018-05-10,12190
2018-05-11,12199.71
2018-05-14,12226.46
2018-05-15,12241.31
2018-05-16,12365.07
2018-05-17,12434.63
2018-05-18,12341.48
2018-05-21,12426.2
2018-05-22,12373.62
2018-05-23,12303.05
2018-05-24,12279.7
2018-05-25,12250.49
2018-05-29,12075.92
2018-05-30,12257.82
2018-05-31,12149.98
2018-06-01,12274.19
2018-06-04,12312.5
2018-06-05,12387.36
2018-06-06,12485.02
2018-06-07,12540.92
2018-06-08,12588.66
2018-06-11,12630.02
2018-06-12,12613.95
2018-06-13,12557.19
2018-06-14,12533.56
2018-06-15,12530.31
2018-06-18,12535.61
2018-06-19,12523.26
2018-06-20,12533.32
2018-06-21,12470.14
2018-06-22,12469.32
2018-06-25,12344.24
2018-06-26,12352.04
2018-06-27,12254.54
2018-06-28,12235.7
2018-06-29,12188.33
2018-07-02,12172.48
2018-07-03,12184.63
2018-07-05,12233.71
2018-07-06,12308.5
2018-07-09,12460.22
2018-07-10,12482.43
2018-07-11,12323.98
2018-07-12,12343.3
2018-07-13,12363
2018-07-16,12363.21
2018-07-17,12372.07
2018-07-18,12437.41
2018-07-19,12400.47
2018-07-20,12340.62
2018-07-23,12398.1
2018-07-24,12379.86
2018-07-25,12407.27
2018-07-26,12509.15
2018-07-27,12543.51
2018-07-30,12608.31
2018-07-31,12614.79
2018-08-01,12501.14
2018-08-02,12540.19
2018-08-03,12623.28
2018-08-06,12632.33
2018-08-07,12686.99
2018-08-08,12688.18
2018-08-09,12706.85
2018-08-10,12619.85
2018-08-13,12549.56
2018-08-14,12703.72
2018-08-15,12514.52
2018-08-16,12648.05
2018-08-17,12742.88
2018-08-20,12870.54
2018-08-21,12925.77
2018-08-22,12858.64
2018-08-23,12864.21
2018-08-24,12885.82
2018-08-27,12983.64
2018-08-28,12970.96
2018-08-29,12985.09
2018-08-30,12898.51
2018-08-31,12873
2018-09-04,12871.62
2018-09-05,12885.36
2018-09-06,12817.68
2018-09-07,12786.37
2018-09-10,12792.94
2018-09-11,12812.92
2018-09-12,12840.03
2018-09-13,12841.54
2018-09-14,12882.33
2018-09-17,12868.06
2018-09-18,12935.54
2018-09-19,12962.12
2018-09-20,13032.32
2018-09-21,13060.2
2018-09-24,12954.05
2018-09-25,12869.34
2018-09-26,12842.08
2018-09-27,12804.72
2018-09-28,12818.64
2018-10-01,12832.06
2018-10-02,12803.21
2018-10-03,12870.52
2018-10-04,12845.83
2018-10-05,12780.44
2018-10-08,12848.56
2018-10-09,12772.03
2018-10-10,12494.64
2018-10-11,12140.95
2018-10-12,12217.4
2018-10-15,12207.13
2018-10-16,12399.62
2018-10-17,12380.24
2018-10-18,12275.16
2018-10-19,12251.91
2018-10-22,12140.67
2018-10-23,12068.58
2018-10-24,11680.99
2018-10-25,11873.88
2018-10-26,11686.53
2018-10-29,11768.64
2018-10-30,12058.77
2018-10-31,12095.38
2018-11-01,12245.78
2018-11-02,12249.82
2018-11-05,12401.65
2018-11-06,12531.69
2018-11-07,12680.45
2018-11-08,12659.44
2018-11-09,12491.59
2018-11-12,12318.71
2018-11-13,12292.81
2018-11-14,12121.5
2018-11-15,12140.97
2018-11-16,12147.11
2018-11-19,12039.54
2018-11-20,11735.94
2018-11-21,11828.41
2018-11-23,11748.3
2018-11-26,11988.03
2018-11-27,12020.94
2018-11-28,12203.91
2018-11-29,12148.88
2018-11-30,12179.5
2018-12-03,12276.44
2018-12-04,11837.74
2018-12-06,11728.21
2018-12-07,11463.57
2018-12-10,11351.91
2018-12-11,11298.77
2018-12-12,11390.3
2018-12-13,11270.97
2018-12-14,11125.21
2018-12-17,10895.12
2018-12-18,10862.47
2018-12-19,10721.34
2018-12-20,10535.07
2018-12-21,10359.94
2018-12-24,10114.12
2018-12-26,10590.64
2018-12-27,10659.69
2018-12-28,10627.49
2018-12-31,10689.95
2019-01-02,10814.62
2019-01-03,10659.41
2019-01-04,11044.4
2019-01-07,11157.37
2019-01-08,11233.11
2019-01-09,11344.42
2019-01-10,11374.86
2019-01-11,11435.52
2019-01-14,11395.96
2019-01-15,11402.68
2019-01-16,11475.13
2019-01-17,11562.43
2019-01-18,11763.84
2019-01-22,11592.08
2019-01-23,11551.53
2019-01-24,11617.81
2019-01-25,11781.76
2019-01-28,11749.27
2019-01-29,11742.24
2019-01-30,11825.25
2019-01-31,11897.86
2019-02-01,11888.95
2019-02-04,11927.45
2019-02-05,11952.81
2019-02-06,11945.48
2019-02-07,11791.08
2019-02-08,11770.97
2019-02-11,11788.7
2019-02-12,12008.2
2019-02-13,12057.49
2019-02-14,11972.95
2019-02-15,12166.78
2019-02-19,12252.15
2019-02-20,12324.5
2019-02-21,12231.64
2019-02-22,12250.55
2019-02-25,12276.58
2019-02-26,12234.38
2019-02-27,12205.69
2019-02-28,12138.97
2019-03-01,12194.43
2019-03-04,12137.03
2019-03-05,12084.17
2019-03-06,11941.06
2019-03-07,11816.9
2019-03-08,11783.18
2019-03-11,11956.8
2019-03-12,11982.94
2019-03-13,12057.83
2019-03-14,12049.52
2019-03-15,12079.85
2019-03-18,12193.92
2019-03-19,12142.02
2019-03-20,11955.45
2019-03-21,12073.15
2019-03-22,11761.47
2019-03-25,11751
2019-03-26,11872.12
2019-03-27,11845.03
2019-03-28,11898.78
2019-03-29,11950.3
2019-04-01,12180.19
2019-04-02,12099.28
2019-04-03,12157.55
2019-04-04,12259.72
2019-04-05,12352.24
2019-04-08,12362.43
2019-04-09,12211.45
2019-04-10,12314.3
2019-04-11,12369.82
2019-04-12,12460.46
2019-04-15,12400.22
2019-04-16,12474.61
2019-04-17,12447.74
2019-04-18,12448.11
2019-04-22,12414.62
2019-04-23,12519.37
2019-04-24,12462.73
2019-04-25,12390.28
2019-04-26,12489.33
2019-04-29,12558.84
2019-04-30,12570.3
2019-05-01,12439.7
2019-05-02,12390.31
2019-05-03,12502.99
2019-05-06,12435.65
2019-05-07,12277.89
2019-05-08,12209.42
2019-05-09,12184.89
2019-05-10,12245.2
2019-05-13,11863.89
2019-05-14,12029.03
2019-05-15,12061.1
2019-05-16,12141.39
2019-05-17,12051.17
2019-05-20,12010.23
2019-05-21,12137.45
2019-05-22,12024.53
2019-05-23,11825.25
2019-05-24,11884.81
2019-05-28,11736.66
2019-05-29,11650.21
2019-05-30,11593.45
2019-05-31,11396.77
2019-06-03,11550.1
2019-06-04,11861.52
2019-06-05,11859.31
2019-06-06,11923.59
2019-06-07,11956.12
2019-06-10,12014.52
2019-06-11,12029.76
2019-06-12,11950.52
2019-06-13,12083.72
2019-06-14,12039.44
2019-06-17,11995.79
2019-06-18,12137.65
2019-06-19,12137.55
2019-06-20,12253.22
2019-06-21,12226.56
2019-06-24,12164.15
2019-06-25,12117.53
2019-06-26,12141.59
2019-06-27,12251.91
2019-06-28,12406.93
2019-07-01,12481.58
2019-07-02,12413.39
2019-07-03,12532.33
2019-07-05,12548.66
2019-07-08,12498.26
2019-07-09,12494.7
2019-07-10,12489.64
2019-07-11,12515.79
2019-07-12,12633.18
2019-07-15,12576.65
2019-07-16,12556.49
2019-07-17,12391.46
2019-07-18,12452.84
2019-07-19,12440.17
2019-07-22,12421.25
2019-07-23,12530.96
2019-07-24,12667.33
2019-07-25,12575.53
2019-07-26,12621.95
2019-07-29,12545.48
2019-07-30,12585.87
2019-07-31,12470.03
2019-08-01,12214.73
2019-08-02,12068.62
2019-08-05,11746.26
2019-08-06,11843.71
2019-08-07,11835.4
2019-08-08,12034.71
2019-08-09,11891.12
2019-08-12,11696.33
2019-08-13,11850.61
2019-08-14,11427.22
2019-08-15,11363.37
2019-08-16,11582.38
2019-08-19,11736.97
2019-08-20,11605.92
2019-08-21,11716.01
2019-08-22,11764.18
2019-08-23,11438.36
2019-08-26,11556.01
2019-08-27,11416.66
2019-08-28,11540.86
2019-08-29,11705.24
2019-08-30,11761.31
2019-09-03,11690.7
2019-09-04,11843.98
2019-09-05,12068.14
2019-09-06,12115.57
2019-09-09,12347.99
2019-09-10,12504.98
2019-09-11,12602.43
2019-09-12,12601.69
2019-09-13,12657.64
2019-09-16,12625.5
2019-09-17,12585.76
2019-09-18,12575.13
2019-09-19,12523.16
2019-09-20,12486.05
2019-09-23,12520.16
2019-09-24,12411.79
2019-09-25,12505.64
2019-09-26,12453.63
2019-09-27,12453.25
2019-09-30,12467.75
2019-10-01,12219.86
2019-10-02,11952.71
2019-10-03,11999.39
2019-10-04,12145.8
2019-10-07,12075.74
2019-10-08,11856.54
2019-10-09,11959.25
2019-10-10,12084.26
2019-10-11,12293.67
2019-10-14,12291.7
2019-10-15,12416.71
2019-10-16,12393.33
2019-10-17,12424.2
2019-10-18,12455.49
2019-10-21,12581.44
2019-10-22,12648.2
2019-10-23,12695.95
2019-10-24,12622.16
2019-10-25,12716.61
2019-10-28,12746.85
2019-10-29,12783.06
2019-10-30,12676.15
2019-10-31,12588.39
2019-11-01,12815
2019-11-04,12962.18
2019-11-05,13025.02
2019-11-06,13026.44
2019-11-07,13088.29
2019-11-08,13123.57
2019-11-11,13089.77
2019-11-12,13121.75
2019-11-13,13033.95
2019-11-14,13049.19
2019-11-15,13124
2019-11-18,13118.84
2019-11-19,13030.49
2019-11-20,12991.78
2019-11-21,12979.89
2019-11-22,13040.71
2019-11-25,13135.49
2019-11-26,13080.49
2019-11-27,13132.42
2019-11-29,13068.76
2019-12-02,12977.21
2019-12-03,12793.75
2019-12-04,12884.46
2019-12-05,12918.9
2019-12-06,13046.36
2019-12-09,13023.6
2019-12-10,13010.59
2019-12-11,13032.05
2019-12-12,13247.81
2019-12-13,13155.21
2019-12-16,13247.1
2019-12-17,13277.43
2019-12-18,13271.28
2019-12-19,13281.82
2019-12-20,13359.42
2019-12-23,13375.07
2019-12-24,13365.83
2019-12-26,13409.68
2019-12-27,13351.17
2019-12-30,13317.31
2019-12-31,13410.88
2020-01-02,13440.63
2020-01-03,13281.56
2020-01-06,13321.74
2020-01-07,13308.83
2020-01-08,13320.03
2020-01-09,13352.25
2020-01-10,13286.53
2020-01-13,13338.97
2020-01-14,13389.16
2020-01-15,13337.28
2020-01-16,13462.12
2020-01-17,13470.79
2020-01-21,13290.16
2020-01-22,13249.69
2020-01-23,13247.42
2020-01-24,13029.37
2020-01-27,12730.79
2020-01-28,12867.01
2020-01-29,12812.25
2020-01-30,12877.23
2020-01-31,12595.47
2020-02-03,12647.04
2020-02-04,12837.72
2020-02-05,13210.02
2020-02-06,13129
2020-02-07,12997.58
2020-02-10,12990.89
2020-02-11,13128.71
2020-02-12,13251.97
2020-02-13,13153.01
2020-02-14,13080.44
2020-02-18,12971.28
2020-02-19,13042.3
2020-02-20,13087.05
2020-02-21,12960.81
2020-02-24,12411.89
2020-02-25,11878.5
2020-02-26,11632.46
2020-02-27,11100.55
2020-02-28,10953.86
2020-03-02,11330.46
2020-03-03,10929.86
2020-03-04,11250.87
2020-03-05,10687.43
2020-03-06,10311.54
2020-03-09,9082.19
2020-03-10,9596.43
2020-03-11,8963.38
2020-03-12,7813.34
2020-03-13,8640.48
2020-03-16,7507.82
2020-03-17,7809.59
2020-03-18,7118.93
2020-03-19,7272.02
2020-03-20,7019.5
2020-03-23,6624.99
2020-03-24,7479.72
2020-03-25,7723.99
2020-03-26,8165.95
2020-03-27,7853.73
2020-03-30,7967.13
2020-03-31,7806.14
2020-04-01,7295.21
2020-04-02,7331.17
2020-04-03,7247.17
2020-04-06,7849.32
2020-04-07,8022.86
2020-04-08,8437.8
2020-04-09,8773.84
2020-04-13,8528.15
2020-04-14,8626.44
2020-04-15,8212.13
2020-04-16,8051.02
2020-04-17,8499.24
2020-04-20,8300.72
2020-04-21,8054.95
2020-04-22,8150.11
2020-04-23,8243.42
2020-04-24,8362.74
2020-04-27,8660.4
2020-04-28,8880.59
2020-04-29,9283.15
2020-04-30,8945.42
2020-05-01,8550.93
2020-05-04,8563.36
2020-05-05,8507.46
2020-05-06,8289.41
2020-05-07,8480.83
2020-05-08,8835.05
2020-05-11,8641.39
2020-05-12,8407.23
2020-05-13,8063.19
2020-05-14,8211.23
2020-05-15,8224.47
2020-05-18,8800.2
2020-05-19,8617.95
2020-05-20,8807.87
2020-05-21,8810.45
2020-05-22,8778.97
2020-05-26,9202.71
2020-05-27,9558.77
2020-05-28,9331
2020-05-29,9215.31
2020-06-01,9365.52
2020-06-02,9538.13
2020-06-03,9895.47
2020-06-04,10119.39
2020-06-05,10574.05
2020-06-08,11003.68
2020-06-09,10622.9
2020-06-10,10137.78
2020-06-11,9266.21
2020-06-12,9577.59
2020-06-15,9664.83
2020-06-16,9894.37
2020-06-17,9695.73
2020-06-18,9704.98
2020-06-19,9593.54
2020-06-22,9563.83
2020-06-23,9588.74
2020-06-24,9177.21
2020-06-25,9316.03
2020-06-26,9042.75
2020-06-29,9268.06
2020-06-30,9410.17
2020-07-01,9256.51
2020-07-02,9314.55
2020-07-06,9463.52
2020-07-07,9215.15
2020-07-08,9235.44
2020-07-09,8899.66
2020-07-10,9208.25
2020-07-13,9220.4
2020-07-14,9379.14
2020-07-15,9670.94
2020-07-16,9691.03
2020-07-17,9628.37
2020-07-20,9476.94
2020-07-21,9705.73
2020-07-22,9741.48
2020-07-23,9808.27
2020-07-24,9738.12
2020-07-27,9721.18
2020-07-28,9649.46
2020-07-29,9880.42
2020-07-30,9667.77
2020-07-31,9629.21
2020-08-03,9680.04
2020-08-04,9728.9
2020-08-05,9901.79
2020-08-06,9806.67
2020-08-07,10011.58
2020-08-10,10250.24
2020-08-11,10280.95
2020-08-12,10283.95
2020-08-13,10179.51
2020-08-14,10279.82
2020-08-17,10214.4
2020-08-18,10111.01
2020-08-19,10081.27
2020-08-20,9945.23
2020-08-21,9870.05
2020-08-24,10165.67
2020-08-25,10160.4
2020-08-26,10082.18
2020-08-27,10182.02
2020-08-28,10267.11
2020-08-31,10101.68
2020-09-01,10127.2
2020-09-02,10292.72
2020-09-03,10145.16
2020-09-04,10218.94
2020-09-08,9968.67
2020-09-09,10022.35
2020-09-10,9836.63
2020-09-11,9904.36
2020-09-14,10085.86
2020-09-15,9985.48
2020-09-16,10144.34
2020-09-17,10151.54
2020-09-18,10073.23
2020-09-21,9705.92
2020-09-22,9672.44
2020-09-23,9433.89
2020-09-24,9438.63
2020-09-25,9527.44
2020-09-28,9757.14
2020-09-29,9612.92
2020-09-30,9725.07
2020-10-01,9704.7
2020-10-02,9832.86
2020-10-05,10072.28
2020-10-06,9934.1
2020-10-07,10166.92
2020-10-08,10365.95
2020-10-09,10307.72
2020-10-12,10388.74
2020-10-13,10229.31
2020-10-14,10224.2
2020-10-15,10337.63
2020-10-16,10305.89
2020-10-19,10179.5
2020-10-20,10277.9
2020-10-21,10235.12
2020-10-22,10465.63
2020-10-23,10532.5
2020-10-26,10237.26
2020-10-27,10015.82
2020-10-28,9702.51
2020-10-29,9851
2020-10-30,9891.26
2020-11-02,10218.49
2020-11-03,10401.8
2020-11-04,10229.62
2020-11-05,10515.41
2020-11-06,10396.78
2020-11-09,11151.71
2020-11-10,11373.53
2020-11-11,11260.32
2020-11-12,11001.99
2020-11-13,11335.58
2020-11-16,11709.55
2020-11-17,11703.92
2020-11-18,11588.27
2020-11-19,11645.04
2020-11-20,11561.84
2020-11-23,11908.32
2020-11-24,12346
2020-11-25,12128.75
2020-11-27,12073.47
2020-11-30,11760.58
2020-12-01,11907.28
2020-12-02,12014.9
2020-12-03,12136.31
2020-12-04,12402.53
2020-12-07,12299.39
2020-12-08,12348.07
2020-12-09,12357.11
2020-12-10,12343.83
2020-12-11,12187.4
2020-12-14,11969.57
2020-12-15,12174.92
2020-12-16,12106.71
2020-12-17,12158.39
2020-12-18,12035.5
2020-12-21,11968.18
2020-12-22,11848.39
2020-12-23,12076.59
2020-12-24,12064.03
2020-12-28,12104.12
2020-12-29,12031.99
2020-12-30,12133.58
2020-12-31,12242.14
2021-01-04,12077.93
2021-01-05,12209.22
2021-01-06,12752.12
2021-01-07,12891.52
2021-01-08,12824.12
2021-01-11,12908.42
2021-01-12,13125.41
2021-01-13,13068.36
2021-01-14,13276.43
2021-01-15,13094.7
2021-01-19,13164.12
2021-01-20,13181.33
2021-01-21,13064.95
2021-01-22,13018.59
2021-01-25,12990.85
2021-01-26,13020.7
2021-01-27,12836.41
2021-01-28,12830.28
2021-01-29,12543.56
2021-02-01,12637.1
2021-02-02,12757.72
2021-02-03,12951.01
2021-02-04,13146.76
2021-02-05,13187.29
2021-02-08,13408.83
2021-02-09,13445.6
2021-02-10,13505.09
2021-02-11,13422.84
2021-02-12,13517.51
2021-02-16,13639.81
2021-02-17,13689.56
2021-02-18,13555.05
2021-02-19,13767.39
2021-02-22,13994.38
2021-02-23,14081.3
2021-02-24,14388.38
2021-02-25,14034.02
2021-02-26,13873.99
2021-03-01,14235.02
2021-03-02,14226.83
2021-03-03,14366.67
2021-03-04,14219.8
2021-03-05,14604.45
2021-03-08,14911.15
2021-03-09,14703.31
2021-03-10,15035.38
2021-03-11,15029.4
2021-03-12,15273.26
2021-03-15,15305.56
2021-03-16,15069.69
2021-03-17,15203.4
2021-03-18,15162.3
2021-03-19,15107.57
2021-03-22,14977.01
2021-03-23,14591.68
2021-03-24,14529.52
2021-03-25,14825.29
2021-03-26,14950.13
2021-03-29,14794.11
2021-03-30,14958.84
2021-03-31,14816.53
2021-04-01,14966.15
2021-04-05,15044
2021-04-06,15041.17
2021-04-07,15044.49
2021-04-08,14936.19
2021-04-09,15025.73
2021-04-12,15094.63
2021-04-13,14958.47
2021-04-14,15106.94
2021-04-15,15114.62
2021-04-16,15181.08
2021-04-19,15134.05
2021-04-20,14862.64
2021-04-21,15143.34
2021-04-22,14960.36
2021-04-23,15192.92
2021-04-26,15239.69
2021-04-27,15309.92
2021-04-28,15374.66
2021-04-29,15558.26
2021-04-30,15414.78
2021-05-03,15623.98
2021-05-04,15693.48
2021-05-05,15824.12
2021-05-06,16020.13
2021-05-07,16190.87
2021-05-10,16200.35
2021-05-11,15920.65
2021-05-12,15658.8
2021-05-13,15927.29
2021-05-14,16196.39
2021-05-17,16284.13
2021-05-18,16080.66
2021-05-19,15931.38
2021-05-20,15920.72
2021-05-21,16042.79
2021-05-24,16089.85
2021-05-25,15863.87
2021-05-26,15991.06
2021-05-27,16192.36
2021-05-28,16160.42
2021-06-01,16329.46
2021-06-02,16371.98
2021-06-03,16446.36
2021-06-04,16452.77
2021-06-07,16389.79
2021-06-08,16408.43
2021-06-09,16217.23
2021-06-10,16079.8
2021-06-11,16155.18
2021-06-14,15965.3
2021-06-15,16032.12
2021-06-16,15960.14
2021-06-17,15454.34
2021-06-18,15067.06
2021-06-21,15446.42
2021-06-22,15430.37
2021-06-23,15440.22
2021-06-24,15594.65
2021-06-25,15780.63
2021-06-28,15551.63
2021-06-29,15473.39
2021-06-30,15545.46
2021-07-01,15673.63
2021-07-02,15629.47
2021-07-06,15298.3
2021-07-07,15290.13
2021-07-08,15012.53
2021-07-09,15420.39
2021-07-12,15500.32
2021-07-13,15282.13
2021-07-14,15208.88
2021-07-15,15184.18
2021-07-16,14938.02
2021-07-19,14549.62
2021-07-20,14909.42
2021-07-21,15157.46
2021-07-22,14974.52
2021-07-23,15017.18
2021-07-26,15167.66
2021-07-27,15143.11
2021-07-28,15136.67
2021-07-29,15316.82
2021-07-30,15201.03
2021-08-02,15188.47
2021-08-03,15393.29
2021-08-04,15059.98
2021-08-05,15203.99
2021-08-06,15437.76
2021-08-09,15452.52
2021-08-10,15656.7
2021-08-11,15853.29
2021-08-12,15830.7
2021-08-13,15749.85
2021-08-16,15689.17
2021-08-17,15532.98
2021-08-18,15367.67
2021-08-19,15166.56
2021-08-20,15277.54
2021-08-23,15435.07
2021-08-24,15571.68
2021-08-25,15715.29
2021-08-26,15516.09
2021-08-27,15763.12
2021-08-30,15568.11
2021-08-31,15629.09
2021-09-01,15518.26
2021-09-02,15648.42
2021-09-03,15549.09
2021-09-07,15426.26
2021-09-08,15359.97
2021-09-09,15364.6
2021-09-10,15200.17
2021-09-13,15447.09
2021-09-14,15210.13
2021-09-15,15434.96
2021-09-16,15378.71
2021-09-17,15311.31
2021-09-20,14934.69
2021-09-21,14841.3
2021-09-22,15064.86
2021-09-23,15382.61
2021-09-24,15444.2
2021-09-27,15782.18
2021-09-28,15644.81
2021-09-29,15675.16
2021-09-30,15368.38
2021-10-01,15602.17
2021-10-04,15600.3
2021-10-05,15772.9
2021-10-06,15730.5
2021-10-07,15883.54
2021-10-08,15950.93
2021-10-11,15866.01
2021-10-12,15842.26
2021-10-13,15751.08
2021-10-14,16006.21
2021-10-15,16046.3
2021-10-18,16020.83
2021-10-19,16138.14
2021-10-20,16404.47
2021-10-21,16336.77
2021-10-22,16427.27
2021-10-25,16429.05
2021-10-26,16355.12
2021-10-27,16017.75
2021-10-28,16207.77
2021-10-29,16062.35
2021-11-01,16307.71
2021-11-02,16297.76
2021-11-03,16542.06
2021-11-04,16393.87
2021-11-05,16505.87
2021-11-08,16538.09
2021-11-09,16501.84
2021-11-10,16453.4
2021-11-11,16587.49
2021-11-12,16585.45
2021-11-15,16628.7
2021-11-16,16553.23
2021-11-17,16402.42
2021-11-18,16316.6
2021-11-19,16061.76
2021-11-22,16341.97
2021-11-23,16545.06
2021-11-24,16477.27
2021-11-26,15941.58
2021-11-29,15938.19
2021-11-30,15469.9
2021-12-01,15286.88
2021-12-02,15762.45
2021-12-03,15644.21
,
,
,
