Date,S&P 500 Pure Growth (TR)
2011-11-30,4861.85
2011-12-01,4877.27
2011-12-02,4861.67
2011-12-05,4926.51
2011-12-06,4905.99
2011-12-07,4902.89
2011-12-08,4794.92
2011-12-09,4876.72
2011-12-12,4813.31
2011-12-13,4732.51
2011-12-14,4650.65
2011-12-15,4652.62
2011-12-16,4671.11
2011-12-19,4620.26
2011-12-20,4762.87
2011-12-21,4748.02
2011-12-22,4788.34
2011-12-23,4825.28
2011-12-27,4834.3
2011-12-28,4772.86
2011-12-29,4817.21
2011-12-30,4795.68
2012-01-03,4854.97
2012-01-04,4858.67
2012-01-05,4883.8
2012-01-06,4891.52
2012-01-09,4907.66
2012-01-10,4955.56
2012-01-11,4958.18
2012-01-12,4977.54
2012-01-13,4953.7
2012-01-17,4978.77
2012-01-18,5053.59
2012-01-19,5095.95
2012-01-20,5066.68
2012-01-23,5065.88
2012-01-24,5084.67
2012-01-25,5140.47
2012-01-26,5122.27
2012-01-27,5134.92
2012-01-30,5112.3
2012-01-31,5112.05
2012-02-01,5163.74
2012-02-02,5175.07
2012-02-03,5246.64
2012-02-06,5234.38
2012-02-07,5239.64
2012-02-08,5251.36
2012-02-09,5269.52
2012-02-10,5232.81
2012-02-13,5258.79
2012-02-14,5273.6
2012-02-15,5251.55
2012-02-16,5291.67
2012-02-17,5284.35
2012-02-21,5269.46
2012-02-22,5269.17
2012-02-23,5290.45
2012-02-24,5309.5
2012-02-27,5310.11
2012-02-28,5324.76
2012-02-29,5288.59
2012-03-01,5327.4
2012-03-02,5310.67
2012-03-05,5274.33
2012-03-06,5196.77
2012-03-07,5232.57
2012-03-08,5297.24
2012-03-09,5325.2
2012-03-12,5305.86
2012-03-13,5387.7
2012-03-14,5373.7
2012-03-15,5406.66
2012-03-16,5413.05
2012-03-19,5434.44
2012-03-20,5411.82
2012-03-21,5429.02
2012-03-22,5403.48
2012-03-23,5409.54
2012-03-26,5495.53
2012-03-27,5478.21
2012-03-28,5442.83
2012-03-29,5451.76
2012-03-30,5467.21
2012-04-02,5517.03
2012-04-03,5510.45
2012-04-04,5442.85
2012-04-05,5469.16
2012-04-09,5400.93
2012-04-10,5305.41
2012-04-11,5348.93
2012-04-12,5425.14
2012-04-13,5376.23
2012-04-16,5347.49
2012-04-17,5434.27
2012-04-18,5429.9
2012-04-19,5407.03
2012-04-20,5393.19
2012-04-23,5332.35
2012-04-24,5305.87
2012-04-25,5400.59
2012-04-26,5444.65
2012-04-27,5481.75
2012-04-30,5453.54
2012-05-01,5477.52
2012-05-02,5483.26
2012-05-03,5437.03
2012-05-04,5331.29
2012-05-07,5323.74
2012-05-08,5264.03
2012-05-09,5243.77
2012-05-10,5233.48
2012-05-11,5239.06
2012-05-14,5177.55
2012-05-15,5162.62
2012-05-16,5137.8
2012-05-17,5030.33
2012-05-18,4987.58
2012-05-21,5095.58
2012-05-22,5091.9
2012-05-23,5121.35
2012-05-24,5116.21
2012-05-25,5113.43
2012-05-29,5167.72
2012-05-30,5092.86
2012-05-31,5056.19
2012-06-01,4917.21
2012-06-04,4945.11
2012-06-05,4989.66
2012-06-06,5098.58
2012-06-07,5078.42
2012-06-08,5122.09
2012-06-11,5047.77
2012-06-12,5105.97
2012-06-13,5057.32
2012-06-14,5106.57
2012-06-15,5176.86
2012-06-18,5216.34
2012-06-19,5273.5
2012-06-20,5259.86
2012-06-21,5114.63
2012-06-22,5179.84
2012-06-25,5098.27
2012-06-26,5131.31
2012-06-27,5149.59
2012-06-28,5110.42
2012-06-29,5248.86
2012-07-02,5269.11
2012-07-03,5306.2
2012-07-05,5306.69
2012-07-06,5232.82
2012-07-09,5213.38
2012-07-10,5154.36
2012-07-11,5141.72
2012-07-12,5136.23
2012-07-13,5205.95
2012-07-16,5186.03
2012-07-17,5216.06
2012-07-18,5261.37
2012-07-19,5294.32
2012-07-20,5206.55
2012-07-23,5142.64
2012-07-24,5077.41
2012-07-25,5078.83
2012-07-26,5146.51
2012-07-27,5262.86
2012-07-30,5234.18
2012-07-31,5184.58
2012-08-01,5151.28
2012-08-02,5129.07
2012-08-03,5234.68
2012-08-06,5257.47
2012-08-07,5318.48
2012-08-08,5310.33
2012-08-09,5304.57
2012-08-10,5307.66
2012-08-13,5302.66
2012-08-14,5299.58
2012-08-15,5327.79
2012-08-16,5366.48
2012-08-17,5373.59
2012-08-20,5362.56
2012-08-21,5351.61
2012-08-22,5363.34
2012-08-23,5324.05
2012-08-24,5363.8
2012-08-27,5358.88
2012-08-28,5354.96
2012-08-29,5364.15
2012-08-30,5312.47
2012-08-31,5343.14
2012-09-04,5337.39
2012-09-05,5325.12
2012-09-06,5440.43
2012-09-07,5472.08
2012-09-10,5434.31
2012-09-11,5443.39
2012-09-12,5453.56
2012-09-13,5525.91
2012-09-14,5563.39
2012-09-17,5553.56
2012-09-18,5547.79
2012-09-19,5562.37
2012-09-20,5551.63
2012-09-21,5550.83
2012-09-24,5521.91
2012-09-25,5467
2012-09-26,5434.11
2012-09-27,5499.66
2012-09-28,5481.51
2012-10-01,5498.1
2012-10-02,5506.69
2012-10-03,5534.9
2012-10-04,5571.78
2012-10-05,5565.07
2012-10-08,5549.4
2012-10-09,5461.82
2012-10-10,5429.31
2012-10-11,5436.2
2012-10-12,5425.56
2012-10-15,5470.3
2012-10-16,5533.87
2012-10-17,5526.27
2012-10-18,5500.79
2012-10-19,5397.55
2012-10-22,5396.71
2012-10-23,5346.18
2012-10-24,5313.36
2012-10-25,5323.05
2012-10-26,5336.29
2012-10-31,5342.57
2012-11-01,5419.76
2012-11-02,5368.27
2012-11-05,5395.17
2012-11-06,5425.12
2012-11-07,5330.28
2012-11-08,5257.29
2012-11-09,5267.22
2012-11-12,5285.86
2012-11-13,5278.15
2012-11-14,5211.28
2012-11-15,5215.72
2012-11-16,5249.97
2012-11-19,5343.1
2012-11-20,5347.17
2012-11-21,5362.24
2012-11-23,5428.43
2012-11-26,5408.45
2012-11-27,5389.33
2012-11-28,5430.87
2012-11-29,5455.29
2012-11-30,5454.41
2012-12-03,5422.65
2012-12-04,5434.92
2012-12-05,5422.22
2012-12-06,5443.57
2012-12-07,5450.52
2012-12-10,5460.91
2012-12-11,5503.71
2012-12-12,5509.39
2012-12-13,5476.37
2012-12-14,5464.49
2012-12-17,5524.09
2012-12-18,5587.94
2012-12-19,5544.56
2012-12-20,5561.48
2012-12-21,5523.09
2012-12-24,5516.98
2012-12-26,5478.32
2012-12-27,5479.55
2012-12-28,5426.91
2012-12-31,5535.51
2013-01-02,5683.63
2013-01-03,5668.34
2013-01-04,5696.89
2013-01-07,5679.12
2013-01-08,5679.01
2013-01-09,5707.61
2013-01-10,5745.39
2013-01-11,5734.76
2013-01-14,5731.94
2013-01-15,5749.54
2013-01-16,5751.22
2013-01-17,5801.69
2013-01-18,5814.47
2013-01-22,5840.76
2013-01-23,5844.42
2013-01-24,5886.72
2013-01-25,5944.57
2013-01-28,5912.25
2013-01-29,5923.87
2013-01-30,5907.87
2013-01-31,5885.32
2013-02-01,5948.88
2013-02-04,5874.32
2013-02-05,5944.68
2013-02-06,5970.32
2013-02-07,5948.3
2013-02-08,5992.58
2013-02-11,5976.57
2013-02-12,5989.43
2013-02-13,6005.75
2013-02-14,6023.05
2013-02-15,6014.44
2013-02-19,6040.04
2013-02-20,5909.14
2013-02-21,5863.54
2013-02-22,5919.32
2013-02-25,5800.32
2013-02-26,5855
2013-02-27,5955.5
2013-02-28,5960.45
2013-03-01,6008.05
2013-03-04,6040.28
2013-03-05,6103.55
2013-03-06,6109.87
2013-03-07,6122.1
2013-03-08,6157.91
2013-03-11,6171.46
2013-03-12,6168.04
2013-03-13,6188.88
2013-03-14,6215.23
2013-03-15,6188.6
2013-03-18,6167.09
2013-03-19,6141.62
2013-03-20,6205.66
2013-03-21,6142.14
2013-03-22,6176.48
2013-03-25,6154.76
2013-03-26,6208.7
2013-03-27,6214.81
2013-03-28,6244.09
2013-04-01,6189.43
2013-04-02,6196.33
2013-04-03,6106.24
2013-04-04,6136.89
2013-04-05,6116.88
2013-04-08,6169.12
2013-04-09,6192.61
2013-04-10,6272.69
2013-04-11,6317.67
2013-04-12,6307.19
2013-04-15,6136.58
2013-04-16,6239.68
2013-04-17,6135.34
2013-04-18,6069.64
2013-04-19,6148.84
2013-04-22,6188.72
2013-04-23,6285.96
2013-04-24,6284.13
2013-04-25,6352.66
2013-04-26,6331.43
2013-04-29,6356.06
2013-04-30,6367.24
2013-05-01,6318.81
2013-05-02,6417.97
2013-05-03,6519.28
2013-05-06,6542.57
2013-05-07,6583.61
2013-05-08,6607.09
2013-05-09,6585.25
2013-05-10,6648.17
2013-05-13,6648.9
2013-05-14,6748.76
2013-05-15,6802.51
2013-05-16,6734.31
2013-05-17,6832.6
2013-05-20,6825.39
2013-05-21,6830.59
2013-05-22,6754.11
2013-05-23,6740.18
2013-05-24,6723.55
2013-05-28,6761.89
2013-05-29,6712.75
2013-05-30,6763.26
2013-05-31,6683.83
2013-06-03,6674.38
2013-06-04,6629.97
2013-06-05,6523.51
2013-06-06,6598.86
2013-06-07,6689.24
2013-06-10,6670.31
2013-06-11,6592.23
2013-06-12,6520.29
2013-06-13,6644.52
2013-06-14,6607.05
2013-06-17,6652.66
2013-06-18,6714.99
2013-06-19,6630.13
2013-06-20,6442.32
2013-06-21,6439.18
2013-06-24,6354.99
2013-06-25,6435.11
2013-06-26,6496.96
2013-06-27,6557.15
2013-06-28,6530.95
2013-07-01,6588.22
2013-07-02,6568.78
2013-07-03,6580.04
2013-07-05,6659.84
2013-07-08,6684.46
2013-07-09,6745.5
2013-07-10,6752.29
2013-07-11,6864.92
2013-07-12,6927.92
2013-07-15,6909.88
2013-07-16,6866.51
2013-07-17,6906.86
2013-07-18,6926.54
2013-07-19,6947.44
2013-07-22,6963.88
2013-07-23,6920.17
2013-07-24,6875.78
2013-07-25,6903.14
2013-07-26,6908.56
2013-07-29,6883.1
2013-07-30,6915.3
2013-07-31,6918.47
2013-08-01,7042.89
2013-08-02,7050.96
2013-08-05,7048.83
2013-08-06,6990.56
2013-08-07,6944.59
2013-08-08,6975.57
2013-08-09,6965.06
2013-08-12,6964.27
2013-08-13,6978.83
2013-08-14,6915.82
2013-08-15,6799.02
2013-08-16,6792.73
2013-08-19,6743
2013-08-20,6811.74
2013-08-21,6783.16
2013-08-22,6860.17
2013-08-23,6874.72
2013-08-26,6863.14
2013-08-27,6718.96
2013-08-28,6750.07
2013-08-29,6789.72
2013-08-30,6758.93
2013-09-03,6819.72
2013-09-04,6894.24
2013-09-05,6904
2013-09-06,6901.68
2013-09-09,6984
2013-09-10,7039.61
2013-09-11,7060.5
2013-09-12,7034.67
2013-09-13,7056.12
2013-09-16,7097.59
2013-09-17,7133.25
2013-09-18,7234.59
2013-09-19,7231.47
2013-09-20,7197.78
2013-09-23,7133.72
2013-09-24,7158.07
2013-09-25,7154.65
2013-09-26,7208.05
2013-09-27,7199.1
2013-09-30,7177
2013-10-01,7252.43
2013-10-02,7256.2
2013-10-03,7181.13
2013-10-04,7258.8
2013-10-07,7157.42
2013-10-08,7005.71
2013-10-09,6981.54
2013-10-10,7162.3
2013-10-11,7206.38
2013-10-14,7259.93
2013-10-15,7206.29
2013-10-16,7327.67
2013-10-17,7407.08
2013-10-18,7454.98
2013-10-21,7456.23
2013-10-22,7473.11
2013-10-23,7429.79
2013-10-24,7481.27
2013-10-25,7509.99
2013-10-28,7497.72
2013-10-29,7547.71
2013-10-30,7498.2
2013-10-31,7477.39
2013-11-01,7492.98
2013-11-04,7527.24
2013-11-05,7509.55
2013-11-06,7488.8
2013-11-07,7354.93
2013-11-08,7484.1
2013-11-11,7486.49
2013-11-12,7487.56
2013-11-13,7561.51
2013-11-14,7628.17
2013-11-15,7662.41
2013-11-18,7605.14
2013-11-19,7570.5
2013-11-20,7551.82
2013-11-21,7637.79
2013-11-22,7687.27
2013-11-25,7687.9
2013-11-26,7718.18
2013-11-27,7746.61
2013-11-29,7746.04
2013-12-02,7722.23
2013-12-03,7659.77
2013-12-04,7651.09
2013-12-05,7640.62
2013-12-06,7726.94
2013-12-09,7733.5
2013-12-10,7737.43
2013-12-11,7634.34
2013-12-12,7633.23
2013-12-13,7642.43
2013-12-16,7704.06
2013-12-17,7691.85
2013-12-18,7827.73
2013-12-19,7816.48
2013-12-20,7870.58
2013-12-23,7903.31
2013-12-24,7922.91
2013-12-26,7953.78
2013-12-27,7918.76
2013-12-30,7924.55
2013-12-31,7962.58
2014-01-02,7900.67
2014-01-03,7908.07
2014-01-06,7875.89
2014-01-07,7941.31
2014-01-08,8004.07
2014-01-09,8007.03
2014-01-10,8055.13
2014-01-13,7906.65
2014-01-14,8048.5
2014-01-15,8063.55
2014-01-16,8058.04
2014-01-17,8043.31
2014-01-21,8098.2
2014-01-22,8131.87
2014-01-23,8043.56
2014-01-24,7835.13
2014-01-27,7771.95
2014-01-28,7859.98
2014-01-29,7765.64
2014-01-30,7940.25
2014-01-31,7894.93
2014-02-03,7671.88
2014-02-04,7799.21
2014-02-05,7762.18
2014-02-06,7883.21
2014-02-07,8031.94
2014-02-10,8045.52
2014-02-11,8140.81
2014-02-12,8157.94
2014-02-13,8245.76
2014-02-14,8261.62
2014-02-18,8325.36
2014-02-19,8267.38
2014-02-20,8350.34
2014-02-21,8359.41
2014-02-24,8446.56
2014-02-25,8461.3
2014-02-26,8455.21
2014-02-27,8497.38
2014-02-28,8496.14
2014-03-03,8439.48
2014-03-04,8611.52
2014-03-05,8613.36
2014-03-06,8615.25
2014-03-07,8592.83
2014-03-10,8588.52
2014-03-11,8525.16
2014-03-12,8537.37
2014-03-13,8397.23
2014-03-14,8387.68
2014-03-17,8454.71
2014-03-18,8534.28
2014-03-19,8502.47
2014-03-20,8546.21
2014-03-21,8455.68
2014-03-24,8340.87
2014-03-25,8347.14
2014-03-26,8243.54
2014-03-27,8203.08
2014-03-28,8232.76
2014-03-31,8310.48
2014-04-01,8445.77
2014-04-02,8473.74
2014-04-03,8395.57
2014-04-04,8202.72
2014-04-07,8061.15
2014-04-08,8116.41
2014-04-09,8272.21
2014-04-10,7994.32
2014-04-11,7880.66
2014-04-14,7946.86
2014-04-15,8007.19
2014-04-16,8139.81
2014-04-17,8156.59
2014-04-21,8204.46
2014-04-22,8310.52
2014-04-23,8269.44
2014-04-24,8242.53
2014-04-25,8081.99
2014-04-28,8025.13
2014-04-29,8109.09
2014-04-30,8161.03
2014-05-01,8178.99
2014-05-02,8191.81
2014-05-05,8240.95
2014-05-06,8139.11
2014-05-07,8139.12
2014-05-08,8116.34
2014-05-09,8157.7
2014-05-12,8313.64
2014-05-13,8303.04
2014-05-14,8232.18
2014-05-15,8134.82
2014-05-16,8163.95
2014-05-19,8234.16
2014-05-20,8160.57
2014-05-21,8253.36
2014-05-22,8306.64
2014-05-23,8371.85
2014-05-27,8468.69
2014-05-28,8459.5
2014-05-29,8504.52
2014-05-30,8504.5
2014-06-02,8543.2
2014-06-03,8545.32
2014-06-04,8582.09
2014-06-05,8627.73
2014-06-06,8700.54
2014-06-09,8683.36
2014-06-10,8671.87
2014-06-11,8666.73
2014-06-12,8597.52
2014-06-13,8625.08
2014-06-16,8620.16
2014-06-17,8666.24
2014-06-18,8723.41
2014-06-19,8704.75
2014-06-20,8734.54
2014-06-23,8728.48
2014-06-24,8713.3
2014-06-25,8790.41
2014-06-26,8789.99
2014-06-27,8812.4
2014-06-30,8807.29
2014-07-01,8922.03
2014-07-02,8920
2014-07-03,8980.52
2014-07-07,8892.21
2014-07-08,8781.57
2014-07-09,8861.06
2014-07-10,8806.01
2014-07-11,8843.75
2014-07-14,8891.23
2014-07-15,8841.83
2014-07-16,8856.61
2014-07-17,8702.49
2014-07-18,8822.21
2014-07-21,8807.4
2014-07-22,8877.18
2014-07-23,8921.12
2014-07-24,8939.75
2014-07-25,8913.43
2014-07-28,8896.45
2014-07-29,8866.83
2014-07-30,8894.23
2014-07-31,8698.93
2014-08-01,8665.34
2014-08-04,8731.54
2014-08-05,8653.34
2014-08-06,8644.98
2014-08-07,8581.53
2014-08-08,8673.89
2014-08-11,8706.67
2014-08-12,8670.38
2014-08-13,8750.38
2014-08-14,8788.14
2014-08-15,8815.89
2014-08-18,8898.82
2014-08-19,8933.32
2014-08-20,8977.15
2014-08-21,8970.92
2014-08-22,9010.85
2014-08-25,9067.12
2014-08-26,9095.9
2014-08-27,9060.39
2014-08-28,9031.68
2014-08-29,9059.19
2014-09-02,9087.94
2014-09-03,9063.88
2014-09-04,9035.56
2014-09-05,9064.97
2014-09-08,9046.83
2014-09-09,8958.11
2014-09-10,9022.35
2014-09-11,9013.02
2014-09-12,8967.87
2014-09-15,8884.29
2014-09-16,8966
2014-09-17,8972.05
2014-09-18,9047.78
2014-09-19,9018.94
2014-09-22,8899.37
2014-09-23,8853.18
2014-09-24,8967.51
2014-09-25,8808.37
2014-09-26,8906.93
2014-09-29,8880.59
2014-09-30,8825.32
2014-10-01,8660.24
2014-10-02,8669.57
2014-10-03,8797.31
2014-10-06,8746.63
2014-10-07,8602.68
2014-10-08,8770.63
2014-10-09,8548.54
2014-10-10,8387.16
2014-10-13,8168.01
2014-10-14,8207.94
2014-10-15,8170.94
2014-10-16,8209.12
2014-10-17,8310.9
2014-10-20,8420.45
2014-10-21,8645.25
2014-10-22,8547.84
2014-10-23,8681.66
2014-10-24,8750.4
2014-10-27,8724.17
2014-10-28,8865.22
2014-10-29,8837.64
2014-10-30,8888.08
2014-10-31,9024.3
2014-11-03,9016.24
2014-11-04,8943.64
2014-11-05,8957.12
2014-11-06,9038.36
2014-11-07,9022.11
2014-11-10,9060.26
2014-11-11,9062.85
2014-11-12,9076.04
2014-11-13,9045.1
2014-11-14,9048.98
2014-11-17,9024.1
2014-11-18,9120.4
2014-11-19,9098.92
2014-11-20,9098.37
2014-11-21,9113.46
2014-11-24,9180.78
2014-11-25,9179.05
2014-11-26,9196.58
2014-11-28,9177.21
2014-12-01,9046.11
2014-12-02,9114.1
2014-12-03,9167.89
2014-12-04,9158.68
2014-12-05,9183.37
2014-12-08,9108.83
2014-12-09,9125.11
2014-12-10,8976.19
2014-12-11,9040.01
2014-12-12,8902.6
2014-12-15,8846.04
2014-12-16,8728.56
2014-12-17,8931.75
2014-12-18,9144.69
2014-12-19,9183.84
2014-12-22,9201.25
2014-12-23,9157.45
2014-12-24,9176.84
2014-12-26,9214.75
2014-12-29,9227.5
2014-12-30,9172.37
2014-12-31,9100.67
2015-01-02,9103.57
2015-01-05,8960.11
2015-01-06,8863.39
2015-01-07,9011.3
2015-01-08,9179.31
2015-01-09,9139.65
2015-01-12,9056.64
2015-01-13,9009.68
2015-01-14,8971.66
2015-01-15,8833.87
2015-01-16,8972.19
2015-01-20,8995.85
2015-01-21,9043.15
2015-01-22,9156.99
2015-01-23,9163.99
2015-01-26,9211.06
2015-01-27,9107.66
2015-01-28,9014.36
2015-01-29,9133.77
2015-01-30,8981.48
2015-02-02,9031.03
2015-02-03,9143.99
2015-02-04,9126.29
2015-02-05,9221.19
2015-02-06,9165.4
2015-02-09,9099.7
2015-02-10,9250.11
2015-02-11,9269.88
2015-02-12,9386.72
2015-02-13,9408.97
2015-02-17,9422.53
2015-02-18,9449.44
2015-02-19,9465.94
2015-02-20,9546.08
2015-02-23,9541.4
2015-02-24,9528.62
2015-02-25,9537.59
2015-02-26,9547.7
2015-02-27,9526.71
2015-03-02,9610.79
2015-03-03,9534.74
2015-03-04,9509.56
2015-03-05,9541.86
2015-03-06,9384.27
2015-03-09,9426
2015-03-10,9288.42
2015-03-11,9310.34
2015-03-12,9440.44
2015-03-13,9397.53
2015-03-16,9548.23
2015-03-17,9534.83
2015-03-18,9647.77
2015-03-19,9677.76
2015-03-20,9769.18
2015-03-23,9723.92
2015-03-24,9690.64
2015-03-25,9469.7
2015-03-26,9449.59
2015-03-27,9526.73
2015-03-30,9612.5
2015-03-31,9532.03
2015-04-01,9471.55
2015-04-02,9511.89
2015-04-06,9538.41
2015-04-07,9518.04
2015-04-08,9604.04
2015-04-09,9627.11
2015-04-10,9666.56
2015-04-13,9625.93
2015-04-14,9621.71
2015-04-15,9668.82
2015-04-16,9656.96
2015-04-17,9552.28
2015-04-20,9638.97
2015-04-21,9684.79
2015-04-22,9698.12
2015-04-23,9715.63
2015-04-24,9684.12
2015-04-27,9611.25
2015-04-28,9589.93
2015-04-29,9510
2015-04-30,9397.67
2015-05-01,9554.63
2015-05-04,9554.32
2015-05-05,9406.6
2015-05-06,9379.75
2015-05-07,9451.96
2015-05-08,9563.43
2015-05-11,9541.78
2015-05-12,9504.63
2015-05-13,9494.19
2015-05-14,9610.97
2015-05-15,9606.63
2015-05-18,9653.84
2015-05-19,9624.65
2015-05-20,9599.59
2015-05-21,9627.7
2015-05-22,9631.53
2015-05-26,9524.02
2015-05-27,9620.29
2015-05-28,9601.45
2015-05-29,9539.3
2015-06-01,9589.14
2015-06-02,9560.05
2015-06-03,9568.85
2015-06-04,9500.16
2015-06-05,9507.51
2015-06-08,9417.43
2015-06-09,9384.94
2015-06-10,9492.04
2015-06-11,9510.15
2015-06-12,9471.73
2015-06-15,9429.17
2015-06-16,9473.26
2015-06-17,9504.14
2015-06-18,9622.04
2015-06-19,9603.55
2015-06-22,9673.84
2015-06-23,9662.76
2015-06-24,9597.49
2015-06-25,9593.65
2015-06-26,9534.06
2015-06-29,9295.25
2015-06-30,9340.84
2015-07-01,9400.31
2015-07-02,9408.78
2015-07-06,9376.52
2015-07-07,9441.89
2015-07-08,9265.65
2015-07-09,9289.31
2015-07-10,9428.31
2015-07-13,9544.48
2015-07-14,9589.64
2015-07-15,9566.54
2015-07-16,9625.13
2015-07-17,9626.63
2015-07-20,9641.64
2015-07-21,9635.76
2015-07-22,9659.25
2015-07-23,9643.43
2015-07-24,9509.71
2015-07-27,9444.17
2015-07-28,9593.64
2015-07-29,9646.79
2015-07-30,9654
2015-07-31,9663.97
2015-08-03,9657.52
2015-08-04,9649.73
2015-08-05,9698.3
2015-08-06,9546.57
2015-08-07,9547.16
2015-08-10,9650.99
2015-08-11,9581.54
2015-08-12,9603.53
2015-08-13,9626.77
2015-08-14,9652.18
2015-08-17,9735.25
2015-08-18,9707.49
2015-08-19,9656.33
2015-08-20,9409.19
2015-08-21,9106.81
2015-08-24,8766.64
2015-08-25,8679.99
2015-08-26,9021.78
2015-08-27,9265.09
2015-08-28,9262.08
2015-08-31,9166.02
2015-09-01,8927.56
2015-09-02,9123.83
2015-09-03,9122.95
2015-09-04,9002.09
2015-09-08,9238.93
2015-09-09,9116.45
2015-09-10,9172.29
2015-09-11,9232.57
2015-09-14,9193.21
2015-09-15,9297.62
2015-09-16,9386.65
2015-09-17,9409.57
2015-09-18,9264
2015-09-21,9271.78
2015-09-22,9137.25
2015-09-23,9134.78
2015-09-24,9083.89
2015-09-25,9053.56
2015-09-28,8744.99
2015-09-29,8703.72
2015-09-30,8926.56
2015-10-01,8980.85
2015-10-02,9114.96
2015-10-05,9251.49
2015-10-06,9144.1
2015-10-07,9249.81
2015-10-08,9319.26
2015-10-09,9343.08
2015-10-12,9384.27
2015-10-13,9275.85
2015-10-14,9216.59
2015-10-15,9346.02
2015-10-16,9389.11
2015-10-19,9428.14
2015-10-20,9409.75
2015-10-21,9344.58
2015-10-22,9466.47
2015-10-23,9531.43
2015-10-26,9527.7
2015-10-27,9528.86
2015-10-28,9594.43
2015-10-29,9567.83
2015-10-30,9567.94
2015-11-02,9672.7
2015-11-03,9683.83
2015-11-04,9651.9
2015-11-05,9639.56
2015-11-06,9640.22
2015-11-09,9518.57
2015-11-10,9557.75
2015-11-11,9521.06
2015-11-12,9362.69
2015-11-13,9218.48
2015-11-16,9337.48
2015-11-17,9343.37
2015-11-18,9499.1
2015-11-19,9486.99
2015-11-20,9534.3
2015-11-23,9530.25
2015-11-24,9529.1
2015-11-25,9584.31
2015-11-27,9591.37
2015-11-30,9525.73
2015-12-01,9643.12
2015-12-02,9535.05
2015-12-03,9384.85
2015-12-04,9593.85
2015-12-07,9549.5
2015-12-08,9536.51
2015-12-09,9416.24
2015-12-10,9460.65
2015-12-11,9258.77
2015-12-14,9267.35
2015-12-15,9367.12
2015-12-16,9505.4
2015-12-17,9347.05
2015-12-18,9201.7
2015-12-21,9273.87
2015-12-22,9328.76
2015-12-23,9398.65
2015-12-24,9392.91
2015-12-28,9401.76
2015-12-29,9509.71
2015-12-30,9439.88
2015-12-31,9347.45
2016-01-04,9151.16
2016-01-05,9156.09
2016-01-06,9055.21
2016-01-07,8849.58
2016-01-08,8716.62
2016-01-11,8712.07
2016-01-12,8820.87
2016-01-13,8531.46
2016-01-14,8638.32
2016-01-15,8461.51
2016-01-19,8490.18
2016-01-20,8428.11
2016-01-21,8446.44
2016-01-22,8635.63
2016-01-25,8521.21
2016-01-26,8614.15
2016-01-27,8453.01
2016-01-28,8477.26
2016-01-29,8670.42
2016-02-01,8702.5
2016-02-02,8506.98
2016-02-03,8479.49
2016-02-04,8461.38
2016-02-05,8155.75
2016-02-08,7909.7
2016-02-09,7951.07
2016-02-10,8031.18
2016-02-11,7974.8
2016-02-12,8132.29
2016-02-16,8321.48
2016-02-17,8488.65
2016-02-18,8413.46
2016-02-19,8472.58
2016-02-22,8603.66
2016-02-23,8515
2016-02-24,8575.04
2016-02-25,8700.75
2016-02-26,8699.23
2016-02-29,8627.2
2016-03-01,8876.64
2016-03-02,8874.38
2016-03-03,8893.93
2016-03-04,8906.12
2016-03-07,8864.94
2016-03-08,8763.18
2016-03-09,8801.15
2016-03-10,8819.21
2016-03-11,8993.51
2016-03-14,8998.6
2016-03-15,8983.55
2016-03-16,9039.49
2016-03-17,9057.01
2016-03-18,9095.15
2016-03-21,9105.4
2016-03-22,9117.04
2016-03-23,9062.35
2016-03-24,9057.89
2016-03-28,9082.41
2016-03-29,9197.9
2016-03-30,9230.68
2016-03-31,9221.5
2016-04-01,9314.99
2016-04-04,9276.49
2016-04-05,9190.84
2016-04-06,9319.35
2016-04-07,9197.76
2016-04-08,9212.24
2016-04-11,9139.01
2016-04-12,9190.63
2016-04-13,9304.88
2016-04-14,9293.11
2016-04-15,9300.67
2016-04-18,9371.47
2016-04-19,9301.47
2016-04-20,9317.23
2016-04-21,9297.57
2016-04-22,9287.27
2016-04-25,9288.33
2016-04-26,9318.52
2016-04-27,9326.08
2016-04-28,9201.91
2016-04-29,9150.31
2016-05-02,9248.56
2016-05-03,9178.77
2016-05-04,9120.27
2016-05-05,9119.87
2016-05-06,9179.95
2016-05-09,9227.53
2016-05-10,9335.84
2016-05-11,9231.77
2016-05-12,9229.31
2016-05-13,9191.12
2016-05-16,9286.73
2016-05-17,9182.37
2016-05-18,9189.54
2016-05-19,9149.22
2016-05-20,9231.98
2016-05-23,9220.29
2016-05-24,9385.62
2016-05-25,9419.54
2016-05-26,9429.01
2016-05-27,9489.95
2016-05-31,9483.3
2016-06-01,9484.31
2016-06-02,9528.18
2016-06-03,9476.25
2016-06-06,9501.71
2016-06-07,9510.93
2016-06-08,9545.39
2016-06-09,9535.88
2016-06-10,9408.34
2016-06-13,9324.03
2016-06-14,9309.09
2016-06-15,9309.68
2016-06-16,9328.88
2016-06-17,9274.33
2016-06-20,9365.69
2016-06-21,9370.9
2016-06-22,9353.52
2016-06-23,9485.38
2016-06-24,9130.55
2016-06-27,8926.89
2016-06-28,9112.05
2016-06-29,9291.32
2016-06-30,9407.22
2016-07-01,9418.15
2016-07-05,9370.45
2016-07-06,9432.76
2016-07-07,9446.82
2016-07-08,9623.7
2016-07-11,9659.51
2016-07-12,9722.86
2016-07-13,9707.55
2016-07-14,9758.61
2016-07-15,9738.85
2016-07-18,9768.01
2016-07-19,9740.76
2016-07-20,9819.6
2016-07-21,9772.98
2016-07-22,9843.64
2016-07-25,9849.85
2016-07-26,9853.27
2016-07-27,9818.14
2016-07-28,9882.97
2016-07-29,9870.98
2016-08-01,9866.97
2016-08-02,9777.63
2016-08-03,9804.62
2016-08-04,9800.16
2016-08-05,9887.91
2016-08-08,9852.21
2016-08-09,9867.48
2016-08-10,9858.72
2016-08-11,9892.34
2016-08-12,9896.16
2016-08-15,9932.13
2016-08-16,9838.8
2016-08-17,9837.55
2016-08-18,9863.83
2016-08-19,9888.71
2016-08-22,9905.37
2016-08-23,9953.04
2016-08-24,9882.25
2016-08-25,9861.92
2016-08-26,9835.7
2016-08-29,9862.3
2016-08-30,9841.47
2016-08-31,9818.51
2016-09-01,9836.19
2016-09-02,9875.39
2016-09-06,9887.3
2016-09-07,9895.26
2016-09-08,9835.67
2016-09-09,9563.94
2016-09-12,9708.31
2016-09-13,9569.78
2016-09-14,9585.18
2016-09-15,9702.03
2016-09-16,9653.51
2016-09-19,9668.08
2016-09-20,9649.79
2016-09-21,9766.8
2016-09-22,9841.32
2016-09-23,9788.3
2016-09-26,9728.44
2016-09-27,9819.43
2016-09-28,9844.2
2016-09-29,9752.22
2016-09-30,9806.85
2016-10-03,9764.04
2016-10-04,9725.02
2016-10-05,9745.03
2016-10-06,9765.87
2016-10-07,9699.2
2016-10-10,9756.66
2016-10-11,9597.57
2016-10-12,9618.29
2016-10-13,9597.68
2016-10-14,9610.05
2016-10-17,9569.23
2016-10-18,9663.83
2016-10-19,9691.16
2016-10-20,9673.12
2016-10-21,9694.75
2016-10-24,9774.02
2016-10-25,9680.71
2016-10-26,9633.35
2016-10-27,9537.4
2016-10-28,9547.92
2016-10-31,9560.7
2016-11-01,9468.8
2016-11-02,9401.44
2016-11-03,9366.91
2016-11-04,9375.97
2016-11-07,9585.39
2016-11-08,9631.63
2016-11-09,9612.77
2016-11-10,9571
2016-11-11,9586.68
2016-11-14,9539.65
2016-11-15,9643.34
2016-11-16,9674.96
2016-11-17,9765.45
2016-11-18,9726.85
2016-11-21,9799.92
2016-11-22,9833.11
2016-11-23,9841.77
2016-11-25,9869.24
2016-11-28,9805.36
2016-11-29,9833.12
2016-11-30,9712.89
2016-12-01,9555.61
2016-12-02,9595.17
2016-12-05,9689.18
2016-12-06,9716.36
2016-12-07,9841.98
2016-12-08,9877.15
2016-12-09,9896.14
2016-12-12,9840.39
2016-12-13,9905.68
2016-12-14,9834.49
2016-12-15,9872.68
2016-12-16,9855
2016-12-19,9868.42
2016-12-20,9914.02
2016-12-21,9881.83
2016-12-22,9820.28
2016-12-23,9848.26
2016-12-27,9896.61
2016-12-28,9790.74
2016-12-29,9805.85
2016-12-30,9742.35
2017-01-03,9798.1
2017-01-04,9899.65
2017-01-05,9876.71
2017-01-06,9905.71
2017-01-09,9879.86
2017-01-10,9898.36
2017-01-11,9923.18
2017-01-12,9909.1
2017-01-13,9942.41
2017-01-17,9903.94
2017-01-18,9953.01
2017-01-19,9925.45
2017-01-20,9965.95
2017-01-23,9947.64
2017-01-24,10052.69
2017-01-25,10110.93
2017-01-26,10086.5
2017-01-27,10096.71
2017-01-30,10036.18
2017-01-31,10027.04
2017-02-01,10023.29
2017-02-02,10053.11
2017-02-03,10118.96
2017-02-06,10117.02
2017-02-07,10107.32
2017-02-08,10131.29
2017-02-09,10181.66
2017-02-10,10221.04
2017-02-13,10238.71
2017-02-14,10249.63
2017-02-15,10302.66
2017-02-16,10295.9
2017-02-17,10315.49
2017-02-21,10408.1
2017-02-22,10393.43
2017-02-23,10318.61
2017-02-24,10365.42
2017-02-27,10392.16
2017-02-28,10335.06
2017-03-01,10460.17
2017-03-02,10390.02
2017-03-03,10402.59
2017-03-06,10362.79
2017-03-07,10336.36
2017-03-08,10333.1
2017-03-09,10323.51
2017-03-10,10385.65
2017-03-13,10429.23
2017-03-14,10378.7
2017-03-15,10492.37
2017-03-16,10471.45
2017-03-17,10495.15
2017-03-20,10479
2017-03-21,10321.19
2017-03-22,10371.29
2017-03-23,10363.74
2017-03-24,10371.44
2017-03-27,10359.26
2017-03-28,10436.9
2017-03-29,10458.97
2017-03-30,10494.3
2017-03-31,10489.33
2017-04-03,10454.9
2017-04-04,10427.61
2017-04-05,10385.62
2017-04-06,10435.21
2017-04-07,10450.8
2017-04-10,10455.92
2017-04-11,10443.75
2017-04-12,10361.8
2017-04-13,10303.3
2017-04-17,10403.02
2017-04-18,10390.75
2017-04-19,10438.04
2017-04-20,10531.15
2017-04-21,10513.82
2017-04-24,10628.77
2017-04-25,10707.07
2017-04-26,10718.17
2017-04-27,10742.97
2017-04-28,10696.57
2017-05-01,10731.05
2017-05-02,10776.57
2017-05-03,10708
2017-05-04,10734.86
2017-05-05,10787.65
2017-05-08,10747.74
2017-05-09,10776.56
2017-05-10,10847.24
2017-05-11,10834.1
2017-05-12,10803.63
2017-05-15,10888.24
2017-05-16,10877.07
2017-05-17,10653.15
2017-05-18,10738.2
2017-05-19,10824.19
2017-05-22,10909.67
2017-05-23,10902.08
2017-05-24,10935.39
2017-05-25,11023.85
2017-05-26,11029.21
2017-05-30,11025.35
2017-05-31,11036.96
2017-06-01,11125.94
2017-06-02,11202.73
2017-06-05,11197.35
2017-06-06,11159.3
2017-06-07,11202.45
2017-06-08,11229.27
2017-06-09,11102.15
2017-06-12,11065.48
2017-06-13,11137.55
2017-06-14,11090.79
2017-06-15,11066.16
2017-06-16,11067.94
2017-06-19,11204.2
2017-06-20,11112.12
2017-06-21,11153.2
2017-06-22,11148.72
2017-06-23,11193.14
2017-06-26,11174.44
2017-06-27,11039.4
2017-06-28,11163.47
2017-06-29,11024.36
2017-06-30,11039.82
2017-07-03,11007.7
2017-07-05,11076.6
2017-07-06,10976.21
2017-07-07,11093.62
2017-07-10,11117.14
2017-07-11,11111.78
2017-07-12,11244.84
2017-07-13,11239.83
2017-07-14,11319.29
2017-07-17,11323.97
2017-07-18,11356.82
2017-07-19,11445.96
2017-07-20,11455.6
2017-07-21,11465.63
2017-07-24,11457.03
2017-07-25,11473.08
2017-07-26,11496.21
2017-07-27,11427.67
2017-07-28,11454.02
2017-07-31,11404.96
2017-08-01,11410.6
2017-08-02,11366.7
2017-08-03,11358.13
2017-08-04,11378.64
2017-08-07,11443.88
2017-08-08,11409.25
2017-08-09,11394.26
2017-08-10,11173.79
2017-08-11,11205.26
2017-08-14,11358.62
2017-08-15,11335.14
2017-08-16,11382.99
2017-08-17,11196.87
2017-08-18,11197.25
2017-08-21,11196.51
2017-08-22,11336.48
2017-08-23,11296.24
2017-08-24,11279.43
2017-08-25,11260.15
2017-08-28,11284.33
2017-08-29,11300.5
2017-08-30,11427.78
2017-08-31,11515.02
2017-09-01,11530.32
2017-09-05,11455.7
2017-09-06,11465.71
2017-09-07,11508.11
2017-09-08,11495.05
2017-09-11,11613.51
2017-09-12,11631.54
2017-09-13,11617.46
2017-09-14,11610.07
2017-09-15,11640.98
2017-09-18,11697.96
2017-09-19,11686.34
2017-09-20,11674.95
2017-09-21,11620.47
2017-09-22,11642.1
2017-09-25,11531.97
2017-09-26,11530.85
2017-09-27,11651.22
2017-09-28,11681.89
2017-09-29,11764.1
2017-10-02,11801.45
2017-10-03,11826.67
2017-10-04,11858.17
2017-10-05,11911.41
2017-10-06,11925.54
2017-10-09,11907.2
2017-10-10,11916.76
2017-10-11,11944.87
2017-10-12,11951.23
2017-10-13,11978.02
2017-10-16,11989.92
2017-10-17,12006.17
2017-10-18,12031.6
2017-10-19,12041.55
2017-10-20,12114.59
2017-10-23,12061.34
2017-10-24,12097.07
2017-10-25,12024.62
2017-10-26,12047.44
2017-10-27,12158.81
2017-10-30,12133.07
2017-10-31,12174.37
2017-11-01,12139.56
2017-11-02,12134.94
2017-11-03,12198.98
2017-11-06,12245.86
2017-11-07,12218.14
2017-11-08,12255.91
2017-11-09,12156.62
2017-11-10,12198.12
2017-11-13,12239.16
2017-11-14,12236.09
2017-11-15,12147.01
2017-11-16,12311.16
2017-11-17,12284.22
2017-11-20,12320.15
2017-11-21,12415.93
2017-11-22,12375.46
2017-11-24,12410.57
2017-11-27,12376.49
2017-11-28,12477.91
2017-11-29,12356.24
2017-11-30,12461.77
2017-12-01,12368.29
2017-12-04,12251.34
2017-12-05,12217.83
2017-12-06,12240.99
2017-12-07,12347.47
2017-12-08,12400.77
2017-12-11,12388.09
2017-12-12,12354.01
2017-12-13,12338.68
2017-12-14,12287.86
2017-12-15,12413.35
2017-12-18,12499.61
2017-12-19,12454.84
2017-12-20,12447.62
2017-12-21,12403.09
2017-12-22,12396.6
2017-12-26,12369.36
2017-12-27,12404.57
2017-12-28,12441.26
2017-12-29,12349.2
2018-01-02,12479.54
2018-01-03,12654.08
2018-01-04,12676.91
2018-01-05,12810.82
2018-01-08,12889.74
2018-01-09,12920.09
2018-01-10,12848.3
2018-01-11,12940.28
2018-01-12,13037.92
2018-01-16,12992.44
2018-01-17,13187.84
2018-01-18,13199.16
2018-01-19,13273.11
2018-01-22,13364.37
2018-01-23,13454.82
2018-01-24,13424.63
2018-01-25,13425.77
2018-01-26,13601.42
2018-01-29,13474.57
2018-01-30,13339.53
2018-01-31,13378.59
2018-02-01,13367.19
2018-02-02,13095.74
2018-02-05,12575.34
2018-02-06,12816.2
2018-02-07,12719.47
2018-02-08,12193.51
2018-02-09,12400.96
2018-02-12,12605.21
2018-02-13,12643.55
2018-02-14,12871.54
2018-02-15,13059.59
2018-02-16,13073.32
2018-02-20,13092.14
2018-02-21,13031.97
2018-02-22,13024.94
2018-02-23,13244.08
2018-02-26,13369.8
2018-02-27,13236.16
2018-02-28,13140.04
2018-03-01,12956.26
2018-03-02,13098.41
2018-03-05,13245.98
2018-03-06,13345.76
2018-03-07,13394.27
2018-03-08,13447.75
2018-03-09,13727
2018-03-12,13730.07
2018-03-13,13642.08
2018-03-14,13609.94
2018-03-15,13587.28
2018-03-16,13601.1
2018-03-19,13417.59
2018-03-20,13503.51
2018-03-21,13469.81
2018-03-22,13105.73
2018-03-23,12793.18
2018-03-26,13186.04
2018-03-27,12854.29
2018-03-28,12720.24
2018-03-29,12947.59
2018-04-02,12616.87
2018-04-03,12754.64
2018-04-04,12922.86
2018-04-05,12976.5
2018-04-06,12642.93
2018-04-09,12714.31
2018-04-10,12952.72
2018-04-11,12893.39
2018-04-12,13032.53
2018-04-13,12967.63
2018-04-16,13081.22
2018-04-17,13330.61
2018-04-18,13361.74
2018-04-19,13170.48
2018-04-20,13074.5
2018-04-23,13027.66
2018-04-24,12808.72
2018-04-25,12808.27
2018-04-26,13002.19
2018-04-27,12973.48
2018-04-30,12879.77
2018-05-01,12997.52
2018-05-02,12919.3
2018-05-03,12944.2
2018-05-04,13129.98
2018-05-07,13206.26
2018-05-08,13232.17
2018-05-09,13363.91
2018-05-10,13523.74
2018-05-11,13554.58
2018-05-14,13535.49
2018-05-15,13393.02
2018-05-16,13462.49
2018-05-17,13438.41
2018-05-18,13436.29
2018-05-21,13525.73
2018-05-22,13463.59
2018-05-23,13563.97
2018-05-24,13576.09
2018-05-25,13576.48
2018-05-29,13479.53
2018-05-30,13607.93
2018-05-31,13501.3
2018-06-01,13700.92
2018-06-04,13781.76
2018-06-05,13837.63
2018-06-06,13956.61
2018-06-07,13852.41
2018-06-08,13936.35
2018-06-11,13949.62
2018-06-12,14063.57
2018-06-13,14023.96
2018-06-14,14115.69
2018-06-15,14101.88
2018-06-18,14093.23
2018-06-19,14003.34
2018-06-20,14059.08
2018-06-21,13946.45
2018-06-22,13859.39
2018-06-25,13558.61
2018-06-26,13626.91
2018-06-27,13393.97
2018-06-28,13505.68
2018-06-29,13557.01
2018-07-02,13627.26
2018-07-03,13518.81
2018-07-05,13667.38
2018-07-06,13807.94
2018-07-09,13926.59
2018-07-10,13960.86
2018-07-11,13877.16
2018-07-12,14053.85
2018-07-13,14046.34
2018-07-16,14000.34
2018-07-17,14115.55
2018-07-18,14163.04
2018-07-19,14080.82
2018-07-20,14047.87
2018-07-23,14056.69
2018-07-24,14008.34
2018-07-25,14196.13
2018-07-26,14135.93
2018-07-27,13928.48
2018-07-30,13663.71
2018-07-31,13744.38
2018-08-01,13740.36
2018-08-02,13879.02
2018-08-03,13884.8
2018-08-06,13956.12
2018-08-07,14006.46
2018-08-08,13993.61
2018-08-09,13992.91
2018-08-10,13882.69
2018-08-13,13818.84
2018-08-14,13911.94
2018-08-15,13754.73
2018-08-16,13826.73
2018-08-17,13822.02
2018-08-20,13860.81
2018-08-21,13938.6
2018-08-22,13971.15
2018-08-23,13954.62
2018-08-24,14100.16
2018-08-27,14224.77
2018-08-28,14256.51
2018-08-29,14354.08
2018-08-30,14282.54
2018-08-31,14299.13
2018-09-04,14295.07
2018-09-05,14101.42
2018-09-06,14033.38
2018-09-07,14000.78
2018-09-10,14062.85
2018-09-11,14118.98
2018-09-12,14120.42
2018-09-13,14222.7
2018-09-14,14261.03
2018-09-17,14062.09
2018-09-18,14177.62
2018-09-19,14123.76
2018-09-20,14232.63
2018-09-21,14196.13
2018-09-24,14215.36
2018-09-25,14222.6
2018-09-26,14173.88
2018-09-27,14210.54
2018-09-28,14239.87
2018-10-01,14239.19
2018-10-02,14144.96
2018-10-03,14144.55
2018-10-04,13889.06
2018-10-05,13740.88
2018-10-08,13597.6
2018-10-09,13571.48
2018-10-10,13006.02
2018-10-11,12797.97
2018-10-12,13105.29
2018-10-15,12965.02
2018-10-16,13385.33
2018-10-17,13368.7
2018-10-18,13090.12
2018-10-19,12946.49
2018-10-22,12958.37
2018-10-23,12907.92
2018-10-24,12392.9
2018-10-25,12638.02
2018-10-26,12375.73
2018-10-29,12287.24
2018-10-30,12536.69
2018-10-31,12777.22
2018-11-01,13026.29
2018-11-02,12963.91
2018-11-05,12937.04
2018-11-06,12976.57
2018-11-07,13321.81
2018-11-08,13289.76
2018-11-09,13097.42
2018-11-12,12707.73
2018-11-13,12712.74
2018-11-14,12608.89
2018-11-15,12800.68
2018-11-16,12790.4
2018-11-19,12363.89
2018-11-20,12245.14
2018-11-21,12343.03
2018-11-23,12325.84
2018-11-26,12564.47
2018-11-27,12569.2
2018-11-28,12968.62
2018-11-29,12932.47
2018-11-30,13031.96
2018-12-03,13247.5
2018-12-04,12736.97
2018-12-06,12752.63
2018-12-07,12365.22
2018-12-10,12457.58
2018-12-11,12470.4
2018-12-12,12594.31
2018-12-13,12543.96
2018-12-14,12296.87
2018-12-17,12009.43
2018-12-18,12078.34
2018-12-19,11853.01
2018-12-20,11647.37
2018-12-21,11376.76
2018-12-24,11054.41
2018-12-26,11630.11
2018-12-27,11730.53
2018-12-28,11704.32
2018-12-31,11828.6
2019-01-02,11779.44
2019-01-03,11537.26
2019-01-04,11946.81
2019-01-07,12088.1
2019-01-08,12219.41
2019-01-09,12301.34
2019-01-10,12400.88
2019-01-11,12412.06
2019-01-14,12320.12
2019-01-15,12500.16
2019-01-16,12481.99
2019-01-17,12595.76
2019-01-18,12765.46
2019-01-22,12597.71
2019-01-23,12583.25
2019-01-24,12597.66
2019-01-25,12731.98
2019-01-28,12634.39
2019-01-29,12625.75
2019-01-30,12825.1
2019-01-31,12920.23
2019-02-01,12971.74
2019-02-04,13074.54
2019-02-05,13097.73
2019-02-06,13065.46
2019-02-07,12939.22
2019-02-08,12994.69
2019-02-11,13056.36
2019-02-12,13209.72
2019-02-13,13265.55
2019-02-14,13290.7
2019-02-15,13434.31
2019-02-19,13439.12
2019-02-20,13464.21
2019-02-21,13413.43
2019-02-22,13518.54
2019-02-25,13489.15
2019-02-26,13481.34
2019-02-27,13493.37
2019-02-28,13494.06
2019-03-01,13596.86
2019-03-04,13487.46
2019-03-05,13445.77
2019-03-06,13332.39
2019-03-07,13243.24
2019-03-08,13158.77
2019-03-11,13342.26
2019-03-12,13404.49
2019-03-13,13536.91
2019-03-14,13508.39
2019-03-15,13590.61
2019-03-18,13647.69
2019-03-19,13638.01
2019-03-20,13629.77
2019-03-21,13823.75
2019-03-22,13540.6
2019-03-25,13585.76
2019-03-26,13690.55
2019-03-27,13630.01
2019-03-28,13708.39
2019-03-29,13790.88
2019-04-01,13942.77
2019-04-02,13925.86
2019-04-03,13954.21
2019-04-04,13923.42
2019-04-05,14021.25
2019-04-08,14031.44
2019-04-09,13959.33
2019-04-10,14046.58
2019-04-11,14042.35
2019-04-12,14141.18
2019-04-15,14114.79
2019-04-16,14067.63
2019-04-17,13947.24
2019-04-18,13987.94
2019-04-22,14045.5
2019-04-23,14183.84
2019-04-24,14202.54
2019-04-25,14132.52
2019-04-26,14184.03
2019-04-29,14159.89
2019-04-30,14196.62
2019-05-01,14027.97
2019-05-02,14036.61
2019-05-03,14159
2019-05-06,14123.81
2019-05-07,13895.11
2019-05-08,13908.58
2019-05-09,13893.52
2019-05-10,13950.6
2019-05-13,13615.18
2019-05-14,13762.7
2019-05-15,13817.17
2019-05-16,13959.81
2019-05-17,13860.29
2019-05-20,13772.03
2019-05-21,13930.19
2019-05-22,13887.61
2019-05-23,13658.86
2019-05-24,13659.32
2019-05-28,13576.16
2019-05-29,13460.26
2019-05-30,13547.36
2019-05-31,13399.04
2019-06-03,13367.06
2019-06-04,13652.8
2019-06-05,13797.2
2019-06-06,13879.62
2019-06-07,14017.99
2019-06-10,14044.42
2019-06-11,13999.16
2019-06-12,13984.39
2019-06-13,14017.17
2019-06-14,13962.59
2019-06-17,13964.4
2019-06-18,14083.09
2019-06-19,14181.93
2019-06-20,14322.14
2019-06-21,14279.1
2019-06-24,14241.3
2019-06-25,14110.89
2019-06-26,14087.19
2019-06-27,14156.92
2019-06-28,14264.89
2019-07-01,14375.24
2019-07-02,14362.52
2019-07-03,14495.67
2019-07-05,14486.56
2019-07-08,14417.54
2019-07-09,14433.68
2019-07-10,14511.05
2019-07-11,14554.84
2019-07-12,14623.61
2019-07-15,14604.25
2019-07-16,14538.62
2019-07-17,14482.95
2019-07-18,14515.73
2019-07-19,14411.13
2019-07-22,14432.6
2019-07-23,14492.69
2019-07-24,14588.37
2019-07-25,14489.46
2019-07-26,14589.89
2019-07-29,14532.55
2019-07-30,14523.89
2019-07-31,14373.1
2019-08-01,14283.39
2019-08-02,14175.9
2019-08-05,13748.59
2019-08-06,13961.36
2019-08-07,13997.2
2019-08-08,14327.09
2019-08-09,14227.78
2019-08-12,14042.52
2019-08-13,14233.32
2019-08-14,13811.55
2019-08-15,13858.69
2019-08-16,14044.74
2019-08-19,14208.51
2019-08-20,14098.14
2019-08-21,14212.55
2019-08-22,14221.34
2019-08-23,13865.65
2019-08-26,14011.05
2019-08-27,13974.66
2019-08-28,14057.16
2019-08-29,14251.79
2019-08-30,14158.7
2019-09-03,14066.38
2019-09-04,14185.56
2019-09-05,14356.91
2019-09-06,14349.21
2019-09-09,14271.99
2019-09-10,14202.39
2019-09-11,14267.24
2019-09-12,14280.1
2019-09-13,14290.17
2019-09-16,14378.56
2019-09-17,14403.79
2019-09-18,14376.05
2019-09-19,14368.2
2019-09-20,14322.21
2019-09-23,14318.51
2019-09-24,14172.45
2019-09-25,14233.82
2019-09-26,14226.36
2019-09-27,14114.65
2019-09-30,14196.1
2019-10-01,14019.87
2019-10-02,13778.76
2019-10-03,13905.19
2019-10-04,14061.66
2019-10-07,13983.8
2019-10-08,13722.47
2019-10-09,13859.89
2019-10-10,13927.59
2019-10-11,14104.61
2019-10-14,14068.86
2019-10-15,14186.06
2019-10-16,14115.72
2019-10-17,14186.25
2019-10-18,14128.43
2019-10-21,14220.42
2019-10-22,14143.62
2019-10-23,14200.94
2019-10-24,14240.06
2019-10-25,14253.29
2019-10-28,14298.3
2019-10-29,14350.65
2019-10-30,14389
2019-10-31,14289.45
2019-11-01,14412.56
2019-11-04,14453.71
2019-11-05,14430.55
2019-11-06,14409.98
2019-11-07,14458.4
2019-11-08,14488.23
2019-11-11,14476.94
2019-11-12,14523.74
2019-11-13,14540.1
2019-11-14,14584.37
2019-11-15,14724.96
2019-11-18,14720.25
2019-11-19,14775.8
2019-11-20,14760.36
2019-11-21,14710.09
2019-11-22,14715.75
2019-11-25,14828.45
2019-11-26,14874
2019-11-27,14952.39
2019-11-29,14895.52
2019-12-02,14753.36
2019-12-03,14691.53
2019-12-04,14777.45
2019-12-05,14768.57
2019-12-06,14923.88
2019-12-09,14837
2019-12-10,14823.31
2019-12-11,14877.73
2019-12-12,15000.97
2019-12-13,15000.18
2019-12-16,15101.63
2019-12-17,15092.15
2019-12-18,15123.08
2019-12-19,15197.14
2019-12-20,15299.29
2019-12-23,15275.64
2019-12-24,15301.56
2019-12-26,15348
2019-12-27,15330.86
2019-12-30,15233.14
2019-12-31,15257.27
2020-01-02,15418.11
2020-01-03,15314.27
2020-01-06,15329.29
2020-01-07,15362.81
2020-01-08,15436
2020-01-09,15536.29
2020-01-10,15485.59
2020-01-13,15628.26
2020-01-14,15609.97
2020-01-15,15647.1
2020-01-16,15817.87
2020-01-17,15882.02
2020-01-21,15859.96
2020-01-22,15887.49
2020-01-23,15946.4
2020-01-24,15761.27
2020-01-27,15470.93
2020-01-28,15719.06
2020-01-29,15664.27
2020-01-30,15727.55
2020-01-31,15382.85
2020-02-03,15560.27
2020-02-04,15859.67
2020-02-05,15931.22
2020-02-06,15968.77
2020-02-07,15810.79
2020-02-10,15958.55
2020-02-11,16032.62
2020-02-12,16176.77
2020-02-13,16226.61
2020-02-14,16293.6
2020-02-18,16229.97
2020-02-19,16373.53
2020-02-20,16249.36
2020-02-21,15971.43
2020-02-24,15440.09
2020-02-25,14956.3
2020-02-26,14916.61
2020-02-27,14354.28
2020-02-28,14323.29
2020-03-02,14889.99
2020-03-03,14501.55
2020-03-04,15132.97
2020-03-05,14577.35
2020-03-06,14228.72
2020-03-09,13068.19
2020-03-10,13776.18
2020-03-11,13028.86
2020-03-12,11782.88
2020-03-13,12756.85
2020-03-16,11050.41
2020-03-17,11580.1
2020-03-18,10774.35
2020-03-19,11065.21
2020-03-20,10599.25
2020-03-23,10388.98
2020-03-24,11566.71
2020-03-25,11829.56
2020-03-26,12545.53
2020-03-27,11980.28
2020-03-30,12331.28
2020-03-31,12094.23
2020-04-01,11500.46
2020-04-02,11693.63
2020-04-03,11468.63
2020-04-06,12487.36
2020-04-07,12518.03
2020-04-08,13016.36
2020-04-09,13152.17
2020-04-13,12994.23
2020-04-14,13451.17
2020-04-15,13140.14
2020-04-16,13225.63
2020-04-17,13655.19
2020-04-20,13393.79
2020-04-21,12914.69
2020-04-22,13341.09
2020-04-23,13336.59
2020-04-24,13557.82
2020-04-27,13808.29
2020-04-28,13783.63
2020-04-29,14312.26
2020-04-30,14097.61
2020-05-01,13664.13
2020-05-04,13770.86
2020-05-05,13970.95
2020-05-06,13947.86
2020-05-07,14210.09
2020-05-08,14452.81
2020-05-11,14477.23
2020-05-12,14137.8
2020-05-13,13864.4
2020-05-14,14068.12
2020-05-15,14142.3
2020-05-18,14653.42
2020-05-19,14590.73
2020-05-20,14852.73
2020-05-21,14740.61
2020-05-22,14822.44
2020-05-26,14929.26
2020-05-27,15115.34
2020-05-28,15089.1
2020-05-29,15267.86
2020-06-01,15360.48
2020-06-02,15461.35
2020-06-03,15685.28
2020-06-04,15517.19
2020-06-05,15965.62
2020-06-08,16037.12
2020-06-09,15943.08
2020-06-10,15915.75
2020-06-11,14955.2
2020-06-12,15187.89
2020-06-15,15403.8
2020-06-16,15711.29
2020-06-17,15726.47
2020-06-18,15729.25
2020-06-19,15706.91
2020-06-22,15855.42
2020-06-23,15832.82
2020-06-24,15367.54
2020-06-25,15524.02
2020-06-26,15205.29
2020-06-29,15399.28
2020-06-30,15676.82
2020-07-01,15731.62
2020-07-02,15834.19
2020-07-06,16104.85
2020-07-07,15938.97
2020-07-08,16110.35
2020-07-09,16062.72
2020-07-10,16112.62
2020-07-13,15774.4
2020-07-14,16042.14
2020-07-15,16271.4
2020-07-16,16188.26
2020-07-17,16311.78
2020-07-20,16538.18
2020-07-21,16493
2020-07-22,16655.26
2020-07-23,16432.67
2020-07-24,16305.49
2020-07-27,16559.29
2020-07-28,16321.65
2020-07-29,16617.79
2020-07-30,16618.77
2020-07-31,16701.87
2020-08-03,16818.76
2020-08-04,16880.01
2020-08-05,16987.27
2020-08-06,17021.74
2020-08-07,16950.83
2020-08-10,16907
2020-08-11,16767
2020-08-12,17029.1
2020-08-13,17087.91
2020-08-14,17062.18
2020-08-17,17232.66
2020-08-18,17229.89
2020-08-19,17151.44
2020-08-20,17205.41
2020-08-21,17211.35
2020-08-24,17323.16
2020-08-25,17420.93
2020-08-26,17630.1
2020-08-27,17558.12
2020-08-28,17682.02
2020-08-31,17635.58
2020-09-01,17850.75
2020-09-02,18160.08
2020-09-03,17403.6
2020-09-04,17131.01
2020-09-08,16683.71
2020-09-09,17027.78
2020-09-10,16763.04
2020-09-11,16753.2
2020-09-14,17038.06
2020-09-15,17191.78
2020-09-16,17111.18
2020-09-17,16968.52
2020-09-18,16792
2020-09-21,16656.03
2020-09-22,16885.69
2020-09-23,16491.82
2020-09-24,16532.81
2020-09-25,16828.94
2020-09-28,17140.9
2020-09-29,17115.17
2020-09-30,17168.43
2020-10-01,17358.25
2020-10-02,17164.01
2020-10-05,17495.56
2020-10-06,17269.04
2020-10-07,17593.98
2020-10-08,17772.86
2020-10-09,17952.11
2020-10-12,18179.87
2020-10-13,18178.97
2020-10-14,18084.61
2020-10-15,18062.96
2020-10-16,18038.79
2020-10-19,17787.93
2020-10-20,17842.49
2020-10-21,17733.93
2020-10-22,17757.79
2020-10-23,17919.4
2020-10-26,17536.03
2020-10-27,17449.71
2020-10-28,16897.65
2020-10-29,17130.07
2020-10-30,16864.12
2020-11-02,17102.9
2020-11-03,17456.97
2020-11-04,18003.16
2020-11-05,18386.61
2020-11-06,18440.15
2020-11-09,18376.67
2020-11-10,18124.66
2020-11-11,18405.08
2020-11-12,18184.73
2020-11-13,18433.01
2020-11-16,18637.53
2020-11-17,18587.25
2020-11-18,18457.93
2020-11-19,18602.67
2020-11-20,18493.81
2020-11-23,18640.36
2020-11-24,18801
2020-11-25,18804.78
2020-11-27,18947.85
2020-11-30,18921.38
2020-12-01,19134.12
2020-12-02,19045.51
2020-12-03,19136.63
2020-12-04,19387.34
2020-12-07,19429.32
2020-12-08,19453.06
2020-12-09,19142.7
2020-12-10,19190.41
2020-12-11,19143.14
2020-12-14,19195.44
2020-12-15,19406.12
2020-12-16,19474.43
2020-12-17,19653.13
2020-12-18,19743.94
2020-12-21,19618.61
2020-12-22,19756.22
2020-12-23,19600.49
2020-12-24,19668.89
2020-12-28,19621.92
2020-12-29,19557.83
2020-12-30,19671.62
2020-12-31,19782.49
2021-01-04,19531.73
2021-01-05,19736.69
2021-01-06,19681.75
2021-01-07,20263.79
2021-01-08,20505.43
2021-01-11,20338.01
2021-01-12,20394.46
2021-01-13,20312.87
2021-01-14,20265.85
2021-01-15,20108.91
2021-01-19,20444.04
2021-01-20,20678.54
2021-01-21,20677.14
2021-01-22,20653.72
2021-01-25,20669.97
2021-01-26,20451.74
2021-01-27,19699.39
2021-01-28,20032.37
2021-01-29,19671.46
2021-02-01,20160.66
2021-02-02,20506.08
2021-02-03,20275.28
2021-02-04,20606.62
2021-02-05,20719.8
2021-02-08,20939.31
2021-02-09,20938.16
2021-02-10,20919.26
2021-02-11,21100.92
2021-02-12,21365.63
2021-02-16,21274.96
2021-02-17,21072.65
2021-02-18,20894.88
2021-02-19,21008.92
2021-02-22,20325.18
2021-02-23,20230.71
2021-02-24,20528.62
2021-02-25,19755.09
2021-02-26,19985.44
2021-03-01,20564.29
2021-03-02,20153.2
2021-03-03,19375.55
2021-03-04,18766.75
2021-03-05,19023.77
2021-03-08,18407.75
2021-03-09,19193.29
2021-03-10,19149.67
2021-03-11,19771.77
2021-03-12,19615.65
2021-03-15,19936.88
2021-03-16,19823.97
2021-03-17,19864.63
2021-03-18,19293.58
2021-03-19,19489.05
2021-03-22,19776.27
2021-03-23,19582.65
2021-03-24,19220.49
2021-03-25,19202.12
2021-03-26,19721.55
2021-03-29,19549.73
2021-03-30,19561.31
2021-03-31,19946.87
2021-04-01,20323.3
2021-04-05,20574.37
2021-04-06,20613.52
2021-04-07,20521.85
2021-04-08,20825.71
2021-04-09,20975.92
2021-04-12,20972.35
2021-04-13,21166.88
2021-04-14,20960.98
2021-04-15,21319.07
2021-04-16,21348.68
2021-04-19,21076.35
2021-04-20,20900.49
2021-04-21,21180.65
2021-04-22,21055.08
2021-04-23,21435.59
2021-04-26,21599.7
2021-04-27,21486.12
2021-04-28,21378.58
2021-04-29,21308.8
2021-04-30,20991.69
2021-05-03,20855.77
2021-05-04,20506.72
2021-05-05,20497.92
2021-05-06,20419.37
2021-05-07,20670.36
2021-05-10,20133.99
2021-05-11,20136.46
2021-05-12,19502.88
2021-05-13,19632.25
2021-05-14,20112.22
2021-05-17,19944.22
2021-05-18,19854.49
2021-05-19,19929.02
2021-05-20,20366.55
2021-05-21,20295.24
2021-05-24,20543.61
2021-05-25,20572.42
2021-05-26,20665.08
2021-05-27,20713.63
2021-05-28,20795.66
2021-06-01,20671.12
2021-06-02,20689.68
2021-06-03,20488.24
2021-06-04,20814.32
2021-06-07,20784.83
2021-06-08,20858.22
2021-06-09,20814.17
2021-06-10,21081.17
2021-06-11,21155.94
2021-06-14,21343.55
2021-06-15,21206.1
2021-06-16,21174.7
2021-06-17,21483.99
2021-06-18,21335.62
2021-06-21,21546.05
2021-06-22,21746.87
2021-06-23,21801.67
2021-06-24,21988.56
2021-06-25,22015.95
2021-06-28,22350.04
2021-06-29,22451.28
2021-06-30,22394.16
2021-07-01,22431.62
2021-07-02,22613.2
2021-07-06,22670.51
2021-07-07,22677.88
2021-07-08,22498.58
2021-07-09,22748.09
2021-07-12,22862.29
2021-07-13,22760.45
2021-07-14,22643.27
2021-07-15,22486.5
2021-07-16,22350.42
2021-07-19,22229.13
2021-07-20,22593.07
2021-07-21,22849.1
2021-07-22,23081.47
2021-07-23,23388.13
2021-07-26,23300.23
2021-07-27,23082.54
2021-07-28,23291.01
2021-07-29,23472.17
2021-07-30,23553.65
2021-08-02,23573.09
2021-08-03,23789.51
2021-08-04,23998.76
2021-08-05,24019.92
2021-08-06,23989.75
2021-08-09,23995.29
2021-08-10,23814.09
2021-08-11,23781.58
2021-08-12,23871.38
2021-08-13,23915.63
2021-08-16,23897.89
2021-08-17,23662.71
2021-08-18,23469.3
2021-08-19,23650.2
2021-08-20,23912.04
2021-08-23,24221.21
2021-08-24,24295.13
2021-08-25,24433.48
2021-08-26,24329.3
2021-08-27,24624.04
2021-08-30,24854.06
2021-08-31,24761.85
2021-09-01,24824.68
2021-09-02,24945.09
2021-09-03,25047.08
2021-09-07,24911.05
2021-09-08,24832.65
2021-09-09,24744.8
2021-09-10,24669.84
2021-09-13,24408.41
2021-09-14,24413.86
2021-09-15,24602.3
2021-09-16,24735.46
2021-09-17,24522.45
2021-09-20,24058.3
2021-09-21,24139.49
2021-09-22,24430.03
2021-09-23,24764.26
2021-09-24,24750.62
2021-09-27,24416.82
2021-09-28,23638.54
2021-09-29,23574.36
2021-09-30,23441.71
2021-10-01,23564.32
2021-10-04,22988.87
2021-10-05,23343.59
2021-10-06,23443.77
2021-10-07,23729.46
2021-10-08,23478.4
2021-10-11,23315.81
2021-10-12,23374.59
2021-10-13,23532.6
2021-10-14,24003.31
2021-10-15,24090.23
2021-10-18,24388.75
2021-10-19,24571.74
2021-10-20,24601.31
2021-10-21,24874.78
2021-10-22,24935.21
2021-10-25,25149.84
2021-10-26,25100.81
2021-10-27,25058.06
2021-10-28,25529.29
2021-10-29,25795.48
2021-11-01,25904.22
2021-11-02,25981.45
2021-11-03,26058.58
2021-11-04,26496.22
2021-11-05,26348.59
2021-11-08,26533.47
2021-11-09,26418.41
2021-11-10,25930.6
2021-11-11,26218
2021-11-12,26559.04
2021-11-15,26496.82
2021-11-16,26896.86
2021-11-17,26733.41
2021-11-18,26793.5
2021-11-19,26917.91
2021-11-22,26494.76
2021-11-23,26223.14
2021-11-24,26406.99
2021-11-26,25936.37
2021-11-29,26461.16
2021-11-30,25871.78
2021-12-01,25298.85
2021-12-02,25586.7
2021-12-03,25002.32
